[
 {
  "id": "cars",
  "name": "Легковой",
  "group": "cars",
  "list": {
   "AC": [
    "378 GT Zagato",
    "Ace",
    "Aceca",
    "Cobra"
   ],
   "Acura": [
    "CL",
    "CSX",
    "EL",
    "ILX",
    "Integra",
    "Legend",
    "MDX",
    "NSX",
    "RDX",
    "RL",
    "RLX",
    "RSX",
    "SLX",
    "TL",
    "TLX",
    "TSX",
    "ZDX"
   ],
   "Adler": [
    "Diplomat",
    "Trumpf Junior"
   ],
   "Alfa Romeo": [
    "105/115",
    "145",
    "146",
    "147",
    "155",
    "156",
    "159",
    "164",
    "166",
    "1900",
    "2600",
    "33",
    "4C",
    "6",
    "6C",
    "75",
    "8C Competizione",
    "90",
    "Alfasud",
    "Alfetta",
    "Arna",
    "Brera",
    "Disco Volante",
    "Giulia",
    "Giulietta",
    "GT",
    "GTA Coupe",
    "GTV",
    "MiTo",
    "Montreal",
    "RZ",
    "Spider",
    "Sprint",
    "Stelvio",
    "SZ"
   ],
   "Alpina": [
    "B10",
    "B11",
    "B12",
    "B3",
    "B4",
    "B5",
    "B6",
    "B7",
    "B8",
    "B9",
    "C1",
    "C2",
    "D10",
    "D3",
    "D4",
    "D5",
    "Roadster",
    "XD3",
    "XD4"
   ],
   "Alpine": [
    "A110",
    "A310",
    "A610",
    "GTA"
   ],
   "AM General": [
    "HMMWV (Humvee)"
   ],
   "AMC": [
    "Eagle",
    "Hornet"
   ],
   "Apal": [
    "21541 Stalker"
   ],
   "Ariel": [
    "Atom"
   ],
   "Aro": [
    "10",
    "24"
   ],
   "Asia": [
    "Retona",
    "Rocsta",
    "Topic"
   ],
   "Aston Martin": [
    "Bulldog",
    "Cygnet",
    "DB AR1",
    "DB11",
    "DB5",
    "DB7",
    "DB9",
    "DBS",
    "DBX",
    "Lagonda",
    "One-77",
    "Rapide",
    "Tickford Capri",
    "V12 Vantage",
    "V12 Zagato",
    "V8 Vantage",
    "V8 Zagato",
    "Vanquish",
    "Virage"
   ],
   "Auburn": [
    "Speedster"
   ],
   "Austin": [
    "Allegro",
    "Ambassador",
    "FL2",
    "FX4",
    "Maestro",
    "Maxi",
    "Metro",
    "Mini",
    "Montego",
    "Princess",
    "Sprite"
   ],
   "Austin Healey": [
    "100",
    "3000"
   ],
   "Autobianchi": [
    "A 112"
   ],
   "BAIC": [
    "A1",
    "BJ2020",
    "BJ2026",
    "BJ212",
    "EU260",
    "EU5",
    "Jeep 2500",
    "Luba (XB624)"
   ],
   "Bajaj": [
    "Qute"
   ],
   "Baltijas Dzips": [
    "BD-1322"
   ],
   "Batmobile": [
    "1989",
    "2018"
   ],
   "BMW": [
    "02 (E10)",
    "1 серии",
    "1M",
    "2 серии",
    "2 серии Active Tourer",
    "2 серии Gran Tourer",
    "2000 C/CS",
    "3 серии",
    "3/15",
    "315",
    "3200",
    "321",
    "326",
    "327",
    "340",
    "4 серии",
    "5 серии",
    "501",
    "502",
    "503",
    "507",
    "6 серии",
    "600",
    "7 серии",
    "700",
    "8 серии",
    "E3",
    "E9",
    "i3",
    "i4",
    "i8",
    "iX",
    "iX3",
    "M2",
    "M3",
    "M4",
    "M5",
    "M6",
    "M8",
    "New Class",
    "X1",
    "X2",
    "X3",
    "X3 M",
    "X4",
    "X4 M",
    "X5",
    "X5 M",
    "X6",
    "X6 M",
    "X7",
    "Z1",
    "Z3",
    "Z3 M",
    "Z4",
    "Z4 M",
    "Z8"
   ],
   "Borgward": [
    "2000",
    "Hansa 1100"
   ],
   "Brabus": [
    "7.3S",
    "M V12",
    "ML 63 Biturbo",
    "SV12"
   ],
   "Brilliance": [
    "FRV (BS2)",
    "H230",
    "H530",
    "M1 (BS6)",
    "M2 (BS4)",
    "M3 (BC3)",
    "V3",
    "V5"
   ],
   "Bristol": [
    "Blenheim",
    "Blenheim Speedster",
    "Fighter"
   ],
   "Bufori": [
    "Geneva",
    "La Joya"
   ],
   "Bugatti": [
    "Chiron",
    "EB 110",
    "EB 112",
    "EB Veyron 16.4",
    "Type 55"
   ],
   "Buick": [
    "Cascada",
    "Century",
    "Electra",
    "Enclave",
    "Encore",
    "Envision",
    "Estate Wagon",
    "Excelle",
    "GL8",
    "GS",
    "LaCrosse",
    "LeSabre",
    "Limited",
    "Lucerne",
    "Park Avenue",
    "Rainer",
    "Reatta",
    "Regal",
    "Rendezvous",
    "Riviera",
    "Roadmaster",
    "Skyhawk",
    "Skylark",
    "Special",
    "Super",
    "Terraza",
    "Verano",
    "Wildcat"
   ],
   "BYD": [
    "E6",
    "F0",
    "F3",
    "F5",
    "F6",
    "F8 (S8)",
    "Flyer",
    "G3",
    "G6",
    "L3",
    "M6",
    "S6",
    "Song EV"
   ],
   "Byvin": [
    "BD132J (CoCo)",
    "BD326J (Moca)"
   ],
   "Cadillac": [
    "Allante",
    "ATS",
    "ATS-V",
    "BLS",
    "Brougham",
    "Catera",
    "CT4",
    "CT4-V",
    "CT5",
    "CT5-V",
    "CT6",
    "CTS",
    "CTS-V",
    "DeVille",
    "DTS",
    "Eldorado",
    "ELR",
    "Escalade",
    "Fleetwood",
    "LSE",
    "Series 62",
    "Seville",
    "Sixty Special",
    "SRX",
    "STS",
    "XLR",
    "XT4",
    "XT5",
    "XT6",
    "XTS"
   ],
   "Callaway": [
    "C12"
   ],
   "Carbodies": [
    "FX4"
   ],
   "Caterham": [
    "21",
    "CSR",
    "Seven"
   ],
   "Chana": [
    "Benni"
   ],
   "Changan": [
    "Alsvin V7",
    "Benni",
    "CM-8",
    "CS35",
    "CS35PLUS",
    "CS55",
    "CS75",
    "CX20",
    "Eado",
    "Raeton",
    "UNI-K",
    "Z-Shine"
   ],
   "ChangFeng": [
    "Flying",
    "SUV (CS6)"
   ],
   "Changhe": [
    "Ideal"
   ],
   "Chery": [
    "Amulet (A15)",
    "Arrizo 3",
    "Arrizo 7",
    "B13",
    "Bonus (A13)",
    "Bonus 3 (E3/A19)",
    "CrossEastar (B14)",
    "E5",
    "Fora (A21)",
    "IndiS (S18D)",
    "Karry",
    "Kimo (A1)",
    "M11 (A3)",
    "Oriental Son (B11)",
    "QQ6 (S21)",
    "QQme",
    "Sweet (QQ)",
    "Tiggo (T11)",
    "Tiggo 2",
    "Tiggo 3",
    "Tiggo 4",
    "Tiggo 5",
    "Tiggo 7",
    "Tiggo 7 Pro",
    "Tiggo 8",
    "Tiggo 8 Pro",
    "Very (A13)",
    "Windcloud (A11)"
   ],
   "CHERYEXEED": [
    "TXL"
   ],
   "Chevrolet": [
    "3000-Series",
    "Alero",
    "Apache",
    "Astra",
    "Astro",
    "Avalanche",
    "Aveo",
    "Bel Air",
    "Beretta",
    "Blazer",
    "Blazer K5",
    "Bolt",
    "C-10",
    "C/K",
    "Camaro",
    "Caprice",
    "Captiva",
    "Captiva Sport",
    "Cavalier",
    "Celebrity",
    "Celta",
    "Chevelle",
    "Chevette",
    "Citation",
    "Cobalt",
    "Colorado",
    "Corsa",
    "Corsica",
    "Corvair",
    "Corvette",
    "Cruze",
    "Cruze (HR)",
    "CSV CR8",
    "Deluxe",
    "El Camino",
    "Epica",
    "Equinox",
    "Evanda",
    "Express",
    "Fleetmaster",
    "HHR",
    "Impala",
    "Kalos",
    "Lacetti",
    "Lanos",
    "Lumina",
    "Lumina APV",
    "LUV D-MAX",
    "Malibu",
    "Master",
    "Matiz",
    "Metro",
    "Monte Carlo",
    "Monza",
    "MW",
    "Nexia",
    "Niva",
    "Nova",
    "Nubira",
    "Omega",
    "Orlando",
    "Prizm",
    "Rezzo",
    "S-10 Pickup",
    "Sail",
    "Silverado",
    "Sonic",
    "Spark",
    "Special DeLuxe",
    "Spin",
    "SS",
    "SSR",
    "Starcraft",
    "Suburban",
    "Tacuma",
    "Tahoe",
    "Tavera",
    "Tracker",
    "TrailBlazer",
    "Trans Sport",
    "Traverse",
    "Trax",
    "Uplander",
    "Van",
    "Vectra",
    "Venture",
    "Viva",
    "Volt",
    "Zafira"
   ],
   "Chrysler": [
    "180",
    "200",
    "300",
    "300 Letter Series",
    "300C",
    "300M",
    "Aspen",
    "Cirrus",
    "Concorde",
    "Cordoba",
    "Crossfire",
    "Daytona",
    "Dynasty",
    "ES",
    "Fifth Avenue",
    "Imperial",
    "Imperial Crown",
    "Intrepid",
    "LeBaron",
    "LHS",
    "Nassau",
    "Neon",
    "New Yorker",
    "Newport",
    "Pacifica",
    "Prowler",
    "PT Cruiser",
    "Saratoga",
    "Sebring",
    "Stratus",
    "TC by Maserati",
    "Town & Country",
    "Viper",
    "Vision",
    "Voyager",
    "Windsor"
   ],
   "Citroen": [
    "2 CV",
    "AMI",
    "AX",
    "Berlingo",
    "BX",
    "C-Crosser",
    "C-Elysee",
    "C-Quatre",
    "C-Triomphe",
    "C-ZERO",
    "C1",
    "C2",
    "C3",
    "C3 Aircross",
    "C3 Picasso",
    "C4",
    "C4 Aircross",
    "C4 Cactus",
    "C4 Picasso",
    "C4 SpaceTourer",
    "C5",
    "C5 Aircross",
    "C6",
    "C8",
    "CX",
    "DS",
    "DS3",
    "DS4",
    "DS5",
    "Dyane",
    "E-Mehari",
    "Evasion",
    "GS",
    "Jumpy",
    "LN",
    "Nemo",
    "Saxo",
    "SM",
    "SpaceTourer",
    "Traction Avant",
    "Visa",
    "Xantia",
    "XM",
    "Xsara",
    "Xsara Picasso",
    "ZX"
   ],
   "Cizeta": [
    "V16t"
   ],
   "Coggiola": [
    "T Rex"
   ],
   "Cord": [
    "L-29"
   ],
   "Cupra": [
    "Ateca",
    "Formentor",
    "Leon"
   ],
   "Dacia": [
    "1300",
    "1310",
    "1325",
    "1410",
    "Dokker",
    "Duster",
    "Lodgy",
    "Logan",
    "Nova",
    "Pick-Up",
    "Sandero",
    "Solenza",
    "Spring",
    "SuperNova"
   ],
   "Dadi": [
    "City Leading",
    "Shuttle",
    "Smoothing"
   ],
   "Daewoo": [
    "Alpheon",
    "Arcadia",
    "Chairman",
    "Damas",
    "Espero",
    "Evanda",
    "G2X",
    "Gentra",
    "Kalos",
    "Korando",
    "Lacetti",
    "Lacetti Premiere",
    "Lanos",
    "Leganza",
    "LeMans",
    "Magnus",
    "Matiz",
    "Matiz Creative",
    "Musso",
    "Nexia",
    "Nubira",
    "Prince",
    "Racer",
    "Rezzo",
    "Royale",
    "Sens",
    "Tacuma",
    "Tico",
    "Tosca",
    "Winstorm"
   ],
   "Daihatsu": [
    "Altis",
    "Applause",
    "Atrai",
    "Be-go",
    "Bee",
    "Boon",
    "Boon Luminas",
    "Cast",
    "Ceria",
    "Charade",
    "Charmant",
    "Coo",
    "Copen",
    "Cuore",
    "Delta Wagon",
    "Esse",
    "Extol",
    "Fellow",
    "Feroza",
    "Gran Move",
    "Hijet",
    "Leeza",
    "Materia",
    "MAX",
    "Mebius",
    "Midget",
    "Mira",
    "Mira e:S",
    "Mira Gino",
    "Move",
    "Move Canbus",
    "Move Conte",
    "Move Latte",
    "Naked",
    "Opti",
    "Pyzar",
    "Rocky",
    "Rugger",
    "Sirion",
    "Sonica",
    "Storia",
    "Taft",
    "Tanto",
    "Tanto Exe",
    "Terios",
    "Thor",
    "Trevis",
    "Wake",
    "Wildcat",
    "Xenia",
    "YRV"
   ],
   "Daimler": [
    "DS420",
    "Sovereign (XJ6)",
    "SP250",
    "X300",
    "X308",
    "X350",
    "XJ40",
    "XJS"
   ],
   "Dallara": [
    "Stradale"
   ],
   "Datsun": [
    "240Z",
    "280Z",
    "280ZX",
    "720",
    "Bluebird",
    "Cherry",
    "GO",
    "GO+",
    "Laurel",
    "mi-DO",
    "on-DO",
    "Stanza",
    "Sunny",
    "Urvan",
    "Violet"
   ],
   "De Tomaso": [
    "Bigua",
    "Guara",
    "Longchamp",
    "Mangusta",
    "Pantera",
    "Vallelunga"
   ],
   "Doninvest": [
    "Assol",
    "Kondor",
    "Orion"
   ],
   "Donkervoort": [
    "D8",
    "D8 Cosworth",
    "D8 GT",
    "D8 GTO",
    "D8 Zetec"
   ],
   "DS": [
    "3",
    "3 Crossback",
    "4",
    "5",
    "7 Crossback"
   ],
   "DW Hower": [
    "H3",
    "H5"
   ],
   "Flanker": [
    "F"
   ],
   "Foton": [
    "Midi",
    "Sauvana",
    "Tunland"
   ],
   "FSO": [
    "125p",
    "126p",
    "127p",
    "132p",
    "Polonez",
    "Warszawa"
   ],
   "Fuqi": [
    "6500 (Land King)"
   ],
   "GAC": [
    "GN8",
    "GS5",
    "GS8"
   ],
   "Geely": [
    "Atlas",
    "Atlas Pro",
    "Beauty Leopard",
    "CK (Otaka)",
    "Coolray",
    "Emgrand 7",
    "Emgrand EC7",
    "Emgrand EC8",
    "Emgrand GT",
    "Emgrand X7",
    "FC (Vision)",
    "GC6",
    "GC9",
    "GS",
    "Haoqing",
    "LC (Panda)",
    "LC (Panda) Cross",
    "MK",
    "MK Cross",
    "MR",
    "SC7",
    "Tugella",
    "TX4"
   ],
   "Genesis": [
    "G70",
    "G80",
    "G90",
    "GV70",
    "GV80"
   ],
   "Geo": [
    "Metro",
    "Prizm",
    "Spectrum",
    "Storm",
    "Tracker"
   ],
   "GMC": [
    "100",
    "Acadia",
    "Canyon",
    "Envoy",
    "Jimmy",
    "Safari",
    "Savana",
    "Sierra",
    "Sonoma",
    "Suburban",
    "Syclone",
    "Terrain",
    "Typhoon",
    "Vandura",
    "Yukon"
   ],
   "Gonow": [
    "Troy"
   ],
   "Gordon": [
    "Roadster"
   ],
   "GP": [
    "Madison"
   ],
   "Great Wall": [
    "Coolbear",
    "Cowry (V80)",
    "Deer",
    "Florid",
    "Hover",
    "Hover H3",
    "Hover H5",
    "Hover H6",
    "Hover M1 (Peri 4x4)",
    "Hover M2",
    "Hover M4",
    "Hover Pi",
    "Pegasus",
    "Peri",
    "Poer",
    "Safe",
    "Sailor",
    "Sing RUV",
    "Socool",
    "Voleex C10 (Phenom)",
    "Voleex C30",
    "Wingle",
    "Wingle 7"
   ],
   "Hafei": [
    "Brio",
    "Princip",
    "Saibao",
    "Sigma",
    "Simbo"
   ],
   "Haima": [
    "2",
    "3",
    "7",
    "Family",
    "Family F7",
    "Freema",
    "M3",
    "S5"
   ],
   "Hanomag": [
    "Rekord",
    "Typ 13"
   ],
   "Haval": [
    "F7",
    "F7x",
    "H2",
    "H5",
    "H6",
    "H6 Coupe",
    "H8",
    "H9",
    "Jolion"
   ],
   "Hawtai": [
    "B21",
    "Boliger",
    "Laville"
   ],
   "Heinkel": [
    "Typ 154"
   ],
   "Hennessey": [
    "Venom F5"
   ],
   "Hindustan": [
    "Ambassador",
    "Contessa"
   ],
   "Hispano-Suiza": [
    "K6"
   ],
   "Holden": [
    "Apollo",
    "Astra",
    "Barina",
    "Calais",
    "Caprice",
    "Commodore",
    "Cruze",
    "Frontera",
    "Jackaroo",
    "Monaro",
    "Rodeo",
    "Statesman",
    "UTE",
    "Vectra",
    "Zafira"
   ],
   "Honda": [
    "145",
    "Accord",
    "Acty",
    "Airwave",
    "Ascot",
    "Ascot Innova",
    "Avancier",
    "Ballade",
    "Beat",
    "Brio",
    "Capa",
    "City",
    "Civic",
    "Civic Ferio",
    "Civic Type R",
    "Clarity",
    "Concerto",
    "CR-V",
    "CR-X",
    "CR-Z",
    "Crossroad",
    "Crosstour",
    "Domani",
    "e",
    "Edix",
    "Element",
    "Elysion",
    "Fit",
    "Fit Aria",
    "Fit Shuttle",
    "FR-V",
    "Freed",
    "Grace",
    "Horizon",
    "HR-V",
    "Insight",
    "Inspire",
    "Integra",
    "Integra SJ",
    "Jade",
    "Jazz",
    "Lagreat",
    "Legend",
    "Life",
    "Logo",
    "MDX",
    "Mobilio",
    "Mobilio Spike",
    "N-BOX",
    "N-BOX Slash",
    "N-One",
    "N-WGN",
    "N360",
    "NSX",
    "Odyssey",
    "Odyssey (North America)",
    "Orthia",
    "Partner",
    "Passport",
    "Pilot",
    "Prelude",
    "Quint",
    "Rafaga",
    "Ridgeline",
    "S-MX",
    "S2000",
    "S500",
    "S600",
    "S660",
    "Saber",
    "Shuttle",
    "Stepwgn",
    "Stream",
    "Street",
    "That'S",
    "Today",
    "Torneo",
    "Vamos",
    "Vezel",
    "Vigor",
    "Z",
    "Zest"
   ],
   "Horch": [
    "830",
    "853"
   ],
   "HuangHai": [
    "Antelope",
    "Landscape",
    "Plutus"
   ],
   "Hudson": [
    "Deluxe Eight",
    "Super Six"
   ],
   "Hummer": [
    "H1",
    "H2",
    "H3"
   ],
   "Hyundai": [
    "Accent",
    "Aslan",
    "Atos",
    "Avante",
    "Azera",
    "Bayon",
    "Centennial",
    "Click",
    "Coupe",
    "Creta",
    "Dynasty",
    "Elantra",
    "Entourage",
    "EON",
    "Equus",
    "Excel",
    "Galloper",
    "Genesis",
    "Genesis Coupe",
    "Getz",
    "Grace",
    "Grand Starex",
    "Grandeur",
    "H-1",
    "H200",
    "i10",
    "i20",
    "i30",
    "i30 N",
    "i40",
    "IONIQ",
    "IONIQ 5",
    "ix20",
    "ix35",
    "ix55",
    "Kona",
    "Lantra",
    "Lavita",
    "Marcia",
    "Matrix",
    "Maxcruz",
    "Palisade",
    "Pony",
    "Santa Fe",
    "Santamo",
    "Scoupe",
    "Solaris",
    "Sonata",
    "Starex",
    "Staria",
    "Stellar",
    "Terracan",
    "Tiburon",
    "Trajet",
    "Tucson",
    "Tuscani",
    "Veloster",
    "Venue",
    "Veracruz",
    "Verna",
    "XG"
   ],
   "Infiniti": [
    "EX",
    "FX",
    "G",
    "I",
    "J",
    "JX",
    "M",
    "Q",
    "Q30",
    "Q40",
    "Q50",
    "Q60",
    "Q70",
    "QX30",
    "QX4",
    "QX50",
    "QX55",
    "QX56",
    "QX60",
    "QX70",
    "QX80"
   ],
   "Innocenti": [
    "Elba",
    "Mille",
    "Mini"
   ],
   "International": [
    "Travelall"
   ],
   "Invicta": [
    "S1"
   ],
   "Iran Khodro": [
    "Dena",
    "Paykan",
    "Runna",
    "Sahra",
    "Samand",
    "Sarir",
    "Soren"
   ],
   "Isdera": [
    "Commendatore 112i",
    "Imperator 108i",
    "Spyder"
   ],
   "Isuzu": [
    "117",
    "Amigo",
    "Ascender",
    "Aska",
    "Axiom",
    "Bellett",
    "Bighorn",
    "D-Max",
    "Fargo",
    "Fargo Filly",
    "Florian",
    "Gemini",
    "Hombre",
    "Impulse",
    "KB",
    "Midi",
    "MU",
    "MU-7",
    "MU-X",
    "Piazza",
    "Rodeo",
    "Stylus",
    "TF (Pickup)",
    "Trooper",
    "VehiCross",
    "Wizard"
   ],
   "IVECO": [
    "Massif"
   ],
   "JAC": [
    "iEV7L",
    "iEV7S",
    "J2 (Yueyue)",
    "J3 (Tongyue,Tojoy)",
    "J4 (Heyue A30)",
    "J5 (Heyue)",
    "J6 (Heyue RS)",
    "J7",
    "J7 (Binyue)",
    "M1 (Refine)",
    "M5",
    "S1 (Rein)",
    "S3",
    "S5 (Eagle)",
    "S7",
    "T6"
   ],
   "Jaguar": [
    "E-Pace",
    "E-type",
    "F-Pace",
    "F-Type",
    "I-Pace",
    "Mark 2",
    "Mark IX",
    "S-Type",
    "X-Type",
    "XE",
    "XF",
    "XFR",
    "XJ",
    "XJ220",
    "XJR",
    "XJS",
    "XK",
    "XKR"
   ],
   "Jeep": [
    "Cherokee",
    "CJ",
    "Commander",
    "Compass",
    "Gladiator",
    "Grand Cherokee",
    "Grand Wagoneer",
    "Liberty (North America)",
    "Liberty (Patriot)",
    "Renegade",
    "Wrangler"
   ],
   "Jensen": [
    "Interceptor",
    "S-V8"
   ],
   "Jinbei": [
    "Haise"
   ],
   "JMC": [
    "Baodian"
   ],
   "Kia": [
    "Avella",
    "Borrego",
    "Cadenza",
    "Capital",
    "Carens",
    "Carnival",
    "Carstar",
    "Ceed",
    "Ceed GT",
    "Cerato",
    "Clarus",
    "Concord",
    "Elan",
    "Enterprise",
    "EV6",
    "Forte",
    "Joice",
    "K3",
    "K5",
    "K7",
    "K9",
    "K900",
    "Lotze",
    "Magentis",
    "Mentor",
    "Mohave",
    "Morning",
    "Niro",
    "Opirus",
    "Optima",
    "Picanto",
    "Potentia",
    "Pregio",
    "Pride",
    "Proceed",
    "Quanlima",
    "Quoris",
    "Ray",
    "Retona",
    "Rio",
    "Sedona",
    "Seltos",
    "Sephia",
    "Shuma",
    "Sorento",
    "Soul",
    "Soul EV",
    "Spectra",
    "Sportage",
    "Stinger",
    "Stonic",
    "Telluride",
    "Towner",
    "Venga",
    "Visto",
    "X-Trek",
    "XCeed"
   ],
   "Koenigsegg": [
    "Agera",
    "CC8S",
    "CCR",
    "CCX",
    "One:1",
    "Regera"
   ],
   "KTM AG": [
    "X-Bow"
   ],
   "LADA (ВАЗ)": [
    "1111 Ока",
    "2101",
    "2102",
    "2103",
    "2104",
    "2105",
    "2106",
    "2107",
    "2108",
    "2109",
    "21099",
    "2110",
    "2111",
    "2112",
    "2113",
    "2114",
    "2115",
    "2120 Надежда",
    "2121 (4x4)",
    "2123",
    "2129",
    "2131 (4x4)",
    "2328",
    "2329",
    "EL Lada",
    "Granta",
    "Kalina",
    "Largus",
    "Niva",
    "Niva Legend",
    "Priora",
    "Revolution",
    "Vesta",
    "XRAY"
   ],
   "Lamborghini": [
    "350/400 GT",
    "Aventador",
    "Centenario",
    "Countach",
    "Diablo",
    "Egoista",
    "Espada",
    "Gallardo",
    "Huracán",
    "Islero",
    "Jalpa",
    "Jarama",
    "LM001",
    "LM002",
    "Miura",
    "Murcielago",
    "Reventon",
    "Sesto Elemento",
    "Silhouette",
    "Sián",
    "Urraco",
    "Urus",
    "Veneno"
   ],
   "Lancia": [
    "A 112",
    "Appia",
    "Aurelia",
    "Beta",
    "Dedra",
    "Delta",
    "Flaminia",
    "Flavia",
    "Fulvia",
    "Gamma",
    "Hyena",
    "Kappa",
    "Lambda",
    "Lybra",
    "Monte Carlo",
    "Musa",
    "Phedra",
    "Prisma",
    "Rally 037",
    "Stratos",
    "Thema",
    "Thesis",
    "Trevi",
    "Voyager",
    "Y10",
    "Ypsilon",
    "Zeta"
   ],
   "Land Rover": [
    "Defender",
    "Discovery",
    "Discovery Sport",
    "Freelander",
    "Range Rover",
    "Range Rover Evoque",
    "Range Rover Sport",
    "Range Rover Velar",
    "Series I",
    "Series II",
    "Series III"
   ],
   "Landwind": [
    "Fashion (CV9)",
    "Forward",
    "X5",
    "X6",
    "X7",
    "Х9"
   ],
   "Lexus": [
    "CT",
    "ES",
    "GS",
    "GS F",
    "GX",
    "HS",
    "IS",
    "IS F",
    "LC",
    "LFA",
    "LM",
    "LS",
    "LX",
    "NX",
    "RC",
    "RC F",
    "RX",
    "SC",
    "UX"
   ],
   "Liebao Motor": [
    "Leopard"
   ],
   "Lifan": [
    "650 EV",
    "Breez (520)",
    "Cebrium (720)",
    "Celliya (530)",
    "Murman (820)",
    "Myway",
    "Smily",
    "Solano",
    "X50",
    "X60",
    "X70"
   ],
   "Ligier": [
    "JS 51"
   ],
   "Lincoln": [
    "Aviator",
    "Blackwood",
    "Capri",
    "Continental",
    "Corsair",
    "LS",
    "Mark III",
    "Mark IV",
    "Mark LT",
    "Mark VII",
    "Mark VIII",
    "MKC",
    "MKS",
    "MKT",
    "MKX",
    "MKZ",
    "Nautilus",
    "Navigator",
    "Premiere",
    "Town Car",
    "Versailles",
    "Zephyr"
   ],
   "LiXiang": [
    "One"
   ],
   "Logem": [
    "EC30"
   ],
   "Lotus": [
    "340R",
    "Eclat",
    "Elan",
    "Elise",
    "Elite",
    "Esprit",
    "Europa",
    "Europa S",
    "Evora",
    "Excel",
    "Exige"
   ],
   "Mitsuoka": [
    "Galue",
    "Galue 204",
    "Himiko",
    "Le-Seyde",
    "Like",
    "MC-1",
    "Nouera",
    "Orochi",
    "Ray",
    "Rock Star",
    "Ryoga",
    "Ryugi",
    "Viewt",
    "Yuga",
    "Zero 1"
   ],
   "Morgan": [
    "3 Wheeler",
    "4 Seater",
    "4/4",
    "Aero 8",
    "Aero Coupe",
    "Aero SuperSports",
    "AeroMax",
    "Plus 4",
    "Plus 8",
    "Roadster"
   ],
   "Morris": [
    "Eight",
    "Marina"
   ],
   "Nash": [
    "Ambassador"
   ],
   "Nio": [
    "ES8"
   ],
   "Nissan": [
    "100NX",
    "180SX",
    "200SX",
    "240SX",
    "280ZX",
    "300ZX",
    "350Z",
    "370Z",
    "AD",
    "Almera",
    "Almera Classic",
    "Almera Tino",
    "Altima",
    "Ariya",
    "Armada",
    "Auster",
    "Avenir",
    "Bassara",
    "BE-1",
    "Bluebird",
    "Bluebird Maxima",
    "Bluebird Sylphy",
    "Caravan",
    "Cedric",
    "Cefiro",
    "Cherry",
    "Cima",
    "Clipper Rio",
    "Crew",
    "Cube",
    "Datsun",
    "Dayz",
    "Dayz Roox",
    "Dualis",
    "Elgrand",
    "Exa",
    "Expert",
    "Fairlady Z",
    "Figaro",
    "Fuga",
    "Gloria",
    "GT-R",
    "Homy",
    "Hypermini",
    "Juke",
    "Juke Nismo",
    "Kicks",
    "Kix",
    "Lafesta",
    "Langley",
    "Largo",
    "Latio",
    "Laurel",
    "Leaf",
    "Leopard",
    "Liberta Villa",
    "Liberty",
    "Livina",
    "Lucino",
    "March",
    "Maxima",
    "Micra",
    "Mistral",
    "Moco",
    "Murano",
    "Navara (Frontier)",
    "Note",
    "NP300",
    "NV100 Clipper",
    "NV200",
    "NV300",
    "NV350 Caravan",
    "NX Coupe",
    "Otti",
    "Pao",
    "Pathfinder",
    "Patrol",
    "Pino",
    "Pixo",
    "Prairie",
    "Presage",
    "Presea",
    "President",
    "Primastar",
    "Primera",
    "Pulsar",
    "Qashqai",
    "Qashqai+2",
    "Quest",
    "R'nessa",
    "Rasheen",
    "Rogue",
    "Roox",
    "Safari",
    "Sentra",
    "Serena",
    "Silvia",
    "Skyline",
    "Skyline Crossover",
    "Stagea",
    "Stanza",
    "Sunny",
    "Teana",
    "Terra",
    "Terrano",
    "Terrano Regulus",
    "Tiida",
    "Tino",
    "Titan",
    "Urvan",
    "Vanette",
    "Versa",
    "Wingroad",
    "X-Trail",
    "Xterra"
   ],
   "Noble": [
    "M12 GTO",
    "M15",
    "M600"
   ],
   "Oldsmobile": [
    "Achieva",
    "Alero",
    "Aurora",
    "Bravada",
    "Cutlass",
    "Cutlass Calais",
    "Cutlass Ciera",
    "Cutlass Supreme",
    "Eighty-Eight",
    "Firenza",
    "Intrigue",
    "Ninety-Eight",
    "Omega",
    "Series 60",
    "Series 70",
    "Silhouette",
    "Starfire",
    "Toronado",
    "Vista Cruiser"
   ],
   "Opel": [
    "Adam",
    "Admiral",
    "Agila",
    "Ampera",
    "Antara",
    "Ascona",
    "Astra",
    "Astra OPC",
    "Calibra",
    "Campo",
    "Cascada",
    "Combo",
    "Commodore",
    "Corsa",
    "Corsa OPC",
    "Crossland X",
    "Diplomat",
    "Frontera",
    "Grandland X",
    "GT",
    "Insignia",
    "Insignia OPC",
    "Kadett",
    "Kapitan",
    "Karl",
    "Manta",
    "Meriva",
    "Meriva OPC",
    "Mokka",
    "Monterey",
    "Monza",
    "Olympia",
    "Omega",
    "P4",
    "Rekord",
    "Senator",
    "Signum",
    "Sintra",
    "Speedster",
    "Super Six",
    "Tigra",
    "Vectra",
    "Vectra OPC",
    "Vita",
    "Vivaro",
    "Zafira",
    "Zafira Life",
    "Zafira OPC"
   ],
   "Osca": [
    "2500 GT"
   ],
   "Packard": [
    "200/250",
    "Clipper",
    "Custom Eight",
    "One-Twenty",
    "Six",
    "Twelve"
   ],
   "Pagani": [
    "Huayra",
    "Zonda"
   ],
   "Panoz": [
    "Esperante",
    "Roadster"
   ],
   "Perodua": [
    "Alza",
    "Kancil",
    "Kelisa",
    "Kembara",
    "Kenari",
    "MyVi",
    "Nautica",
    "Viva"
   ],
   "Peugeot": [
    "1007",
    "104",
    "106",
    "107",
    "108",
    "2008",
    "201",
    "202",
    "203",
    "204",
    "205",
    "205 GTi",
    "206",
    "207",
    "208",
    "208 GTi",
    "3008",
    "301",
    "304",
    "305",
    "306",
    "307",
    "308",
    "308 GTi",
    "309",
    "4007",
    "4008",
    "402",
    "403",
    "404",
    "405",
    "406",
    "407",
    "408",
    "5008",
    "504",
    "505",
    "508",
    "604",
    "605",
    "607",
    "806",
    "807",
    "Bipper",
    "Expert",
    "iOn",
    "Partner",
    "RCZ",
    "Rifter",
    "Traveller"
   ],
   "PGO": [
    "Cevennes",
    "Hemera",
    "Speedster II"
   ],
   "Piaggio": [
    "Porter"
   ],
   "Plymouth": [
    "Acclaim",
    "Barracuda",
    "Breeze",
    "Caravelle",
    "Fury",
    "Horizon",
    "Laser",
    "Neon",
    "Prowler",
    "Reliant",
    "Road Runner",
    "Satellite",
    "Sundance",
    "Turismo",
    "Valiant",
    "Volare",
    "Voyager"
   ],
   "Polestar": [
    "1",
    "2"
   ],
   "Pontiac": [
    "6000",
    "Aztek",
    "Bonneville",
    "Catalina",
    "Fiero",
    "Firebird",
    "G4",
    "G5",
    "G6",
    "G8",
    "Grand AM",
    "Grand Prix",
    "GTO",
    "Laurentian",
    "LeMans",
    "Montana",
    "Parisienne",
    "Phoenix",
    "Solstice",
    "Sunbird",
    "Sunfire",
    "Tempest",
    "Torpedo",
    "Torrent",
    "Trans Sport",
    "Vibe",
    "Wave"
   ],
   "Porsche": [
    "356",
    "718 Spyder",
    "911",
    "911 GT2",
    "911 GT3",
    "911 R",
    "912",
    "914",
    "918 Spyder",
    "924",
    "928",
    "944",
    "959",
    "968",
    "Boxster",
    "Carrera GT",
    "Cayenne",
    "Cayenne Coupe",
    "Cayman",
    "Cayman GT4",
    "Macan",
    "Panamera",
    "Taycan"
   ],
   "Premier": [
    "118NE",
    "Padmini"
   ],
   "Proton": [
    "Arena",
    "Exora",
    "Gen-2",
    "Inspira",
    "Juara",
    "Perdana",
    "Persona",
    "Preve",
    "Putra",
    "Saga",
    "Satria",
    "Savvy",
    "Tiara",
    "Waja",
    "Wira (400 Series)"
   ],
   "PUCH": [
    "G-modell",
    "Pinzgauer"
   ],
   "Puma": [
    "GTB",
    "GTE"
   ],
   "Qoros": [
    "3"
   ],
   "Qvale": [
    "Mangusta"
   ],
   "RAM": [
    "1500"
   ],
   "Rambler": [
    "Ambassador"
   ],
   "Ravon": [
    "Gentra",
    "Matiz",
    "Nexia R3",
    "R2",
    "R4"
   ],
   "Reliant": [
    "Scimitar Sabre"
   ],
   "Renaissance": [
    "Tropica Roadster"
   ],
   "Renault": [
    "10",
    "11",
    "12",
    "14",
    "15",
    "16",
    "17",
    "18",
    "19",
    "20",
    "21",
    "25",
    "30",
    "4",
    "4CV",
    "5",
    "6",
    "8",
    "9",
    "Alaskan",
    "Arkana",
    "Avantime",
    "Captur",
    "Caravelle",
    "Clio",
    "Clio RS",
    "Clio V6",
    "Dauphine",
    "Dokker",
    "Duster",
    "Espace",
    "Floride",
    "Fluence",
    "Fregate",
    "Fuego",
    "Kadjar",
    "Kangoo",
    "Kaptur",
    "Koleos",
    "KWID",
    "Laguna",
    "Latitude",
    "Lodgy",
    "Logan",
    "Megane",
    "Megane RS",
    "Modus",
    "Rodeo",
    "Safrane",
    "Sandero",
    "Sandero RS",
    "Scenic",
    "Sport Spider",
    "Symbol",
    "Talisman",
    "Trafic",
    "Twingo",
    "Twizy",
    "Vel Satis",
    "Vivastella",
    "Wind",
    "ZOE"
   ],
   "Renault Samsung": [
    "QM5",
    "QM6",
    "SM3",
    "SM5",
    "SM7"
   ],
   "Rezvani": [
    "Beast",
    "Tank"
   ],
   "Tatra": [
    "57",
    "77",
    "80",
    "87",
    "T600",
    "T603",
    "T613",
    "T700"
   ],
   "Tazzari": [
    "Zero"
   ],
   "Tesla": [
    "Cybertruck",
    "Model 3",
    "Model S",
    "Model X",
    "Model Y",
    "Roadster"
   ],
   "Think": [
    "City"
   ],
   "Tianma": [
    "Century"
   ],
   "Tianye": [
    "Admiral"
   ],
   "Tofas": [
    "Kartal",
    "Murat 124",
    "Murat 131",
    "Sahin",
    "Serce"
   ],
   "Toyota": [
    "2000GT",
    "4Runner",
    "Allex",
    "Allion",
    "Alphard",
    "Altezza",
    "Aqua",
    "Aristo",
    "Aurion",
    "Auris",
    "Avalon",
    "Avanza",
    "Avensis",
    "Avensis Verso",
    "Aygo",
    "bB",
    "Belta",
    "Blade",
    "Blizzard",
    "Brevis",
    "C-HR",
    "Caldina",
    "Cami",
    "Camry",
    "Camry Solara",
    "Carina",
    "Carina E",
    "Carina ED",
    "Cavalier",
    "Celica",
    "Celsior",
    "Century",
    "Chaser",
    "Classic",
    "Comfort",
    "COMS",
    "Corolla",
    "Corolla Cross",
    "Corolla II",
    "Corolla Levin",
    "Corolla Rumion",
    "Corolla Spacio",
    "Corolla Verso",
    "Corona",
    "Corona EXiV",
    "Corsa",
    "Cressida",
    "Cresta",
    "Crown",
    "Crown Majesta",
    "Curren",
    "Cynos",
    "Duet",
    "Echo",
    "Esquire",
    "Estima",
    "Etios",
    "FJ Cruiser",
    "Fortuner",
    "FunCargo",
    "Gaia",
    "Grand HiAce",
    "Granvia",
    "GT86",
    "Harrier",
    "HiAce",
    "Highlander",
    "Hilux",
    "Hilux Surf",
    "Innova",
    "Ipsum",
    "iQ",
    "ISis",
    "Ist",
    "Kluger",
    "Land Cruiser",
    "Land Cruiser Prado",
    "Lite Ace",
    "Mark II",
    "Mark X",
    "Mark X ZiO",
    "MasterAce Surf",
    "Matrix",
    "Mega Cruiser",
    "Mirai",
    "Model F",
    "MR-S",
    "MR2",
    "Nadia",
    "Noah",
    "Opa",
    "Origin",
    "Paseo",
    "Passo",
    "Passo Sette",
    "Picnic",
    "Pixis Epoch",
    "Pixis Joy",
    "Pixis Mega",
    "Pixis Space",
    "Pixis Van",
    "Platz",
    "Porte",
    "Premio",
    "Previa",
    "Prius",
    "Prius Alpha",
    "Prius c",
    "Prius v (+)",
    "ProAce",
    "ProAce City",
    "Probox",
    "Progres",
    "Pronard",
    "Publica",
    "Ractis",
    "Raize",
    "Raum",
    "RAV4",
    "Regius",
    "RegiusAce",
    "Roomy",
    "Rush",
    "Sai",
    "Scepter",
    "Sequoia",
    "Sera",
    "Sienna",
    "Sienta",
    "Soarer",
    "Soluna",
    "Spade",
    "Sparky",
    "Sports 800",
    "Sprinter",
    "Sprinter Carib",
    "Sprinter Marino",
    "Sprinter Trueno",
    "Starlet",
    "Succeed",
    "Supra",
    "Tacoma",
    "Tank",
    "Tercel",
    "Touring HiAce",
    "Town Ace",
    "Tundra",
    "Urban Cruiser",
    "Vanguard",
    "Vellfire",
    "Venza",
    "Verossa",
    "Verso",
    "Verso-S",
    "Vios",
    "Vista",
    "Vitz",
    "Voltz",
    "Voxy",
    "WiLL",
    "WiLL Cypha",
    "Windom",
    "Wish",
    "Yaris",
    "Yaris Verso"
   ],
   "Trabant": [
    "1.1",
    "600",
    "P 601",
    "P50"
   ],
   "Tramontana": [
    "Tramontana"
   ],
   "Triumph": [
    "Acclaim",
    "Spitfire",
    "Stag",
    "TR4",
    "TR6",
    "TR7",
    "TR8"
   ],
   "TVR": [
    "280",
    "350",
    "390",
    "400",
    "420",
    "450",
    "Cerbera",
    "Chimaera",
    "Griffith",
    "S-Series",
    "Sagaris",
    "Taimar",
    "Tamora",
    "Tasmin",
    "Tuscan"
   ],
   "Ultima": [
    "GTR"
   ],
   "Vauxhall": [
    "Adam",
    "Ampera",
    "Astra",
    "Carlton",
    "Cavalier",
    "Chevette",
    "Corsa",
    "Firenza",
    "Frontera",
    "Insignia",
    "Meriva",
    "Mokka",
    "Monaro",
    "Omega",
    "Royale",
    "Tigra",
    "Vectra",
    "Velox",
    "Ventora",
    "Viceroy",
    "Victor",
    "Viva",
    "VXR8",
    "Zafira"
   ],
   "Vector": [
    "M12",
    "W8 Twin Turbo"
   ],
   "Venturi": [
    "210",
    "260 LM",
    "300 Atlantique",
    "400 GT"
   ],
   "Volkswagen": [
    "181",
    "Amarok",
    "Arteon",
    "Atlas",
    "Atlas Cross Sport",
    "Beetle",
    "Bora",
    "Caddy",
    "California",
    "Caravelle",
    "Corrado",
    "Derby",
    "Eos",
    "EuroVan",
    "Fox",
    "Gol",
    "Golf",
    "Golf Country",
    "Golf GTI",
    "Golf Plus",
    "Golf R",
    "Golf R32",
    "Golf Sportsvan",
    "ID.3",
    "ID.4",
    "Iltis",
    "Jetta",
    "K70",
    "Karmann-Ghia",
    "Lavida",
    "Lupo",
    "Lupo GTI",
    "Multivan",
    "Parati",
    "Passat",
    "Passat (North America)",
    "Passat CC",
    "Phaeton",
    "Pointer",
    "Polo",
    "Polo GTI",
    "Polo R WRC",
    "Quantum",
    "Routan",
    "Santana",
    "Scirocco",
    "Scirocco R",
    "Sharan",
    "T-Cross",
    "T-Roc",
    "T-Roc R",
    "Taos",
    "Taro",
    "Teramont",
    "Tiguan",
    "Touareg",
    "Touran",
    "Transporter",
    "Type 1",
    "Type 166",
    "Type 2",
    "Type 3",
    "Type 4",
    "Type 82",
    "up!",
    "Vento",
    "XL1"
   ],
   "Volvo": [
    "120 Series",
    "140 Series",
    "164",
    "240 Series",
    "260 Series",
    "300 Series",
    "440",
    "460",
    "480",
    "66",
    "740",
    "760",
    "780",
    "850",
    "940",
    "960",
    "C30",
    "C40",
    "C70",
    "Laplander",
    "P1800",
    "P1900",
    "S40",
    "S60",
    "S60 Cross Country",
    "S70",
    "S80",
    "S90",
    "V40",
    "V40 Cross Country",
    "V50",
    "V60",
    "V60 Cross Country",
    "V70",
    "V90",
    "V90 Cross Country",
    "XC40",
    "XC60",
    "XC70",
    "XC90"
   ],
   "Vortex": [
    "Corda",
    "Estina",
    "Tingo"
   ],
   "W Motors": [
    "Fenyr Supersport",
    "Lykan Hypersport"
   ],
   "Wanderer": [
    "W23",
    "W50"
   ],
   "Wartburg": [
    "1.3",
    "353"
   ],
   "Weltmeister": [
    "EX5"
   ],
   "Westfield": [
    "SEi & Sport",
    "SEiGHT"
   ],
   "Wiesmann": [
    "GT",
    "Roadster"
   ],
   "Willys": [
    "CJ",
    "Jeepster",
    "Knight Model 20",
    "MB"
   ],
   "Xin Kai": [
    "Pickup X3",
    "SR-V X3",
    "SUV X3"
   ],
   "Xpeng": [
    "G3",
    "P7"
   ],
   "Yulon": [
    "Feeling"
   ],
   "Zastava": [
    "10",
    "Florida",
    "Skala",
    "Yugo"
   ],
   "Zenos": [
    "E10"
   ],
   "Zenvo": [
    "ST1"
   ],
   "Zibar": [
    "MK2"
   ],
   "Zotye": [
    "Coupa",
    "E200",
    "Nomad (RX6400)",
    "SR9",
    "T600",
    "Z100",
    "Z300"
   ],
   "ZX": [
    "Admiral",
    "Grand Tiger",
    "Landmark"
   ],
   "Автокам": [
    "2160",
    "2163",
    "3101"
   ],
   "ГАЗ": [
    "12 ЗИМ",
    "13 «Чайка»",
    "14 «Чайка»",
    "18",
    "21 «Волга»",
    "22 «Волга»",
    "2308 «Атаман»",
    "2330 «Тигр»",
    "24 «Волга»",
    "3102 «Волга»",
    "31022 «Волга»",
    "310221 «Волга»",
    "31029 «Волга»",
    "3103 «Волга»",
    "3105 «Волга»",
    "3110 «Волга»",
    "31105 «Волга»",
    "3111 «Волга»",
    "46",
    "61",
    "64",
    "69",
    "Volga Siber",
    "А",
    "ГАЗ 67",
    "М-20 «Победа»",
    "М-72",
    "М1"
   ],
   "ЗАЗ": [
    "1102 «Таврия»",
    "1103 «Славута»",
    "1105 «Дана»",
    "965",
    "966",
    "968",
    "Chance",
    "Forza",
    "Lanos",
    "Sens",
    "Vida"
   ],
   "ЗИЛ": [
    "111",
    "114",
    "117",
    "4104"
   ],
   "ЗиС": [
    "101",
    "110"
   ],
   "ИЖ": [
    "2125 «Комби»",
    "2126 «Ода»",
    "21261 «Фабула»",
    "2715",
    "2717",
    "27175",
    "Москвич-412"
   ],
   "Канонир": [
    "2317"
   ],
   "Комбат": [
    "Т98"
   ],
   "ЛуАЗ": [
    "1302 Волынь",
    "967",
    "969"
   ],
   "Москвич": [
    "2136",
    "2137",
    "2138",
    "2140",
    "2141",
    "2142",
    "400",
    "401",
    "402",
    "403",
    "407",
    "408",
    "410",
    "411",
    "412",
    "423",
    "424",
    "426",
    "427",
    "430",
    "434П",
    "Дуэт",
    "Иван Калита",
    "Князь Владимир",
    "Святогор",
    "Юрий Долгорукий"
   ],
   "СМЗ": [
    "С-3А",
    "С-3Д"
   ],
   "Спортивные авто и Реплики": [
    "GT & Touring",
    "Offroad",
    "Драгстер",
    "Дрифт-кар",
    "Пляжный багги Type 1",
    "Реплики и Самоделки",
    "Спортпрототип",
    "Формула",
    "Хот-род и Кастом"
   ],
   "ТагАЗ": [
    "Aquila",
    "C-30",
    "C10",
    "C190",
    "Road Partner",
    "Tager",
    "Vega"
   ],
   "УАЗ": [
    "3151",
    "3153",
    "3159",
    "3160",
    "3162 Simbir",
    "469",
    "Hunter",
    "Patriot",
    "Pickup",
    "Астеро"
   ],
   "Ё-мобиль": [
    "Ё-Кроссовер"
   ]
  }
 }
]
