[
 {
  "id": "agricultural",
  "name": "Сельскохозяйственный",
  "group": "commercial",
  "list": {
   "Agromehanika": [
    "AGT 850"
   ],
   "Agromet": [
    "Anna Z-644"
   ],
   "Agrostroj": [
    "TZ-4K"
   ],
   "Ahwi": [
    "RT"
   ],
   "Amazone": [
    "Citan",
    "D9",
    "DMC",
    "EDX",
    "UG",
    "UX 11200"
   ],
   "Bagram": [
    "B/6"
   ],
   "ХТЗ": [
    "150К-09",
    "17221",
    "2511",
    "Колесные трактора",
    "Т-150К",
    "Т-155",
    "Т-16",
    "Т-25",
    "Т-70"
   ],
   "Целина": [
    "МБ-501",
    "МБ-600",
    "МБ-601",
    "МБ-610Р",
    "МБ-700",
    "МБ-701",
    "МБ-710Р",
    "МБ-900",
    "МБ-901",
    "МК-380L",
    "МК-500L"
   ],
   "ЧЗТ": [
    "Т-10.V.М.Б.0121"
   ],
   "Чувашпиллер": [
    "120",
    "180",
    "184",
    "220",
    "240",
    "244",
    "354",
    "504",
    "804",
    "Русич Т-12",
    "Русич Т-15",
    "Русич Т-21",
    "Русич Т-224",
    "Русич Т-244"
   ],
   "ЭксМаш": [
    "M300"
   ],
   "ЮМЗ": [
    "6",
    "6002",
    "652"
   ],
   "Ярославец": [
    "Комбайны самоходные кормоуборочные"
   ]
  }
 },
 {
  "id": "artic",
  "name": "Седельный тягач",
  "group": "commercial",
  "list": {
   "Almatruck": [
    "SM321"
   ],
   "Beiben (North Benz)": [
    "ND4250"
   ],
   "CAMC": [
    "4x2",
    "6x4"
   ],
   "Daewoo": [
    "Novus",
    "Prima"
   ],
   "DAF": [
    "95",
    "95XF",
    "CF-series",
    "XF",
    "XF 105",
    "XF 95"
   ],
   "МАЗ": [
    "504",
    "5335",
    "537",
    "5429",
    "543/7310",
    "5432",
    "5433",
    "5440",
    "6422",
    "64220",
    "6425",
    "6430",
    "7912/7917"
   ],
   "МАЗ-МАН": [
    "5405",
    "54326",
    "640168",
    "642268",
    "6425"
   ],
   "МЗКТ": [
    "6923",
    "7401",
    "7413",
    "7416",
    "7429"
   ],
   "Русич (КЗКТ)": [
    "7428",
    "8014"
   ],
   "Тонар": [
    "5422",
    "6428"
   ],
   "Урал": [
    "375",
    "4320",
    "44202",
    "5423",
    "55571",
    "6367",
    "6370",
    "6470",
    "Next"
   ],
   "ЯРОВИТ МОТОРС": [
    "Gloros"
   ]
  }
 },
 {
  "id": "autoloader",
  "name": "Автопогрузчик",
  "group": "commercial",
  "list": {
   "Akkord": [
    "S200"
   ],
   "Alift": [
    "A4W"
   ],
   "Amur": [
    "DK620",
    "DK630",
    "DK630M",
    "RK620",
    "RK630"
   ],
   "МоАЗ": [
    "4048"
   ],
   "МТЗ": [
    "МТЗ-80",
    "МТЗ-82"
   ],
   "НМЗ": [
    "GEKA D50"
   ],
   "Орловский Погрузчик": [
    "ПК-2202",
    "ПК-27",
    "ПК-33",
    "ПК-40",
    "ТО-18",
    "ТО-30",
    "ТО-6"
   ],
   "ПМЗ": [
    "ПБТК-764"
   ],
   "Ратеп": [
    "РАТЕП-800"
   ],
   "Сибиряк": [
    "2000",
    "2500",
    "3000",
    "9320",
    "9360",
    "ZL08"
   ],
   "СибКомСельМаш": [
    "ПГУ-0.8"
   ],
   "Спецстроймаш": [
    "К-702МВА-УДМТ"
   ],
   "ТВЭКС": [
    "ВП-03",
    "ВП-05"
   ],
   "Технокор": [
    "МСУ-2500"
   ],
   "Уралвагонзавод": [
    "ПУМ-1000",
    "ПУМ-500"
   ],
   "ХТЗ": [
    "Т-150",
    "Т-156Б"
   ],
   "ЧЕТРА": [
    "МКСМ-800",
    "ПК 60"
   ],
   "ЧЗА": [
    "40912-01"
   ],
   "ЧСДМ": [
    "B-125",
    "B-140",
    "B-160",
    "ТО-40"
   ],
   "ЧТЗ": [
    "ПК-65"
   ],
   "ЭксМаш": [
    "E190WH"
   ],
   "ЮМЗ": [
    "ПФ-1"
   ]
  }
 },
 {
  "id": "bulldozers",
  "name": "Бульдозер",
  "group": "commercial",
  "list": {
   "Beezone": [
    "D16"
   ],
   "Case": [
    "1150 (K-серия)",
    "1650 (K-серия)",
    "1650 (M-серия)",
    "1850 (К-серия)",
    "2050 (M-серия)"
   ],
   "Caterpillar": [
    "D10",
    "D11",
    "D3",
    "D4",
    "D5",
    "D6",
    "D7",
    "D8",
    "D9"
   ],
   "Cathefeng": [
    "D6R2"
   ],
   "Русич (КЗКТ)": [
    "ПКТ-2"
   ],
   "Спецстроймаш": [
    "Бульдозеры"
   ],
   "ЧЕТРА": [
    "T20",
    "T25",
    "Т-35",
    "Т11",
    "Т15",
    "Т330",
    "Т9"
   ],
   "ЧЗТ": [
    "Б-10.V.М.0101-1E"
   ],
   "ЧТЗ": [
    "Б-10М",
    "Б-10МБ",
    "Б-11",
    "Б-14",
    "Б-170",
    "Б-9",
    "Б10.0001-1Е",
    "Б10.1111.ЕН",
    "Б12.6020-ЕН",
    "Б13",
    "ДЗ-171",
    "ДЭТ-250",
    "ДЭТ-350",
    "Т-100",
    "Т-130",
    "Т-170",
    "Т-330"
   ]
  }
 },
 {
  "id": "bus",
  "name": "Автобус",
  "group": "commercial",
  "list": {
   "AEC": [
    "Routemaster"
   ],
   "Ajokki": [
    "Sisu",
    "КамАЗ-53213"
   ],
   "ANKAI": [
    "A9",
    "GK15",
    "GK39",
    "K32",
    "K46",
    "K55",
    "K57",
    "K59"
   ],
   "Asia": [
    "Combi",
    "Cosmos",
    "Granbird"
   ],
   "Autosan": [
    "A0808T Gemini",
    "A0909L",
    "A10-12T Lider",
    "A1010M",
    "A1010T Lider",
    "A1112T Ramzes",
    "Eurolider",
    "H7-10",
    "Sancity",
    "Wetlina City"
   ],
   "Ayats": [
    "Atlantis",
    "Atlas 2",
    "Bravo 1 City",
    "Bravo 1 R",
    "Bravo 2",
    "Platinum"
   ],
   "BAW": [
    "Express",
    "Street"
   ],
   "Blue Bird": [
    "CSRE/CSFE"
   ],
   "САРЗ": [
    "3280"
   ],
   "СОЗА": [
    "СтЗМ-3905"
   ],
   "ТАРЗ": [
    "ТА-6"
   ],
   "Урал": [
    "3255"
   ],
   "ХАЗ": [
    "3250"
   ]
  }
 },
 {
  "id": "construction",
  "name": "Строительная",
  "group": "commercial",
  "list": {
   "ABG": [
    "Alpha",
    "PT",
    "Puma",
    "Titan"
   ],
   "Aichi": [
    "Автобуровые вышки"
   ],
   "Ammann": [
    "AC",
    "AFW",
    "AP",
    "AR",
    "ARX",
    "ASC",
    "AV"
   ],
   "Asia": [
    "AM518"
   ],
   "ASTRA": [
    "HD8"
   ],
   "ПТК": [
    "К-702МА-ПК-6",
    "К-702МБА-БКУ",
    "К-702МВА-УДМ-2",
    "К-703МА-АС-4",
    "К-703МА-БК",
    "К-703МА-ДМ-15",
    "К-703МА-ОС",
    "К-703МА-УДМ-1"
   ],
   "Раменский механический завод": [
    "СКГ-40",
    "СКГ-505"
   ],
   "РаМЗ": [
    "ДС-191"
   ],
   "Раскат": [
    "RC-13 DD",
    "RC-24 SS",
    "RV-1,5 DD",
    "RV-11 DD",
    "RV-13 DT",
    "RV-15 DT",
    "RV-2,0 DD",
    "RV-2,4 DD",
    "RV-3.5 DD",
    "RV-7 DD",
    "RV-9,0 DD",
    "ДУ-100",
    "ДУ-111",
    "ДУ-47",
    "ДУ-48",
    "ДУ-54",
    "ДУ-62",
    "ДУ-63",
    "ДУ-65",
    "ДУ-82",
    "ДУ-84",
    "ДУ-85",
    "ДУ-93",
    "ДУ-94",
    "ДУ-96",
    "ДУ-97",
    "ДУ-98",
    "ДУ-99",
    "РЭМ-25",
    "РЭМ-32",
    "РЭМ-38",
    "РЭМ-45",
    "РЭМ-52"
   ],
   "РДК": [
    "РДК 250-2",
    "РДК 250-3",
    "РДК-160"
   ],
   "РСМ (Русские Строительные Машины)": [
    "МКУ-1300 Титан",
    "Сваяк МКУ-900"
   ],
   "САСТА": [
    "Дорожные катки"
   ],
   "СБТ": [
    "УБГ-Л-15 Журавль",
    "УБГ-С Беркут"
   ],
   "СвайМастер": [
    "5000",
    "5000 Max",
    "7000"
   ],
   "СКГ": [
    "СКГ 40/63",
    "СКГ 63/100",
    "СКГ 631"
   ],
   "СпецДорМаш": [
    "СДМ-25"
   ],
   "Спецстроймаш": [
    "Грейдеры",
    "Сварочные агрегаты"
   ],
   "Стройдормаш": [
    "Бурильно-крановые машины",
    "Бурильно-сваебойные машины",
    "Бурильно-шнековые машины",
    "Виброкатки",
    "УРБ-2М"
   ],
   "Стройматик": [
    "СГК-200",
    "СГК-400",
    "ТУРБО-1100",
    "ТУРБО-1400",
    "ТУРБО-1800"
   ],
   "Строймаш": [
    "Башенный кран",
    "Сваебойная установка"
   ],
   "Строймаш-Центр": [
    "ПКСД"
   ],
   "Тайзер": [
    "СВУ"
   ],
   "Техстроймаш": [
    "ТСМ"
   ],
   "ТЗА": [
    "58145",
    "58146",
    "58147A",
    "58149"
   ],
   "УГБ": [
    "УГБ 50М",
    "УГБ-1ВС"
   ],
   "Урал": [
    "Автобетоносмеситель",
    "Бурильно-сваебойная машина",
    "Кабелеукладчик",
    "Компрессорная станция",
    "Плетевоз",
    "Цементировочный агрегат"
   ],
   "Уралвагонзавод": [
    "ГТ-Т",
    "МГГ-529"
   ],
   "Уралспецбурмаш": [
    "Буровые установки"
   ],
   "УралСпецТранс": [
    "АДПМ"
   ],
   "ХТЗ": [
    "Т-155"
   ],
   "Челпром": [
    "Трубоукладчики"
   ],
   "Челябинец": [
    "ДЭК-251",
    "ДЭК-321",
    "ДЭК-401"
   ],
   "ЧЕТРА": [
    "ТГ122",
    "ТГ301",
    "ТГ503"
   ],
   "ЧКЗ": [
    "МКГ-25",
    "МКГ-40"
   ],
   "ЧМЗ": [
    "ДЭК"
   ],
   "ЧСДМ": [
    "Автогрейдеры"
   ],
   "ЧТЗ": [
    "БТМ",
    "КВГ-1",
    "КВГ-2",
    "СП-49",
    "ТР"
   ],
   "Юргинец": [
    "КС-4361",
    "КС-4372",
    "КС-4871",
    "КС-5871"
   ],
   "Ясиноватский Машиностроительный Завод": [
    "КСП-35"
   ]
  }
 },
 {
  "id": "crane",
  "name": "Автокран",
  "group": "commercial",
  "list": {
   "Altec": [
    "AC26",
    "DM47"
   ],
   "Bison": [
    "Автовышки"
   ],
   "CKD": [
    "AD - Series"
   ],
   "Demag": [
    "AC100",
    "AC155",
    "AC25",
    "AC40",
    "AC60"
   ],
   "Fablok": [
    "DST"
   ],
   "Faun": [
    "HK",
    "RTF"
   ],
   "Урал": [
    "КС",
    "МКТ",
    "Подъемник"
   ],
   "Челябинец": [
    "КС",
    "КС-45734",
    "КС-55732",
    "КС-55733",
    "КС-65711",
    "КС-65717"
   ],
   "ЧМЗ": [
    "ДЭК-251"
   ],
   "Юргинец": [
    "КС-55722-1",
    "КС-5871"
   ],
   "Январец": [
    "КС-5366",
    "КС-6471",
    "КС-6472"
   ]
  }
 },
 {
  "id": "dredge",
  "name": "Экскаватор",
  "group": "commercial",
  "list": {
   "A LEX": [
    "1E"
   ],
   "Ahlmann": [
    "AF",
    "AS"
   ],
   "Airman": [
    "AX40UR-2C"
   ],
   "Akerman": [
    "H16D",
    "Колесные"
   ],
   "Atlas": [
    "Гусенечные",
    "Колёсные"
   ],
   "Урал": [
    "Экскаватор-планировщик"
   ],
   "Уралвагонзавод": [
    "Гусеничные",
    "Колёсные"
   ],
   "Уралмаш": [
    "ЭКГ"
   ],
   "ЧЗМК": [
    "ЭО 2621"
   ],
   "ЧЛМЗ": [
    "ДЭМ"
   ],
   "ЭКОсервис-Нефтегаз": [
    "Snow Track"
   ],
   "ЭксМаш": [
    "E130",
    "E140W",
    "E160C",
    "E170W",
    "E180C",
    "E190WH",
    "E195A",
    "E200C",
    "E200CH",
    "E200NC",
    "E200W",
    "E220W",
    "E230WH",
    "E230WHE",
    "E240C",
    "E245CH",
    "E280WH",
    "E300C",
    "E330C",
    "E350WH"
   ],
   "ЭО": [
    "2101",
    "2202",
    "2333А",
    "2621В-2",
    "2621В-3",
    "2626 А",
    "2626-01",
    "2629",
    "3211",
    "33211",
    "3322Н",
    "3323 А",
    "4112",
    "4121",
    "4225А",
    "4321 Б",
    "5111Б",
    "5116",
    "5123",
    "5124",
    "5126"
   ],
   "ЭОВ": [
    "ЭОВ-4421"
   ],
   "ЮМЗ": [
    "6002",
    "ЭО2621"
   ]
  }
 },
 {
  "id": "lcv",
  "name": "Легкий коммерческий",
  "group": "commercial",
  "list": {
   "ASHOK LEYLAND": [
    "Partner"
   ],
   "Asia": [
    "Towner"
   ],
   "Askam (DeSoto)": [
    "AS250"
   ],
   "Bajaj": [
    "Maxima"
   ],
   "Barkas": [
    "B1000"
   ],
   "BAW": [
    "Fenix 1044",
    "Fenix 1065",
    "Fenix 3346",
    "Tonik"
   ],
   "Bedford": [
    "CF"
   ],
   "BMC": [
    "Levend",
    "Megastar"
   ],
   "ГАЗ": [
    "69",
    "ГАЗель (2705)",
    "ГАЗель (2705) Комби",
    "ГАЗель (3221)",
    "ГАЗель (3302)",
    "ГАЗель (33023/330273) Фермер",
    "ГАЗель Next",
    "ГАЗель NN",
    "Соболь (2217)",
    "Соболь (2310)",
    "Соболь (2752)",
    "Соболь (2752) Комби",
    "Трофим"
   ],
   "ГАЗ-САЗ": [
    "3512"
   ],
   "Гуран": [
    "2318"
   ],
   "ЕрАЗ": [
    "762"
   ],
   "ЗАЗ": [
    "11055",
    "Lanos",
    "Sens"
   ],
   "ИЖ": [
    "2715",
    "2717",
    "27175"
   ],
   "Москвич": [
    "2335",
    "2734",
    "2901",
    "434"
   ],
   "РАФ": [
    "2203",
    "3311"
   ],
   "Скорпион": [
    "2М"
   ],
   "ТагАЗ": [
    "Hardy",
    "LC100 (Master)"
   ],
   "УАЗ": [
    "2206",
    "2360",
    "3303",
    "3741",
    "3909",
    "3962",
    "451",
    "452",
    "455",
    "Карго",
    "КиАЗ-3727",
    "Профи",
    "Профи (двухрядная кабина)"
   ],
   "ЭЛЬТАВР": [
    "Дилижанс",
    "Як"
   ]
  }
 },
 {
  "id": "municipal",
  "name": "Коммунальная",
  "group": "commercial",
  "list": {
   "Aerial": [
    "K17T"
   ],
   "Aichi": [
    "Автовышки"
   ],
   "Aurora": [
    "AS1212",
    "AS1413",
    "SR1623D"
   ],
   "BAW": [
    "Fenix 1044"
   ],
   "Урал": [
    "4320",
    "ПМС"
   ],
   "ФРС": [
    "ФРС-200 М"
   ],
   "ЧМЗ": [
    "АВ-10"
   ],
   "Экомтех-Трейдинг": [
    "ЭКО-МАК2НВ"
   ],
   "ЭРМЗ": [
    "Мусоровозы",
    "Пескоразбрасыватель",
    "Подметально-уборочная техника"
   ]
  }
 },
 {
  "id": "swap_body",
  "name": "Съемный кузов",
  "group": "commercial",
  "list": {
   "CIMC": [
    "Танк-контейнер"
   ],
   "Fliegl": [
    "Сменный кузов, платформа"
   ],
   "Husmann": [
    "SPB 20 ECN"
   ],
   "Пухто": [
    "20м3",
    "27м3"
   ],
   "Сеспель": [
    "CTL-26/04"
   ],
   "Центртранстехмаш": [
    "Изотермический кузов"
   ]
  }
 },
 {
  "id": "trailer",
  "name": "Прицеп",
  "group": "commercial",
  "list": {
   "Abbey": [
    "GTS VOGUE 418"
   ],
   "ABI": [
    "Harmony",
    "Jubilee"
   ],
   "ACE": [
    "Award Brightstar"
   ],
   "Acerbi": [
    "Полуприцеп - битумовоз",
    "Полуприцеп - изотермический",
    "Полуприцеп - контейнеровоз",
    "Полуприцеп - самосвал",
    "Полуприцеп - тентованный",
    "Полуприцеп - цистерна"
   ],
   "Ackermann": [
    "Freuhauf",
    "Tandemanhang"
   ],
   "Kennis": [
    "OP-1530"
   ],
   "Kerland": [
    "П3210",
    "П3530"
   ],
   "KH-kipper": [
    "Самосвальные полуприцепы"
   ],
   "King": [
    "GTL"
   ],
   "KIP": [
    "De Luxe",
    "K-500"
   ],
   "Klaeser": [
    "TSA30C",
    "Полуприцеп-цистерна"
   ],
   "Klagie": [
    "Klagie"
   ],
   "Klegefrance": [
    "OS32NS"
   ],
   "Klockner": [
    "Klockner"
   ],
   "Knapen": [
    "K100",
    "K200",
    "K502",
    "KOCF200"
   ],
   "Knaus": [
    "Azur",
    "Blue-Line",
    "Country",
    "Eurostar",
    "Monsun",
    "Suedwind"
   ],
   "Koenig": [
    "KH203018"
   ],
   "Koester": [
    "LTA11"
   ],
   "Kogel": [
    "AFHB24",
    "AVKF18",
    "AWE18",
    "GN24",
    "S24",
    "SB24",
    "SCB24",
    "SN24",
    "SNC024",
    "SP 24",
    "SPKH27",
    "SV24",
    "SVKT24",
    "SW24",
    "YWE18",
    "ZK18"
   ],
   "Koluman": [
    "Полуприцеп шторно-бортовой",
    "Полуприцеп шторный",
    "Полуприцеп-бортовая платформа",
    "Полуприцеп-контйнеровоз",
    "Полуприцеп-самосвал",
    "Полуприцеп-сортиментовоз",
    "Полуприцеп-трал",
    "Полуприцеп-цистерна"
   ],
   "Kome": [
    "JPPV-4"
   ],
   "Konar": [
    "JG2"
   ],
   "Korea Trailer": [
    "HL3-5DNXC",
    "Бортовой",
    "Газовоз",
    "Контейнеровоз",
    "Трал"
   ],
   "Korn Kippers": [
    "83830L",
    "85800L",
    "85800А",
    "85800В",
    "85800Е",
    "954500-010",
    "954500-315",
    "954500-317"
   ],
   "Korten": [
    "CGE 33"
   ],
   "Koscian": [
    "Полуприцепы-цистерны"
   ],
   "Kotschenreuther": [
    "SPF324",
    "SPS324"
   ],
   "Kraker": [
    "CF",
    "K-Force HD",
    "K-Force Стандарт"
   ],
   "Kramer": [
    "Прицеп-рефрижераторы"
   ],
   "Kroger": [
    "20 TTF",
    "24 TTF"
   ],
   "Kroll": [
    "G183"
   ],
   "Kromhout": [
    "3APCC 12-27",
    "DH-serie",
    "FH-serie",
    "FS-serie",
    "SH-serie"
   ],
   "Krone": [
    "AZW 18",
    "Box Carrier",
    "Box Liner",
    "City Liner",
    "Coil Liner",
    "Cool Liner",
    "Curtainsider Swap Box",
    "Dry Liner",
    "Fresh Liner",
    "Krone",
    "Light Liner",
    "Mega Liner",
    "Paper Liner",
    "Profi Liner",
    "SD",
    "SDC 24",
    "SDC 27",
    "SDP 27",
    "SDR 27",
    "Steel Swap Box",
    "WhiteWagon",
    "ZZP 18"
   ],
   "Krukenmeier": [
    "SLKA14",
    "TLP"
   ],
   "LAG": [
    "0-3-36",
    "0-3-40KDK",
    "GSA22",
    "TSA",
    "Шторные полуприцепы"
   ],
   "Laker": [
    "Heavy Duty",
    "Smart Trailer"
   ],
   "Lamberet": [
    "LVFS3EIR",
    "LVFS3F",
    "SR01",
    "SR2",
    "TFA",
    "YS-2P5"
   ],
   "Langendorf": [
    "Низкорамная платформа",
    "Полуприцеп - самосвал",
    "Полуприцеп-бортовой с КМУ",
    "Полуприцеп-панелевоз",
    "Полуприцеп-стекловоз",
    "Полуприцеп-цистерна"
   ],
   "Langfeld": [
    "Цистерны пищевые"
   ],
   "Latre": [
    "OC38/96BE",
    "OP-3AT"
   ],
   "Leci Trailer": [
    "3E20"
   ],
   "Lecinena": [
    "D0320",
    "D1846",
    "Other"
   ],
   "Lintrailers": [
    "Низкорамные тралы"
   ],
   "Lipov Waggon": [
    "F400",
    "F500",
    "F600",
    "F700"
   ],
   "Liyuanda": [
    "LYR9600JS"
   ],
   "Lizzard": [
    "9467"
   ],
   "Load Rite": [
    "WV1800"
   ],
   "Lodico": [
    "Полуприцеп-трал"
   ],
   "Lohr": [
    "C2H998",
    "EuroLohr",
    "S2M52X",
    "S2M59X",
    "TA10"
   ],
   "Lord Munsterland": [
    "380P",
    "Siesta"
   ],
   "LUECK": [
    "SKM35/3"
   ],
   "LuFeng": [
    "ST9400GFL"
   ],
   "Lunar": [
    "Astara",
    "Quasar",
    "Solar"
   ],
   "Luping Machinery": [
    "LPC9400"
   ],
   "Luyue": [
    "JC9406"
   ],
   "M&G": [
    "FFC20Y",
    "MAC27B"
   ],
   "M&V GmbH Siegmar": [
    "Euro 802",
    "Euro 902K",
    "Euro 903"
   ],
   "Magyar": [
    "SR3MEB",
    "TSA"
   ],
   "Maisonneuve": [
    "BITUMEN ROAD TANKER",
    "CHEMICAL ROAD TANKER",
    "FARM COLLECTION ROAD TANKER",
    "PETROL ROAD TANKER",
    "RELOAD ROAD TANKER",
    "WASTE ROAD TANKER"
   ],
   "Makinsan": [
    "MDL10",
    "MDL2",
    "MDL3",
    "MDL4",
    "MDL5",
    "MDL6",
    "MDL7",
    "MDL8",
    "MDL9",
    "MDS3",
    "MDYR3"
   ],
   "MAN": [
    "Wagen Meyer"
   ],
   "Maral": [
    "CM75",
    "MLT",
    "TC3",
    "TK3",
    "TR3",
    "TRC3"
   ],
   "Mas Treyler": [
    "Mas XL"
   ],
   "Massenza": [
    "1SVF703"
   ],
   "Max Trailer": [
    "Max 100",
    "Max 200",
    "Max 300",
    "Max 400"
   ],
   "Maxilode": [
    "ST303"
   ],
   "Mazzariol": [
    "P253"
   ],
   "Mega": [
    "Полуприцеп бортовой",
    "Полуприцеп лесовоз",
    "Полуприцеп низкорамный трал",
    "Полуприцеп с подвижным полом",
    "Полуприцеп самосвальный",
    "Полуприцеп самосвальный алюминиевый",
    "Полуприцеп самосвальный с двухсторонней разгрузкой",
    "Прицеп лесовоз",
    "Прицеп самосвальный"
   ],
   "Meierling": [
    "MSK"
   ],
   "Meiller": [
    "HK 2/32",
    "MHKS 41/3-S",
    "MHPS 41/3-S",
    "MZDA 18/21"
   ],
   "Menci": [
    "Menci",
    "Полуприцеп самосвальный",
    "Цистерна для перевозки кормов"
   ],
   "Merceron": [
    "Merceron"
   ],
   "Merker": [
    "M300"
   ],
   "Metaco": [
    "SD3"
   ],
   "Metal Fach": [
    "T730"
   ],
   "Metbox": [
    "M2"
   ],
   "Metsan": [
    "Цементовозы"
   ],
   "Meusburger": [
    "Бортовой полуприцеп",
    "Изотермический полуприцеп",
    "Полуприцеп-контейнеровоз",
    "Полуприцеп-низкорамный трал",
    "Полуприцеп-панелевоз",
    "Полуприцеп-сортиментовоз",
    "Самосвальный полуприцеп",
    "Самосвальный прицеп",
    "Тентованный полуприцеп"
   ],
   "Minerva": [
    "Minerva"
   ],
   "Mirofret": [
    "TRS-3.1"
   ],
   "Mistrall": [
    "S433P0"
   ],
   "MİM-MAK": [
    "45м3",
    "48м3",
    "49м3"
   ],
   "MKF Metallbau": [
    "CS40GV"
   ],
   "MMV": [
    "GA"
   ],
   "Mono-Transserviss": [
    "CD1251",
    "Тентованный полуприцеп"
   ],
   "Monon": [
    "Полуприцеп - контейнеровоз"
   ],
   "Montenegro": [
    "3S"
   ],
   "Montracon": [
    "Контейнерный полуприцеп",
    "Плоские полуприцепы",
    "Полуприцеп фургон",
    "Рефрижераторный полуприцеп",
    "Специальные полуприцепы",
    "Тентованные полуприцепы"
   ],
   "Montull": [
    "Зерновоз",
    "Трал",
    "Цистерна"
   ],
   "Moslein": [
    "Moslein"
   ],
   "Muller-Mitteltal": [
    "T4",
    "TS2"
   ],
   "Narko": [
    "Полуприцеп бортовой",
    "Полуприцеп изотермоческий",
    "Полуприцеп-контейнеровоз",
    "Полуприцеп-тент",
    "Полуприцеп-цистерна"
   ],
   "Nazar Trailer": [
    "Низкорамный трал",
    "Полуприцеп ботовой",
    "Полуприцеп-зерновоз",
    "Полуприцеп-контейнеровоз",
    "Полуприцеп-самосвал",
    "Полуприцеп-цистерна"
   ],
   "Neman": [
    "Полуприцеп бортовой",
    "Полуприцеп самосвальный",
    "Полуприцеп шторный"
   ],
   "Neptun": [
    "N6"
   ],
   "Neville Charrold": [
    "Самосвальные полуприцепы"
   ],
   "NFP": [
    "Полуприцеп - самосвал"
   ],
   "Nicolas": [
    "Nicolas"
   ],
   "Niewiadow": [
    "N126"
   ],
   "Nooteboom": [
    "Полуприцеп-контейнеровоз",
    "Полуприцеп-платформа",
    "Полуприцеп-трал"
   ],
   "Nordic Tank": [
    "Полуприцепы-цистерны"
   ],
   "Nordland": [
    "BT3500"
   ],
   "Norfrig": [
    "Trailer"
   ],
   "Novatrail": [
    "SKI"
   ],
   "Novus Trailer": [
    "9877"
   ],
   "Nuova Manaro": [
    "Полуприцеп-цистерна"
   ],
   "Nursan": [
    "3ANRS2"
   ],
   "O.ME.P.S.": [
    "CM-Series",
    "CR-Series",
    "S-Series"
   ],
   "Obermaier": [
    "OS2"
   ],
   "Rapido": [
    "Club",
    "Confortmatic",
    "Golf",
    "Orline"
   ],
   "Raven": [
    "Полуприцеп-контейнеровоз"
   ],
   "Recker": [
    "SA 16"
   ],
   "Reisch": [
    "35/24"
   ],
   "Renders": [
    "Euro 700",
    "N4G31",
    "N4TS31",
    "NS2W21",
    "ROC 12-27 E",
    "ROC 16.27 CC",
    "RS 330 F31",
    "RSCC 12-27",
    "SKM"
   ],
   "Respo": [
    "A41T2",
    "A42",
    "F35",
    "M20L",
    "M27L",
    "M33L",
    "M33L2",
    "M35L",
    "M35L2",
    "P40L2",
    "P55L2",
    "V59T1",
    "V64T",
    "V81T"
   ],
   "Ricofer": [
    "1PVF513",
    "2PVT523"
   ],
   "Rigual": [
    "S3NA"
   ],
   "Robinson": [
    "RVKE"
   ],
   "Rockson": [
    "989110-010",
    "989110-020",
    "989110-030",
    "989112-010",
    "989112-020",
    "989112-030",
    "989114-010",
    "989114-020",
    "989114-030",
    "989115-010",
    "989115-020",
    "989120-010",
    "989122-010",
    "989124-010",
    "989125-010",
    "989130-010",
    "989134-010",
    "989140-010",
    "989142-010",
    "989144-010",
    "989145-010",
    "989146-010",
    "989150",
    "989152",
    "989154",
    "989155",
    "989156",
    "989160-010",
    "989162-010",
    "989164-010",
    "989165-010",
    "989170",
    "989172",
    "989174",
    "989175"
   ],
   "Rofa": [
    "HKS"
   ],
   "ROHR": [
    "KA 18"
   ],
   "Rojo": [
    "GP4"
   ],
   "Roka": [
    "Roka"
   ],
   "Rolfo": [
    "Auriga",
    "Blizzard",
    "Classic",
    "Confidential transport",
    "Formula",
    "Oversize",
    "Truck transport"
   ],
   "Royen": [
    "Прицеп тентованный"
   ],
   "RTS Trailmaster": [
    "SF45/3A-19.5"
   ],
   "Rydwan": [
    "A1300",
    "A750",
    "C750",
    "Euro B3000",
    "Euro B3500",
    "Euro/B2600"
   ],
   "Sacim": [
    "Полуприцепы-цистерны"
   ],
   "Sahin Tanker": [
    "ST"
   ],
   "SAM": [
    "Laweta"
   ],
   "Samro": [
    "2ЕС",
    "Sambox",
    "SR",
    "SRV",
    "ST"
   ],
   "Santi": [
    "Цистерны для воспламеняющихся жидкостей",
    "Цистерны для пищевых жидкостей"
   ],
   "Saran Karoser": [
    "SKS"
   ],
   "Zremb": [
    "Контейнеровоз",
    "Низкорамный трал",
    "Полуприцеп-цистерна",
    "Самосвальный полуприцеп",
    "Тентованный полуприцеп"
   ],
   "ZVVZ": [
    "Цементовозы"
   ],
   "Zwalve": [
    "ZW-3"
   ],
   "Авто-Профи": [
    "30341"
   ],
   "АвтоГазТранс": [
    "ЦЖУ 18-2,0"
   ],
   "Автомастер": [
    "8565",
    "8593",
    "9083",
    "9406",
    "9576"
   ],
   "АвтоМаш": [
    "816022",
    "816264",
    "817228"
   ],
   "Автомеханический завод": [
    "Автолавки"
   ],
   "Автоспецсервис": [
    "935903"
   ],
   "АвтоСпецТехника": [
    "АСТ 94251"
   ],
   "Агромастер": [
    "8612",
    "GRAVITON 18",
    "GRAVITON 25",
    "ISON-8507",
    "ISON-8515",
    "ISON-8520"
   ],
   "АлексеевкаХиммаш": [
    "9635",
    "9647",
    "ППЦТ-51",
    "ППЦТ-56",
    "ППЦХ-22"
   ],
   "Аляска": [
    "Автовоз",
    "Великан",
    "Водник",
    "Дачник",
    "Дачник Люкс",
    "Дачник Плюс",
    "Квадро (7143)",
    "Коневозка",
    "Максимус",
    "Народник",
    "Нептун",
    "Платформа",
    "Подкат",
    "Ракета (71432)",
    "Скала",
    "Стрела",
    "Торпеда",
    "Тритон",
    "Турист",
    "Фермер",
    "Фермер Люкс",
    "Фермер Плюс",
    "Шторм"
   ],
   "АнВиР": [
    "BBQ Trailer",
    "Cross Lander",
    "Tough Lander",
    "Via-Lander",
    "Z-Lander"
   ],
   "АПС": [
    "Бортовые полуприцепы",
    "Полуприцепы-контейнеровозы",
    "Прицепы"
   ],
   "АСТ-Канаш": [
    "Автовоз",
    "Балковоз",
    "Панелевоз",
    "Трал"
   ],
   "АТЗ Транс-Абсолют": [
    "843112"
   ],
   "Атлетик": [
    "Лодочные прицепы",
    "Прицеп-термобудка",
    "Прицепы грузовые",
    "Прицепы двухосные",
    "Прицепы для квадроциклов",
    "Прицепы для снегоходов",
    "Прицепы с колпаком"
   ],
   "Багем": [
    "71101",
    "81073С"
   ],
   "Балтспецмаш": [
    "9453"
   ],
   "Баррель": [
    "ПЦ-8"
   ],
   "БЕЛАЗ": [
    "812"
   ],
   "Беслан": [
    "934820"
   ],
   "Бецема": [
    "полуприцеп-зерновоз",
    "полуприцеп-цементовоз",
    "полуприцеп-цистерна",
    "самосвальный полуприцеп",
    "самосвальный прицеп",
    "ТЦ 21"
   ],
   "БЗАП": [
    "94550",
    "94551",
    "94552",
    "94553",
    "94554",
    "9456"
   ],
   "БМК Трейлер": [
    "ATV-300 Trailer",
    "Off-Road Camper 1000",
    "Off-Road Camper 2000",
    "ПА-3000",
    "ПА-750",
    "ПЛ(Г)-750",
    "ПЛ-1500",
    "ПЛ-3000",
    "ПЛ-750",
    "ПТ-1500x3",
    "ПТ-3000x4",
    "ПТ-3000x6"
   ],
   "Богдан-Спецавтотехника": [
    "Полуприцепы автовозы"
   ],
   "БЭСТ": [
    "БЭСТ окрашенный",
    "БЭСТ оцинкованные борта",
    "БЭСТ оцинкованный",
    "Лодочный",
    "Престиж 1,9",
    "Престиж 2,0",
    "Прицеп для снегохода",
    "Цинк Мастер 1,7",
    "Цинк Мастер 1,8",
    "Цинк Мастер 2,0"
   ],
   "ВАРЗ": [
    "3811"
   ],
   "ВЗТМ": [
    "Полуприцепы-автовозы"
   ],
   "Викинг": [
    "716100",
    "716100 ЭКО+",
    "716101",
    "716102",
    "716103",
    "716104",
    "716105",
    "716110М4",
    "716110М5"
   ],
   "ВМЗ": [
    "9.601"
   ],
   "Вологодские Машины": [
    "912811"
   ],
   "ВОМЗ": [
    "Steelbear"
   ],
   "ВОЭАРЗ": [
    "М1"
   ],
   "ГАЗ": [
    "704"
   ],
   "Европрицеп": [
    "7119А1"
   ],
   "Егорьевская Сельхозтехника": [
    "2ПТСЕ"
   ],
   "Заводоуковский машзавод": [
    "Кедр"
   ],
   "ЗАО Мегаполис": [
    "1ПТС-9"
   ],
   "ЗиД": [
    "Енот"
   ],
   "Ижевские прицепы": [
    "Бюджет",
    "Бюджет оцинкованный",
    "Бюждет + удлинитель дышла",
    "Длинный-1",
    "Длинный-2",
    "Длинный-3",
    "Длинный-4",
    "Средний",
    "Средний оцинкованный",
    "Средний плюс",
    "Средний плюс оцинкованный",
    "Удлиненный",
    "Удлиненный оцинкованный",
    "ЭКО",
    "ЭКО Бюджет"
   ],
   "Исток": [
    "3791",
    "3792",
    "3793",
    "7119",
    "Универсал Люкс"
   ],
   "КАЗ": [
    "9370"
   ],
   "КамАЗ": [
    "8332 НЕФАЗ",
    "8332-10 НЕФАЗ",
    "8559 НЕФАЗ",
    "8560-10 НЕФАЗ",
    "8602 НЕФАЗ",
    "9308-10 НЕФАЗ",
    "9334-0000010 НЕФАЗ",
    "9334-010 НЕФАЗ",
    "9334-10 НЕФАЗ",
    "93341-0000010 НЕФАЗ",
    "93341-010 НЕФАЗ",
    "9509-10 НЕФАЗ",
    "95091 НЕФАЗ",
    "9516 НЕФАЗ",
    "9638-01 НЕФАЗ",
    "9638-10-01 НЕФАЗ",
    "96741-10 НЕФАЗ",
    "96741-30 НЕФАЗ",
    "96741-31 НЕФАЗ",
    "96742 НЕФАЗ",
    "96891-10 НЕФАЗ",
    "9693-10 НЕФАЗ",
    "ГКБ-8350",
    "ГКБ-8352"
   ],
   "Каменскавто": [
    "7133-1B01",
    "7133-1B07",
    "7133-1B08",
    "7133-1В10",
    "7157-1B01",
    "Капля",
    "Кочевник",
    "Фургон 2В30"
   ],
   "КАМЗПО Carrier": [
    "Багги",
    "Дачный",
    "Дачный 2",
    "Пионер",
    "Пионер 2",
    "Спорт",
    "Спорт 2",
    "Фермер",
    "Фермер 2"
   ],
   "КамМЗ": [
    "Полуприцепы автовозы"
   ],
   "Капри": [
    "ППЦ"
   ],
   "КАРЗ": [
    "Бортовые прицепы"
   ],
   "КЗС": [
    "949730",
    "949735"
   ],
   "Климовоавтоприцеп": [
    "Грузовой самосвальный полуприцеп"
   ],
   "КМЗ": [
    "7194",
    "7494",
    "8119",
    "8136",
    "8213",
    "8268",
    "8284",
    "9431",
    "Polo Praktik-202",
    "Polo Profi-236",
    "Polo Profi-350"
   ],
   "Колмогор": [
    "846100",
    "907803",
    "907804"
   ],
   "Корида-Тех": [
    "КРД-050100",
    "КРД-050101",
    "КРД-050105",
    "КРД-050106",
    "КРД-050108",
    "КРД-050110",
    "КРД-050112",
    "КРД-050114",
    "КРД-050115",
    "КРД-050122",
    "КРД-050125",
    "КРД-050130",
    "КРД-050140",
    "ПМ-01"
   ],
   "КрАЗ": [
    "8138",
    "А181"
   ],
   "Крафт": [
    "719901В"
   ],
   "Кремень": [
    "Бизнес",
    "Премиум",
    "Стандарт",
    "Стандарт плюс"
   ],
   "Криогенмаш": [
    "Полуприцеп-цистерна"
   ],
   "КрКЗ": [
    "КрКЗ-100"
   ],
   "КРМЗ": [
    "Бизнес 111500",
    "Бизнес 111510",
    "Бизнес 111550",
    "Бизнес 121550",
    "Бюджет 111110",
    "Речник 113100",
    "Речник 113200",
    "Речник 113300",
    "Стандарт 111100",
    "Стандарт Плюс 111200",
    "Универсал 111300",
    "Универсал 111320",
    "Универсал 111350",
    "Универсал 121300",
    "Универсал 121320",
    "Универсал 121350",
    "Фермер 111400"
   ],
   "Купава": [
    "811000",
    "813210",
    "813220",
    "813226",
    "813228",
    "813230",
    "813260",
    "813270",
    "813281",
    "813290",
    "8281",
    "9300W0",
    "Полуприцепы-рефрижераторы"
   ],
   "Курганские прицепы": [
    "Атлет 8213 В5",
    "Байкалец 8213 05",
    "Водник 8213 03",
    "Водник 8213 А5",
    "Водник удлиненный 8213 B5",
    "Водник удлиненный 8213 B7",
    "Водник удлиненный 8213 А7",
    "Горожанин 8213 03",
    "Горожанин 8213 B5",
    "Горожанин 8213 А5",
    "КР 2211",
    "КР 2232",
    "Крепыш 8213 03",
    "Плац 8213 Е7",
    "Стандарт 8213 01",
    "Тайга 8213 A7",
    "Тайга ZN 8213 B5",
    "Тайга Плюс 8213 В7",
    "Тандем 82132Е",
    "Тандем-Пчеловод 82132Е",
    "Трофи",
    "Универсал 8213 05",
    "Универсал Плюс 8213 А5",
    "Уралец 8213 00",
    "Уралец 8213 03"
   ],
   "ЛАВ": [
    "81011",
    "81012",
    "81013",
    "81014",
    "81015",
    "81016",
    "81017",
    "81018",
    "81019",
    "81021",
    "81022",
    "81023",
    "81025"
   ],
   "Лаггар": [
    "Навигатор",
    "Покоритель",
    "Чеглок"
   ],
   "Леком": [
    "71592L"
   ],
   "Ленкомтех": [
    "ЛКТ-2.5П",
    "ЛКТ-3.5П",
    "ЛКТ-4В",
    "ЛКТ-5В",
    "ЛКТ-5П",
    "ЛКТ-8В",
    "ППЦ-23",
    "ППЦ-24",
    "ППЦ-28",
    "ППЦ-30",
    "ППЦ-40",
    "ПЦ-10.7",
    "ПЦ-15",
    "ПЦ-6",
    "ПЦ-8.5"
   ],
   "Лидер": [
    "8432"
   ],
   "Лидсельмаш": [
    "Л"
   ],
   "ЛКЗ": [
    "8101"
   ],
   "ЛТС-Опытный завод": [
    "89820"
   ],
   "МагисТралъ": [
    "846410"
   ],
   "МАЗ": [
    "Полуприцеп - контейнеровоз",
    "Полуприцеп - рефрижератор",
    "Полуприцеп - роспуск",
    "Полуприцеп бортовой",
    "Полуприцеп изотермический",
    "Полуприцеп самосвальный",
    "Полуприцеп сортиментовоз",
    "Полуприцеп тентованный",
    "Полуприцеп тяжеловоз",
    "Полуприцеп фургон",
    "Полуприцеп-панелевоз",
    "Полуприцеп-цистерна",
    "Прицеп - роспуск",
    "Прицеп - фургон",
    "Прицеп бортовой",
    "Прицеп легковой",
    "Прицеп самосвальный",
    "Прицеп шасси",
    "Прицеп-сортиментовоз"
   ],
   "МАК-а": [
    "Автоприцеп-цистерна"
   ],
   "Манак-Авто": [
    "4S0U1N",
    "4V1U1N",
    "5S0U2N",
    "6S0U3N",
    "7S0U4N",
    "8794FA",
    "8794FB",
    "8794TA",
    "8794TB",
    "8794TC",
    "Бортовые полуприцепы",
    "Изотермические полуприцепы",
    "Контейнеровозы",
    "Полуприцепы-платформы",
    "Птицевозы",
    "Самосвальные полуприцепы",
    "Тентованные клапанные",
    "Тентованные шторные"
   ],
   "Машзавод им. Куйбышева": [
    "ГКБ-8526"
   ],
   "Машино-Деталь": [
    "878521",
    "878522",
    "878529",
    "878531",
    "878532",
    "878533",
    "878534",
    "878535",
    "878536",
    "878537",
    "878538",
    "878539",
    "8785H1",
    "8785H2",
    "8785H3",
    "8785H4",
    "8785H8",
    "8785H9"
   ],
   "Меткомплекс": [
    "Прицеп бортовой"
   ],
   "МЗКТ": [
    "99867"
   ],
   "МЗСА": [
    "16000ЯТ",
    "4200",
    "817700",
    "817701",
    "817702",
    "817703",
    "817704",
    "817705",
    "817708",
    "81771",
    "817710",
    "817711",
    "817712",
    "817713",
    "817714",
    "817715",
    "817716",
    "817717",
    "817718",
    "817719",
    "81771D",
    "81771G",
    "81771В",
    "81771Е",
    "81771С",
    "81771С.012",
    "81772В",
    "81773",
    "817730",
    "817731",
    "817732",
    "817733",
    "817735",
    "817736",
    "817738",
    "817739",
    "81773G",
    "821131.202",
    "821131.302",
    "821700",
    "821700.25",
    "821710",
    "821711",
    "821712",
    "822131",
    "822131.602",
    "822141.502",
    "822141.602",
    "822151.402",
    "823111.102",
    "831123",
    "831134",
    "8314",
    "831431",
    "832134",
    "832162",
    "832164",
    "8322",
    "832253",
    "832264",
    "832310",
    "832320.008",
    "832321.004",
    "832321.007",
    "832322",
    "842123",
    "852111",
    "8724",
    "9314"
   ],
   "ММЗ": [
    "771Б",
    "81021",
    "81024",
    "8113",
    "8176"
   ],
   "МоАЗ": [
    "СМБ-060А"
   ],
   "МордовАгроМаш": [
    "2ПТС",
    "8285",
    "85080S",
    "85081B",
    "85081S",
    "ПКП-4"
   ],
   "МосДизайнМаш": [
    "Полуприцеп-изотермический",
    "Полуприцеп-рефрижератор",
    "Полуприцеп-тушевоз",
    "Прицеп до 16т",
    "Прицеп до 3,5т"
   ],
   "МТЗ": [
    "2ПТС-4",
    "2ПТС-4.5"
   ],
   "МТМ": [
    "59",
    "9330",
    "938910",
    "9397",
    "9985"
   ],
   "НАБИ": [
    "ПС-84752"
   ],
   "Невские машины и прицепы": [
    "836904",
    "836907"
   ],
   "НефАЗ": [
    "93344",
    "П/п бортовой",
    "П/п контейнеровоз",
    "П/п рефрижератор",
    "П/п самосвальный",
    "П/п цистерна",
    "прицеп бортовой",
    "прицеп самосвальный",
    "прицеп цистерна"
   ],
   "НЛМК": [
    "8129"
   ],
   "НовосибАРЗ": [
    "843410",
    "843420",
    "852300",
    "981300",
    "981310"
   ],
   "Новтрак": [
    "SH-454",
    "АК-32"
   ],
   "НПФ Магистр": [
    "Магистр 350"
   ],
   "НПФ Спецмаш": [
    "9350"
   ],
   "ОдАЗ": [
    "828",
    "8300",
    "885",
    "9300",
    "9350",
    "9357",
    "9370",
    "9385",
    "9500",
    "9763",
    "97631",
    "9772",
    "97725",
    "9958"
   ],
   "ОЗТП-Сармат": [
    "810240",
    "8589",
    "9557",
    "96404"
   ],
   "ООО Атлант": [
    "848410"
   ],
   "Орелстроймаш": [
    "ОПМ-2.0",
    "ОПМ-3.5"
   ],
   "ПЗГТ": [
    "84400"
   ],
   "Питер Трейлер": [
    "РТ0032"
   ],
   "ПК УСПТ": [
    "4679P7-10"
   ],
   "Планета": [
    "852900",
    "852901",
    "852911А",
    "852911В"
   ],
   "Пластент": [
    "Миникемпер"
   ],
   "ПМЗ": [
    "8131"
   ],
   "Полипрофиль": [
    "82700",
    "82722",
    "8277",
    "83771"
   ],
   "Политранс": [
    "84283-0000034-01H",
    "84284",
    "9416",
    "94163-0000031-032",
    "94163-030-FN00",
    "94165-0000040-5H00",
    "9417",
    "9417-0000020-63АЖ1",
    "9417-0000036-K10H",
    "9417-0000036-L10H0",
    "9417-0000040-6EDW",
    "94171-0000011",
    "94171-0000011-К3АД",
    "9418",
    "94182",
    "94183-0000030-0H00",
    "94183-0000030-5Ж00",
    "94183-0000070-0Ж00",
    "94183-0000070-0Ж01",
    "94184-0000030-4Е02",
    "94186"
   ],
   "ПрицепЦентр": [
    "Титан 71710000010"
   ],
   "Прогресс": [
    "7135"
   ],
   "ПромАгро Прицеп": [
    "ПТ 2x3.5К",
    "ПТ 2x3.5КВ",
    "ПТ 2x5КВ"
   ],
   "Промсвязь": [
    "ПС 8934"
   ],
   "Промтехсервис": [
    "Орион"
   ],
   "РИАТ": [
    "924900"
   ],
   "РМЗ": [
    "КМЗ-8119",
    "ЛТ-191",
    "РМЗ-531M",
    "РМЗ-532"
   ],
   "РМЗ Дорожник": [
    "85850 D"
   ],
   "Ровносельмаш": [
    "АСП"
   ],
   "Рой Моторс": [
    "Полуприцепы-автовозы"
   ],
   "РосСпецПрицеп": [
    "9462"
   ],
   "Рострак": [
    "110A",
    "120K",
    "130C",
    "130D",
    "140D",
    "210A",
    "240D"
   ],
   "Русич (КЗКТ)": [
    "9101"
   ],
   "Русский грузовик": [
    "834111"
   ],
   "САВ (СпецАвто-Восток)": [
    "8343",
    "93182",
    "9528",
    "99402С"
   ],
   "САЗ": [
    "8166",
    "8299",
    "8317",
    "9414",
    "9459"
   ],
   "Саранский авторемонтный завод": [
    "2ПТС-4"
   ],
   "Сармат": [
    "8232"
   ],
   "САТ": [
    "112",
    "118",
    "119",
    "123",
    "124",
    "125",
    "133",
    "135",
    "14",
    "24",
    "АСТ",
    "САТ-47К"
   ],
   "Сеспель": [
    "9648",
    "DB3U24",
    "DB3U28",
    "DB3U32",
    "DB3U34",
    "SB3U35",
    "Полуприцепы-цистерны"
   ],
   "СЗАП": [
    "8305",
    "8306",
    "8352",
    "8357",
    "8527",
    "8538",
    "8543",
    "8551",
    "9327",
    "93271",
    "93272",
    "9328",
    "9329",
    "9340",
    "9515",
    "9517",
    "9905",
    "9915",
    "Бортовые полуприцепы"
   ],
   "СЗТК": [
    "Shark"
   ],
   "Сибирь Трейлер": [
    "732014",
    "733322",
    "8343",
    "931821",
    "931823",
    "9528",
    "99402"
   ],
   "Сибтрал": [
    "8140",
    "85241",
    "8994",
    "93241",
    "9370",
    "93701",
    "9383",
    "9385",
    "938503",
    "99821"
   ],
   "Скиф": [
    "01",
    "500",
    "М1",
    "М2"
   ],
   "Слон": [
    "Б3.40-001.ЭКО",
    "В3.40-ЭКО",
    "В3.45-ЭКО",
    "В3.65-ЭКО",
    "Н2.30-ЭКО",
    "Н3.40-002-ЭКО",
    "Н3.40-ЭКО",
    "Н4.50-003-ЭКО",
    "Н4.55-ЭКО",
    "Н5.65-ЭКО"
   ],
   "СМЗ": [
    "810",
    "81652",
    "83",
    "94"
   ],
   "СНМ (Стройнефтемаш)": [
    "СНМП-25"
   ],
   "Спецавтомаш": [
    "6377"
   ],
   "СпецАвтоПрицеп": [
    "САП-895811",
    "САП-895821"
   ],
   "СпецМаш": [
    "1ПТС2",
    "849001",
    "8490020-07",
    "849011",
    "849012",
    "849013",
    "849020",
    "849020-06",
    "849020-07",
    "849020-08",
    "849021-01",
    "849021-02",
    "849022-02",
    "84902XX-XX",
    "849030",
    "849031",
    "849032",
    "849040",
    "849041",
    "849043",
    "849044",
    "849045",
    "849046",
    "849047",
    "849048",
    "849049",
    "849050",
    "849051",
    "849052",
    "849053",
    "849054",
    "849055",
    "849056",
    "849061",
    "849062",
    "849063",
    "849071",
    "849071-03",
    "849071-04",
    "849081",
    "849082",
    "849090",
    "849091",
    "849092",
    "849093",
    "849093-1",
    "849094-01",
    "849094-02",
    "849096",
    "8490T1",
    "Кабелеукладчик К2",
    "Прицеп роспуск",
    "Прицеп-цистерна",
    "ПТС-3.5-1",
    "СМ-8490С1",
    "СМ-8490С2",
    "СМ-8490С3",
    "СМ-8490С4",
    "СМ-8490С5",
    "СМ-8490С6",
    "СМ-8490С7"
   ],
   "Спецмашприцеп": [
    "836907",
    "934620",
    "935903",
    "935911",
    "993223",
    "99424R"
   ],
   "Спутник": [
    "Мото",
    "Плюс",
    "ПРО",
    "Снежик",
    "Эко"
   ],
   "ССТ": [
    "7132-01",
    "7132-02",
    "7132-03",
    "7132-06",
    "7132-08",
    "7132-09",
    "7132-10"
   ],
   "СтавПрицеп": [
    "8499-50",
    "8499-60",
    "8499/011",
    "8499/02",
    "8499/030",
    "8499/030СХ",
    "849900",
    "8594-50",
    "8594/01",
    "8594/011",
    "8594/030",
    "8594/030СХ",
    "9230",
    "9230/010",
    "9230/021",
    "9230/030",
    "9230/030СХ",
    "Grosser F30",
    "Grosser F33"
   ],
   "Ставровский прицеп": [
    "RC-PT-01",
    "ПМК"
   ],
   "СтальМашСервис": [
    "90681"
   ],
   "Старт": [
    "8611-12 (ОТА-0,9)",
    "9413-00",
    "ОТА-20Н"
   ],
   "Сторк": [
    "Полуприцеп-цистерна"
   ],
   "Строймаш-сервис": [
    "93231"
   ],
   "Стройремавто": [
    "АПС 5521",
    "АПС 5522",
    "АПС 5531",
    "АПС 5532",
    "АПС 5533",
    "АПС 5534",
    "АПС 5541"
   ],
   "СТС": [
    "94472"
   ],
   "Сургутавтоприцеп": [
    "Бортовой",
    "Контейнеровоз",
    "Сортиментовоз",
    "Трал"
   ],
   "Танко": [
    "8438",
    "8854"
   ],
   "ТАПЗ": [
    "755"
   ],
   "Тверьстроймаш": [
    "83402Т",
    "83403T",
    "9939 B4",
    "9939 BY",
    "993920",
    "993930",
    "993931",
    "99393C",
    "99393E",
    "99393F",
    "99393H",
    "99393P",
    "99393W",
    "99393Т",
    "993940",
    "993941",
    "99394E",
    "99394F",
    "99395Е",
    "993960",
    "99396E",
    "99397",
    "9939BA"
   ],
   "Техмаш": [
    "Ермак"
   ],
   "Технотерра": [
    "Прицеп бортовой",
    "Прицеп специализированный",
    "Прицеп-платформа",
    "Прицеп-цистерна"
   ],
   "Технотрон": [
    "Полуприцепы автовозы"
   ],
   "ТЕХПРО": [
    "Люкс"
   ],
   "ТЗА": [
    "588511",
    "588514",
    "589001",
    "8538",
    "8543М",
    "8551",
    "8551-02-01",
    "93341",
    "СБ-207"
   ],
   "Титан": [
    "2515",
    "3015",
    "7171-10",
    "7171-10-01",
    "7171-10-04",
    "7171-10.4",
    "Площадка",
    "Прицеп бортовой 3-х осный",
    "Самосвальные прицепы"
   ],
   "ТМЗ": [
    "802",
    "8966",
    "89661",
    "89662",
    "9005",
    "9307",
    "9362",
    "9383",
    "9851",
    "9852"
   ],
   "ТМК": [
    "835305"
   ],
   "Тольяттинские прицепы": [
    "710864"
   ],
   "Тонар": [
    "8132",
    "8168",
    "8188",
    "8191",
    "8253",
    "8310",
    "8579",
    "8597",
    "86101",
    "86102",
    "86104",
    "8707",
    "8742",
    "8745",
    "8953",
    "8980",
    "9385",
    "9386",
    "9388",
    "9442",
    "9444",
    "9445",
    "9523",
    "9541",
    "9585",
    "9586",
    "9589",
    "9594",
    "9595",
    "9598",
    "9746",
    "9767",
    "9785",
    "9786",
    "9788",
    "9826",
    "9887",
    "9888",
    "98883",
    "9985",
    "9987",
    "9988",
    "9989",
    "99891",
    "SH3-33",
    "ПС-200",
    "ПТ-1",
    "ПТ-2",
    "ПТ-3",
    "ПТ-4",
    "ПТ-5",
    "ПТ-7",
    "ПТТ"
   ],
   "Тотем": [
    "ПТ-1"
   ],
   "Транслес": [
    "Translift"
   ],
   "Трансмаш (КАМА)": [
    "870611",
    "9423"
   ],
   "ТрансПневмоХолдинг": [
    "ПТСТ 2x4"
   ],
   "Трейлер": [
    "8294",
    "82944",
    "829440",
    "82944С",
    "829450",
    "8298",
    "82980",
    "829800",
    "82980А",
    "82980С"
   ],
   "Троттер": [
    "Самосвальные",
    "Цистерны"
   ],
   "ТТехно": [
    "91022",
    "911021",
    "911022",
    "911023",
    "911024",
    "911031",
    "911032"
   ],
   "Тундра": [
    "TU011F",
    "TU011M",
    "TU011P",
    "TU011R",
    "TU011S",
    "TU012F",
    "TU012M",
    "TU012P",
    "TU012S"
   ],
   "УАЗ": [
    "8109"
   ],
   "УЗСТ": [
    "9178"
   ],
   "Урал-Маркет": [
    "4456"
   ],
   "Уралавтоприцеп": [
    "833520",
    "833570",
    "83981",
    "83991",
    "83992",
    "855410",
    "93262",
    "9337",
    "93853",
    "95201",
    "9906",
    "99865",
    "9990"
   ],
   "УралСпецМаш": [
    "904703"
   ],
   "УралСпецТранс": [
    "Полуприцеп бортовой",
    "Полуприцеп-контейнеровоз",
    "Полуприцеп-сортиментовоз",
    "Полуприцеп-тяжеловоз",
    "Полуприцеп-цистерна",
    "Прицеп бортовой",
    "Прицеп-контейнеровоз",
    "Прицеп-роспуск",
    "Прицеп-сортиментовоз",
    "Прицеп-тяжеловоз",
    "Прицеп-цистерна"
   ],
   "Феникс": [
    "780272"
   ],
   "Хозяин": [
    "ПСКТ"
   ],
   "Центртранстехмаш": [
    "Контейнеровоз",
    "Прицеп-автовоз",
    "Прицепы фургон-магазины"
   ],
   "ЦП": [
    "Панелевозы",
    "Полуприцеп бортовой"
   ],
   "Чайка-Сервис": [
    "Полуприцепы-автовозы"
   ],
   "ЧелябДорМаш": [
    "943800",
    "943821",
    "943823",
    "943824",
    "943825",
    "943833",
    "943834",
    "943835",
    "943836",
    "943837",
    "943838",
    "943845",
    "943867"
   ],
   "ЧелябТехСтром": [
    "8469"
   ],
   "ЧКПЗ": [
    "943300",
    "943310"
   ],
   "ЧМЗ": [
    "Полуприцеп бортовой",
    "Полуприцеп-цистерна"
   ],
   "ЧМЗАП": [
    "Бортовые",
    "Высокорамные",
    "Контейнеровозы",
    "Низкорамные",
    "Панелевозы",
    "Самосвальные",
    "Среднерамные",
    "Тентованные",
    "Цистерны"
   ],
   "Штурман Кредо+": [
    "83703",
    "85300",
    "95300"
   ],
   "Энергомаш": [
    "ППЦ-23"
   ],
   "ЭРМЗ": [
    "Прицеп-цистерны"
   ]
  }
 },
 {
  "id": "truck",
  "name": "Грузовик",
  "group": "commercial",
  "list": {
   "Altkam": [
    "5443",
    "6491",
    "6550"
   ],
   "ASHOK LEYLAND": [
    "BOSS",
    "Partner"
   ],
   "ASTRA": [
    "HD7 Serie",
    "HD8 Serie",
    "HD9 Serie"
   ],
   "Avia": [
    "A21",
    "A31",
    "A60",
    "A65",
    "A75",
    "A80",
    "AD100",
    "D - Series"
   ],
   "BAW": [
    "Fenix"
   ],
   "Bedford": [
    "TK"
   ],
   "Nissan": [
    "Atlas",
    "Atleon",
    "Cabstar",
    "Diesel",
    "Diesel Condor"
   ],
   "Shenye": [
    "ZJZ3251"
   ],
   "ShiFeng": [
    "SSF 1040"
   ],
   "Silant": [
    "2868"
   ],
   "Sinotruk Hania (Howo)": [
    "6x2",
    "6x4",
    "8x4"
   ],
   "Sisu": [
    "E11",
    "E12",
    "E14",
    "E18",
    "S-Series"
   ],
   "Skoda": [
    "706"
   ],
   "Skoda LIAZ": [
    "FZ",
    "Series 100",
    "Series 200",
    "Series 300",
    "Series 400"
   ],
   "Star": [
    "266"
   ],
   "Sterling": [
    "Acterra",
    "Bullet",
    "L-line"
   ],
   "Steyr": [
    "15s21",
    "8s18"
   ],
   "Studebaker": [
    "US6"
   ],
   "TATA": [
    "407",
    "613",
    "LPT"
   ],
   "Tatra": [
    "ARMAX",
    "T 148",
    "T 158 Phoenix",
    "T 163 Jamal",
    "T 810",
    "T 815"
   ],
   "Terberg": [
    "FL-Series",
    "FM-Series"
   ],
   "Tiema": [
    "XC3240",
    "XC3318A"
   ],
   "Titan": [
    "Z72",
    "Z80"
   ],
   "Toyota": [
    "Dyna",
    "Hino"
   ],
   "Volkswagen": [
    "Constellation",
    "Crafter",
    "LT"
   ],
   "Volvo": [
    "F-Series",
    "FE",
    "FH",
    "FL",
    "FM",
    "FMX",
    "FS",
    "N",
    "NH",
    "VHD"
   ],
   "WAW": [
    "FD1040"
   ],
   "Western Star": [
    "4900",
    "6900"
   ],
   "Youngman": [
    "YTQ3250"
   ],
   "Yuejin": [
    "1042",
    "1080"
   ],
   "АМУР": [
    "5312"
   ],
   "БЕЛАЗ": [
    "7540"
   ],
   "БЗКТ": [
    "6306",
    "6909",
    "6910",
    "8026",
    "8027",
    "8029",
    "8973"
   ],
   "Вездеходы ГВА": [
    "38481"
   ],
   "ГАЗ": [
    "2784",
    "3306",
    "3307",
    "3308",
    "3309",
    "3325 Егерь II",
    "3937 Водник",
    "4301",
    "4741",
    "51",
    "52",
    "53",
    "59037",
    "62",
    "63",
    "66",
    "АА",
    "Валдай",
    "Валдай Next",
    "ГАЗель Next 4.6",
    "ГАЗон Next",
    "ГАЗон Next 10.0",
    "ММ",
    "Садко Next"
   ],
   "ГАЗ-САЗ": [
    "2507",
    "3507"
   ],
   "ЗИЛ": [
    "130",
    "131",
    "133",
    "157",
    "164",
    "4314",
    "4315",
    "4316",
    "4327",
    "4329",
    "4331",
    "4333",
    "4334",
    "4336",
    "4502 ММЗ",
    "4505",
    "4506",
    "4508",
    "4514",
    "4945",
    "4972",
    "5301 \"Бычок\"",
    "5302",
    "5343",
    "550 ММЗ",
    "554",
    "6309",
    "АТЦ 100"
   ],
   "ЗИС": [
    "ЗИС-5"
   ],
   "КАЗ": [
    "4540",
    "608"
   ],
   "КамАЗ": [
    "4308",
    "4310",
    "43114",
    "43118",
    "43253",
    "43255",
    "4326",
    "4350",
    "45141",
    "45142",
    "45143",
    "45144",
    "4528",
    "4911",
    "5308",
    "5320",
    "5321",
    "53215",
    "53228",
    "53229",
    "5325",
    "5350",
    "53605",
    "5410",
    "55102",
    "5511",
    "6350",
    "63501",
    "6360",
    "65111",
    "65115",
    "65116",
    "65117",
    "6520",
    "65201",
    "65207",
    "65208",
    "6522",
    "65222",
    "65224",
    "6540",
    "6560",
    "6580",
    "65801",
    "65802",
    "65808"
   ],
   "КрАЗ": [
    "250",
    "255",
    "256",
    "257",
    "260",
    "5133",
    "61xx",
    "6230",
    "6322",
    "6437",
    "6503",
    "6505",
    "6510",
    "7133",
    "7140"
   ],
   "МАЗ": [
    "200",
    "205",
    "236",
    "238",
    "4370",
    "4371",
    "4380",
    "4381",
    "4570",
    "4571",
    "4581",
    "4744",
    "47820",
    "500",
    "509",
    "509А",
    "5309",
    "5316",
    "5334",
    "5336",
    "5337",
    "5340",
    "5343",
    "5434",
    "5516",
    "5549",
    "5550",
    "5551",
    "5659",
    "5743",
    "6302",
    "6303",
    "6310",
    "6312",
    "6317",
    "6501",
    "6514",
    "6516",
    "6517"
   ],
   "МАЗ-МАН": [
    "630168",
    "630368",
    "6315",
    "6320",
    "6325",
    "651668",
    "730168",
    "730268",
    "750268",
    "7525",
    "7565"
   ],
   "МЗКТ": [
    "6515",
    "65151",
    "65158",
    "6525",
    "6527",
    "700x",
    "7501",
    "7516",
    "7908",
    "7909",
    "7919",
    "7930",
    "8006",
    "8007"
   ],
   "НефАЗ": [
    "Автоцистерны",
    "Топливозаправщики"
   ],
   "Русич (КЗКТ)": [
    "6531"
   ],
   "Тонар": [
    "6528"
   ],
   "Трэкол": [
    "Кайман"
   ],
   "Урал": [
    "375",
    "4211",
    "4320",
    "43443",
    "4672B2-10",
    "5323",
    "5557",
    "583100",
    "6362",
    "6363",
    "6368",
    "6370",
    "6551",
    "6563",
    "Next",
    "УралЗиС 355"
   ],
   "ХАНТ": [
    "8051B",
    "8051S",
    "8051T"
   ],
   "ЯРОВИТ МОТОРС": [
    "Gloros"
   ]
  }
 }
]
