[
 {
  "id": "atv",
  "name": "Мотовездеход",
  "group": "moto",
  "list": {
   "ABM": [
    "Apache 150",
    "Apache 200",
    "Apache 400",
    "ATV-100",
    "ATV-150",
    "ATV-90",
    "Ninja",
    "Scorpion 110",
    "Scorpion 125",
    "Scorpion 150",
    "Scorpion 250",
    "UTV 500"
   ],
   "Access": [
    "AX 700U 4x4 EFI",
    "BEAR 400 4x4",
    "SP 300 S",
    "SP 400 S EFI",
    "SP 450 SM"
   ],
   "Adly": [
    "150U",
    "220U",
    "300 Sport",
    "320S",
    "320U",
    "50",
    "500S",
    "600U",
    "Hurricane 500S",
    "MK 320"
   ],
   "Aeon": [
    "Cobra 100",
    "Cobra 220",
    "Cobra 320",
    "Cobra 350",
    "Cobra 50",
    "Crossland 300",
    "Crossland 350",
    "SXS Cube 350 4WD"
   ],
   "AIE Motor": [
    "4cross",
    "MagMax"
   ],
   "Applestone": [
    "APU",
    "UTV"
   ],
   "Arctic Cat": [
    "1000 Series",
    "150 Series",
    "300 Series",
    "400 Series",
    "450 Series",
    "500 Series",
    "550 Series",
    "650 Series",
    "700 Series",
    "Prowler",
    "Wildcat"
   ],
   "Хищник": [
    "2902"
   ],
   "ХТЗ": [
    "МТ-ЛБ"
   ],
   "ЧЕТРА": [
    "ТМ-130"
   ],
   "Шатун": [
    "Шатун"
   ],
   "Шерп (Sherp)": [
    "Шерп",
    "Шерп Max",
    "Шерп Pickup",
    "Шерп Pro"
   ],
   "Шторм": [
    "Шторм"
   ],
   "ЯМАЛ": [
    "H-4 Cross",
    "H-4L",
    "H-4S",
    "T-6",
    "T-6L",
    "T-6L Cross",
    "БМЕ-1015"
   ]
  }
 },
 {
  "id": "motorcycle",
  "name": "Мотоцикл",
  "group": "moto",
  "list": {
   "ABM": [
    "Alpha 110",
    "Alpha 50",
    "FX 200",
    "GX 250",
    "Helper 250",
    "Jazz 125",
    "MSX 125",
    "Pegas 200",
    "Phantom 125",
    "Raptor 140",
    "Raptor 200",
    "Raptor 250",
    "Raptor 50",
    "Road Star 250",
    "RX 200",
    "SX 250",
    "ZR 200",
    "ZR 250"
   ],
   "Aermacchi": [
    "350 TV",
    "Ala Azzurra",
    "Ala Bianca",
    "Ala D Oro",
    "Ala Verde",
    "Chimera",
    "Wisconsin"
   ],
   "AJP": [
    "PR3",
    "PR4",
    "PR5",
    "PR7"
   ],
   "AJS": [
    "7R",
    "Cadwell",
    "JSM",
    "Model 18",
    "Model 20",
    "Model 31",
    "Porcupine",
    "TN12",
    "TN25"
   ],
   "Alfer": [
    "TX 300",
    "VR 2000",
    "VR 250"
   ],
   "Amazonas": [
    "1600"
   ],
   "American Eagle": [
    "Falcon MS Cruiser",
    "Raptor",
    "Raven",
    "Street Fighter"
   ],
   "American IronHorse": [
    "Tejas",
    "Texas Chopper"
   ],
   "Apollo": [
    "Elite",
    "Freeride",
    "Junior",
    "Mini",
    "Open",
    "Start"
   ],
   "Aprilia": [
    "AF1 125",
    "AF1 50",
    "Blue Marlin 1000",
    "Classic 125",
    "Classic 50",
    "Dorsoduro 1200",
    "Dorsoduro 750",
    "Dorsoduro 900",
    "ETV 1000 Caponord",
    "ETV 1200 Caponord",
    "ETX 125",
    "ETX 350",
    "ETX 600",
    "Mana 850",
    "Moto 6.5",
    "MX 125",
    "MX 50",
    "MXV 4.5",
    "Pegaso 125",
    "Pegaso 600",
    "Pegaso 650",
    "Pegaso 650 Factory",
    "Pegaso 650 Strada",
    "Pegaso 650 Trail",
    "Pegaso Tuscany Tibet",
    "RS 125",
    "RS 250",
    "RS 50",
    "RS 660",
    "RS4 125",
    "RS4 50",
    "RST 1000 Futura",
    "RSV Mille",
    "RSV1000 R",
    "RSV4",
    "RX 125",
    "RX 250",
    "RX 50",
    "RXV 450",
    "RXV 550",
    "SL 1000 Falco",
    "SL 750 Shiver",
    "SL 900 Shiver",
    "SX 125",
    "SX 50",
    "SXV 450",
    "SXV 550",
    "Tuareg 125",
    "Tuareg 250",
    "Tuareg 50",
    "Tuareg 600",
    "Tuono 1000",
    "Tuono 125",
    "Tuono 50",
    "Tuono 660",
    "Tuono V4",
    "TX 125",
    "TX 311M",
    "TXR 312"
   ],
   "Arch Motorcycle": [
    "1s",
    "KRGT-1",
    "Method 143"
   ],
   "ИЖ": [
    "Иж-350",
    "Иж-49",
    "Иж-56",
    "К-15",
    "К-16",
    "Корнет",
    "М-15",
    "М-16",
    "Планета",
    "Планета Спорт",
    "Юнкер",
    "Юпитер"
   ],
   "ИжТехМаш": [
    "Скаут"
   ],
   "Ковровец": [
    "К-125",
    "К-175",
    "К-58"
   ],
   "Львовский мотозавод": [
    "Верховина",
    "Карпаты"
   ],
   "ММЗ": [
    "М1"
   ],
   "ПМЗ": [
    "ПМЗ-А-750"
   ],
   "РМЗ": [
    "Дельта",
    "Мини",
    "Рига"
   ],
   "ТМЗ (Туламашзавод)": [
    "5.951",
    "5.952",
    "ГТС-1"
   ],
   "Урал": [
    "cT",
    "Gear-Up",
    "M-61",
    "M-62",
    "M-63",
    "M-66",
    "M-67",
    "M-72",
    "Patrol",
    "Retro",
    "Retro M70",
    "Solo",
    "Tourist",
    "Волк",
    "Вояж",
    "Геркулес",
    "ИМЗ-8.103",
    "М-100",
    "МГ-350"
   ]
  }
 },
 {
  "id": "scooters",
  "name": "Скутер",
  "group": "moto",
  "list": {
   "ABM": [
    "Cyclone",
    "Delta",
    "Elite",
    "Favorit",
    "Flash",
    "Gust",
    "Sky",
    "Sprinter",
    "Storm L",
    "Storm SL",
    "Storm YSL",
    "Street Racing",
    "Thunder",
    "Tornado 150",
    "Tornado 50",
    "Tornado S",
    "Volcan 150",
    "Wind",
    "ZX150S",
    "ZX50S"
   ],
   "Yamaha": [
    "Active 35R",
    "Aerox 100",
    "Aerox 155",
    "Aerox 50",
    "Axis",
    "Beluga",
    "BJ (YL50)",
    "BWs",
    "Champ",
    "Cuxi 100",
    "Cygnus RS",
    "CygnusX",
    "Excel",
    "Filano",
    "Fino",
    "Gear",
    "Giggle",
    "Grand Filano",
    "GTR 125",
    "Jog",
    "Majesty 125/180",
    "Majesty 155S",
    "Majesty 250",
    "Majesty 400",
    "Mate",
    "Maxam (CP250)",
    "Maxter",
    "Mint",
    "Mio/Ego",
    "Neos",
    "Night MAX",
    "NM-X",
    "NMAX",
    "Nouvo",
    "Passol (EC-02)",
    "QBIX",
    "Salient",
    "Slider",
    "Smax",
    "Teos",
    "TMAX",
    "Tricity",
    "Versity XC300",
    "Vino 125",
    "Vino 50",
    "Vity",
    "VOX",
    "Why",
    "X-City",
    "Xenter",
    "XMAX"
   ],
   "Yamasaki": [
    "Princess YM50QT-C3"
   ],
   "Yamati": [
    "Strada RX150"
   ],
   "Yiben": [
    "YB150T"
   ],
   "Yinxiang": [
    "YX 150 T-2"
   ],
   "ZEV": [
    "10 LRC"
   ],
   "ZhiWei (Taizhou)": [
    "Motorcycle 100-110CC",
    "Motorcycle 125CC",
    "Motorcycle 150CC",
    "Motorcycle 250CC",
    "Motorcycle 50CC"
   ],
   "Zongshen": [
    "LZX50Q-3",
    "ZS125ST",
    "ZS125T-2",
    "ZS125T-30",
    "ZS125T-7",
    "ZS125T-8",
    "ZS150T-3",
    "ZS150T-4",
    "ZS50QT-4",
    "ZSPM50QT-4A"
   ],
   "ВПМЗ": [
    "Вятка ВП-150",
    "Электрон"
   ],
   "ВПМЗ (Молот)": [
    "Стриж"
   ],
   "Другие": [
    "Скутеры (другие)",
    "Электроскутер (другие)"
   ],
   "ЗиД": [
    "Аркан"
   ],
   "ТМЗ (Туламашзавод)": [
    "Муравей",
    "Т200",
    "Тулица"
   ]
  }
 },
 {
  "id": "snowmobile",
  "name": "Снегоход",
  "group": "moto",
  "list": {
   "ABM": [
    "Apache Track",
    "Ladoga",
    "Wind 320"
   ],
   "AD Boivin": [
    "Snow Hawk 800"
   ],
   "ЗиД": [
    "МБГ-1 Фишкар",
    "МБГ-2 Вьюга"
   ],
   "ИжТехМаш": [
    "Белка",
    "Дельта",
    "Лидер",
    "Сигма"
   ],
   "Итлан": [
    "Каюр"
   ],
   "МВП": [
    "500"
   ],
   "Пегас": [
    "СМТ-001"
   ],
   "Пелец": [
    "Пилигрим"
   ],
   "Прогресс": [
    "Прогресс 9S"
   ],
   "Псковская Механика": [
    "CSZ"
   ],
   "Райда": [
    "КБ-48"
   ],
   "Русская Механика (RM)": [
    "Frontier 1000",
    "RM Vector 551",
    "Tayga Patrul 550 SWT",
    "Tayga Patrul 551 SWT",
    "Tayga Patrul 800 SWT",
    "Tiksy",
    "Буран",
    "Рыбинка",
    "Тайга Атака",
    "Тайга Барс 850",
    "Тайга Варяг 500",
    "Тайга Варяг 550",
    "Тайга РМ Рысь",
    "Тайга СТ500Д"
   ],
   "Рысь": [
    "113",
    "119",
    "121",
    "440",
    "500"
   ],
   "Турист": [
    "Снегоскутер"
   ],
   "Ураган": [
    "Разборный"
   ],
   "ФанТом": [
    "1500"
   ],
   "Хаски": [
    "Хаски"
   ],
   "Шихан": [
    "Д-1",
    "Д-2",
    "К-1",
    "К-2"
   ],
   "ЯВТ": [
    "Ирбис"
   ]
  }
 }
]
