[
 {
  "id": "cars",
  "name": "Легковой",
  "group": "cars",
  "list": {
   "AC": [
    "378 GT Zagato",
    "Ace",
    "Aceca",
    "Cobra"
   ],
   "Acura": [
    "CL",
    "CSX",
    "EL",
    "ILX",
    "Integra",
    "Legend",
    "MDX",
    "NSX",
    "RDX",
    "RL",
    "RLX",
    "RSX",
    "SLX",
    "TL",
    "TLX",
    "TSX",
    "ZDX"
   ],
   "Adler": [
    "Diplomat",
    "Trumpf Junior"
   ],
   "Alfa Romeo": [
    "105/115",
    "145",
    "146",
    "147",
    "155",
    "156",
    "159",
    "164",
    "166",
    "1900",
    "2600",
    "33",
    "4C",
    "6",
    "6C",
    "75",
    "8C Competizione",
    "90",
    "Alfasud",
    "Alfetta",
    "Arna",
    "Brera",
    "Disco Volante",
    "Giulia",
    "Giulietta",
    "GT",
    "GTA Coupe",
    "GTV",
    "MiTo",
    "Montreal",
    "RZ",
    "Spider",
    "Sprint",
    "Stelvio",
    "SZ"
   ],
   "Alpina": [
    "B10",
    "B11",
    "B12",
    "B3",
    "B4",
    "B5",
    "B6",
    "B7",
    "B8",
    "B9",
    "C1",
    "C2",
    "D10",
    "D3",
    "D4",
    "D5",
    "Roadster",
    "XD3",
    "XD4"
   ],
   "Alpine": [
    "A110",
    "A310",
    "A610",
    "GTA"
   ],
   "AM General": [
    "HMMWV (Humvee)"
   ],
   "AMC": [
    "Eagle",
    "Hornet"
   ],
   "Apal": [
    "21541 Stalker"
   ],
   "Ariel": [
    "Atom"
   ],
   "Aro": [
    "10",
    "24 аро"
   ],
   "Asia": [
    "Retona",
    "Rocsta",
    "Topic"
   ],
   "Aston Martin": [
    "Bulldog",
    "Cygnet",
    "DB AR1",
    "DB11",
    "DB5",
    "DB7",
    "DB9",
    "DBS",
    "DBX",
    "Lagonda",
    "One-77",
    "Rapide",
    "Tickford Capri",
    "V12 Vantage",
    "V12 Zagato",
    "V8 Vantage",
    "V8 Zagato",
    "Vanquish",
    "Virage"
   ],
   "Audi": [
    "demo"
   ],
   "Aurus": [
    "demo"
   ],
   "Austin": [
    "demo"
   ],
   "Austin Healey": [
    "demo"
   ],
   "Autobianchi": [
    "demo"
   ],
   "BAIC": [
    "demo"
   ],
   "Bajaj": [
    "demo"
   ],
   "Baltijas Dzips": [
    "demo"
   ],
   "Batmobile": [
    "demo"
   ],
   "Bentley": [
    "demo"
   ],
   "Bertone": [
    "demo"
   ],
   "Bilenkin": [
    "demo"
   ]
  }
 }
]