[
 {
  "id": "agricultural",
  "name": "Сельскохозяйственный",
  "group": "commercial",
  "list": {
   "Agromehanika": [
    "AGT 850"
   ],
   "Agrostroj": [
    "TZ-4K"
   ],
   "Ahwi": [
    "RT"
   ],
   "Amazone": [
    "Citan",
    "D9",
    "DMC",
    "EDX",
    "UG",
    "UX 11200"
   ],
   "Bagram": [
    "B/6"
   ],
   "Bourgault": [
    "4100",
    "6000",
    "7200"
   ],
   "Brait": [
    "135",
    "135DAE",
    "135DEB",
    "135GB",
    "135GC",
    "135GD",
    "BR-75",
    "BR-80"
   ],
   "Branson": [
    "1905H",
    "K78",
    "Серия 00",
    "Серия 25C",
    "Серия 25R",
    "Серия F"
   ],
   "Buhler": [
    "Versatile 2375",
    "Versatile 305",
    "Versatile 535"
   ],
   "Caiman": [
    "Eco Max 50SC2",
    "Eco Max 60SC2",
    "Mokko 40C2",
    "Nano 40K",
    "Neo 50SC3",
    "Neo 60HC3",
    "Quatro Max 60S",
    "Quatro Max 70S",
    "Terro 50SC2",
    "Trio 70C3",
    "Turbo 1000",
    "Vario 55H",
    "Vario 60H",
    "Vario 60S",
    "Vario 70S"
   ],
   "Carver": [
    "MT-650",
    "MT-900",
    "MTL-650"
   ],
   "Case IH": [
    "Axial-Flow",
    "Farmall",
    "Magnum",
    "Puma",
    "Steiger"
   ],
   "Caterpillar": [
    "320GC",
    "525",
    "Challenger"
   ],
   "Catmann": [
    "demo"
   ],
   "Challenger": [
    "demo"
   ],
   "Chery": [
    "demo"
   ],
   "Claas": [
    "demo"
   ],
   "Craftsman": [
    "demo"
   ],
   "Crosser": [
    "demo"
   ],
   "Deutz-Fahr": [
    "demo"
   ],
   "DongFeng": [
    "demo"
   ],
   "ECHO": [
    "demo"
   ],
   "Energreen": [
    "demo"
   ],
   "Fecon": [
    "demo"
   ],
   "Fendt": [
    "demo"
   ]
  }
 },
 {
  "id": "artic",
  "name": "Седельный тягач",
  "group": "commercial",
  "list": {
   "Almatruck": [
    "SM321"
   ],
   "Beiben (North Benz)": [
    "ND4250"
   ],
   "CAMC": [
    "4x2",
    "6x4"
   ],
   "Daewoo": [
    "Novus",
    "Prima"
   ],
   "DAF": [
    "95",
    "95XF",
    "CF-series",
    "XF",
    "XF105"
   ],
   "Dayun": [
    "CGC4253"
   ],
   "DongFeng": [
    "DFL-series",
    "EQ4252"
   ],
   "ERF (MAN Truck)": [
    "E-Series"
   ],
   "FAW": [
    "J6 CA4180",
    "J6 CA4250"
   ],
   "Ford": [
    "Cargo",
    "F-Max",
    "L-Series"
   ],
   "Foton": [
    "Auman BJ425x",
    "Auman EST A",
    "Auman H5"
   ],
   "Freightliner": [
    "Argosy",
    "Cascadia",
    "Century Class",
    "Columbia",
    "Coronado",
    "FLA/FLB",
    "FLC",
    "FLD"
   ],
   "Fuso (Mitsubishi)": [
    "Super Great"
   ],
   "Hino": [
    "demo"
   ],
   "Howo": [
    "demo"
   ],
   "Hyundai": [
    "demo"
   ],
   "International": [
    "demo"
   ],
   "Isuzu": [
    "demo"
   ],
   "IVECO": [
    "demo"
   ],
   "IVECO-Ling Ye": [
    "demo"
   ],
   "Iveco-АМТ": [
    "demo"
   ],
   "JAC": [
    "demo"
   ],
   "Kalmar": [
    "demo"
   ],
   "Kenworth": [
    "demo"
   ],
   "Mack": [
    "demo"
   ]
  }
 },
 {
  "id": "autoloader",
  "name": "Автопогрузчик",
  "group": "commercial",
  "list": {
   "Akkord": [
    "S200"
   ],
   "Alift": [
    "A4W"
   ],
   "Amur": [
    "DK620",
    "DK630",
    "DK630M",
    "RK620",
    "RK630"
   ],
   "ASV": [
    "RC-85"
   ],
   "Atlet": [
    "AJN160",
    "EF-16",
    "ET-20L",
    "ZL300F"
   ],
   "Attack": [
    "1130",
    "1230"
   ],
   "Ausa": [
    "T"
   ],
   "Avant": [
    "216",
    "220",
    "420",
    "500",
    "600"
   ],
   "Balkancar": [
    "Багги",
    "БВ",
    "ДВ",
    "ЕВ",
    "ЕП",
    "ЕТ",
    "Оптимал",
    "Рекорд 1",
    "Рекорд 2",
    "Рекорд 3"
   ],
   "Baoli": [
    "CPCD",
    "CPD"
   ],
   "Baumann": [
    "DFQ 50LL"
   ],
   "Bizon": [
    "920",
    "930",
    "930G"
   ],
   "Bobcat": [
    "463",
    "533",
    "553",
    "643",
    "753",
    "763",
    "773",
    "853",
    "873",
    "A300",
    "A770",
    "S100",
    "S130",
    "S150",
    "S160",
    "S175/H",
    "S18",
    "S185/H",
    "S205",
    "S220",
    "S250/H",
    "S300/H",
    "S450",
    "S510",
    "S530",
    "S570",
    "S590",
    "S630",
    "S650",
    "S70",
    "S770",
    "S850",
    "T140",
    "T190",
    "T2250",
    "T250",
    "T300",
    "T3571",
    "T40140",
    "T40170",
    "T590",
    "T650",
    "T770",
    "TL360",
    "TL470"
   ],
   "Boulder": [
    "demo"
   ],
   "Brenner": [
    "demo"
   ],
   "Bront": [
    "demo"
   ],
   "BT Cargo": [
    "demo"
   ],
   "Bull": [
    "demo"
   ],
   "Bulmor": [
    "demo"
   ],
   "Case": [
    "demo"
   ],
   "CastLoaders": [
    "demo"
   ],
   "Caterpillar": [
    "demo"
   ],
   "Cathefeng": [
    "demo"
   ],
   "Cayman": [
    "demo"
   ],
   "Champ": [
    "demo"
   ]
  }
 },
 {
  "id": "bulldozers",
  "name": "Бульдозер",
  "group": "commercial",
  "list": {
   "Beezone": [
    "D16"
   ],
   "Case": [
    "1150 (K-серия)",
    "1650 (K-серия)",
    "1650 (M-серия)",
    "1850 (К-серия)",
    "2050 (M-серия)"
   ],
   "Caterpillar": [
    "D10",
    "D11",
    "D3",
    "D4",
    "D5",
    "D6",
    "D7",
    "D8",
    "D9"
   ],
   "Cathefeng": [
    "D6R2"
   ],
   "Dressta": [
    "TD"
   ],
   "Fiat-Hitachi": [
    "FD"
   ],
   "Furukawa": [
    "CD5B"
   ],
   "HBXG": [
    "T165-2",
    "TY165-2"
   ],
   "Hitachi": [
    "DX45"
   ],
   "John Deere": [
    "1050J",
    "1050K",
    "700J",
    "750J",
    "850J",
    "850J2"
   ],
   "Komatsu": [
    "D105",
    "D155",
    "D20",
    "D275",
    "D31S",
    "D355",
    "D37",
    "D375",
    "D39",
    "D41",
    "D475",
    "D50",
    "D51",
    "D53",
    "D61",
    "D63",
    "D65",
    "D85"
   ],
   "Liebherr": [
    "PR 714",
    "PR 722",
    "PR 724",
    "PR 732",
    "PR 734 L Litronic",
    "PR 742",
    "PR 744",
    "PR 752 Litronic",
    "PR 764 Litronic"
   ],
   "LiuGong": [
    "CLGB 160",
    "CLGB 230",
    "CLGB 320"
   ],
   "Massey Ferguson": [
    "demo"
   ],
   "Mitsubishi": [
    "demo"
   ],
   "New Holland": [
    "demo"
   ],
   "Pengpu": [
    "demo"
   ],
   "SEM": [
    "demo"
   ],
   "Shantui": [
    "demo"
   ],
   "Shehwa": [
    "demo"
   ],
   "XCMG": [
    "demo"
   ],
   "XGMA": [
    "demo"
   ],
   "Xiagong": [
    "demo"
   ],
   "Yanmar": [
    "demo"
   ],
   "Zoomlion": [
    "demo"
   ]
  }
 },
 {
  "id": "bus",
  "name": "Автобус",
  "group": "commercial",
  "list": {
   "AEC": [
    "Routemaster"
   ],
   "Ajokki": [
    "Sisu",
    "КамАЗ-53213"
   ],
   "ANKAI": [
    "A9",
    "GK15",
    "GK39",
    "K32",
    "K46",
    "K55",
    "K57",
    "K59"
   ],
   "Asia": [
    "Combi",
    "Cosmos",
    "Granbird"
   ],
   "Autosan": [
    "A0808T Gemini",
    "A0909L",
    "A10-12T Lider",
    "A1010M",
    "A1010T Lider",
    "A1112T Ramzes",
    "Eurolider",
    "H7-10",
    "Sancity",
    "Wetlina City"
   ],
   "Ayats": [
    "Atlantis",
    "Atlas 2",
    "Bravo 1 City",
    "Bravo 1 R",
    "Bravo 2",
    "Platinum"
   ],
   "BAW": [
    "Express",
    "Street"
   ],
   "Blue Bird": [
    "CSRE/CSFE"
   ],
   "Bova": [
    "Europa",
    "Futura",
    "Magiq"
   ],
   "Bristol": [
    "Lodekka"
   ],
   "Citroen": [
    "Jumper"
   ],
   "Cobus": [
    "2700"
   ],
   "Daewoo": [
    "BH-090",
    "BH-115",
    "BH-116",
    "BH-117",
    "BH-120",
    "BM",
    "BS-106",
    "BX-212",
    "FX 116",
    "Lestar"
   ],
   "DAF": [
    "demo"
   ],
   "Dethleffs": [
    "demo"
   ],
   "DongFeng": [
    "demo"
   ],
   "FAW": [
    "demo"
   ],
   "Feniksbus": [
    "demo"
   ],
   "Fiat Professional": [
    "demo"
   ],
   "Fleetwood RV": [
    "demo"
   ],
   "Ford": [
    "demo"
   ],
   "Foton": [
    "demo"
   ],
   "Foxbus": [
    "demo"
   ],
   "Freightliner": [
    "demo"
   ],
   "Fuso (Mitsubishi)": [
    "demo"
   ]
  }
 },
 {
  "id": "construction",
  "name": "Строительная",
  "group": "commercial",
  "list": {
   "ABG": [
    "Alpha",
    "PT",
    "Puma",
    "Titan"
   ],
   "Aichi": [
    "Автобуровые вышки"
   ],
   "Ammann": [
    "AC",
    "AFW",
    "AP",
    "AR",
    "ARX",
    "ASC",
    "AV"
   ],
   "Asia": [
    "AM518"
   ],
   "ASTRA": [
    "HD8"
   ],
   "Atlas": [
    "AW1120"
   ],
   "Atlas Copco": [
    "Буровые установки",
    "Компрессоры"
   ],
   "Atmos": [
    "PDP 15",
    "PDP 35"
   ],
   "Banut": [
    "Бурильно-сваебойные машины"
   ],
   "Bauer": [
    "Буровые установки"
   ],
   "Baukema": [
    "S"
   ],
   "BBURG": [
    "HD1300"
   ],
   "Bell": [
    "D-Series"
   ],
   "Blaw-Knox": [
    "demo"
   ],
   "BMS": [
    "demo"
   ],
   "Bomag": [
    "demo"
   ],
   "Borum": [
    "demo"
   ],
   "Breining": [
    "demo"
   ],
   "Brinkmann": [
    "demo"
   ],
   "Brokk": [
    "demo"
   ],
   "Bunker": [
    "demo"
   ],
   "CAMC": [
    "demo"
   ],
   "Cardwell": [
    "demo"
   ],
   "Carmix": [
    "demo"
   ],
   "Casagrande": [
    "demo"
   ]
  }
 },
 {
  "id": "crane",
  "name": "Автокран",
  "group": "commercial",
  "list": {
   "Altec": [
    "AC26",
    "DM47"
   ],
   "Bison": [
    "Автовышки"
   ],
   "CKD": [
    "AD - Series"
   ],
   "Demag": [
    "AC100",
    "AC155",
    "AC25",
    "AC40",
    "AC60"
   ],
   "Fablok": [
    "DST"
   ],
   "Faun": [
    "HK",
    "RTF"
   ],
   "Ford": [
    "КС"
   ],
   "Fuso (Mitsubishi)": [
    "Canter",
    "Super Great"
   ],
   "Grove": [
    "GBT",
    "GMK",
    "RT",
    "TMS"
   ],
   "Hidrokon": [
    "НК165L6+L5"
   ],
   "Hino": [
    "Автокран"
   ],
   "Hydros": [
    "T"
   ],
   "Isuzu": [
    "Автокран"
   ],
   "IVECO": [
    "demo"
   ],
   "KATO": [
    "demo"
   ],
   "KOBELCO": [
    "demo"
   ],
   "Komatsu": [
    "demo"
   ],
   "Krupp": [
    "demo"
   ],
   "Liebherr": [
    "demo"
   ],
   "Locatelli": [
    "demo"
   ],
   "Lokomo": [
    "demo"
   ],
   "Marchetti": [
    "demo"
   ],
   "Mazda": [
    "demo"
   ],
   "Metalna": [
    "demo"
   ],
   "Nissan": [
    "demo"
   ]
  }
 },
 {
  "id": "dredge",
  "name": "Экскаватор",
  "group": "commercial",
  "list": {
   "A LEX": [
    "1E"
   ],
   "Ahlmann": [
    "AF",
    "AS"
   ],
   "Airman": [
    "AX40UR-2C"
   ],
   "Akerman": [
    "H16D",
    "Колесные"
   ],
   "Atlas": [
    "Гусенечные",
    "Колёсные"
   ],
   "Atlas Copco": [
    "240LC"
   ],
   "Avant": [
    "500 серия"
   ],
   "Bobcat": [
    "B730",
    "B780",
    "Гусеничные"
   ],
   "Bonny": [
    "CE1000-7",
    "CE1250-7",
    "CE400-7",
    "CE420-7",
    "CE460-7",
    "CE750-7"
   ],
   "Boulder": [
    "BL30-25",
    "EX10",
    "EX22"
   ],
   "Case": [
    "Гусеничный",
    "Колесные",
    "Мини-экскаваторы",
    "Экскаваторы-погрузчики"
   ],
   "Caterpillar": [
    "303C CR",
    "303SR",
    "312",
    "318",
    "319",
    "320",
    "320D",
    "320GC",
    "323D",
    "324DL",
    "325",
    "330",
    "330D2 L",
    "336D",
    "340D",
    "349D2L",
    "349DLME",
    "350L",
    "422E",
    "422F2",
    "426F2",
    "428",
    "428C",
    "428E",
    "428F2",
    "432E",
    "432F2",
    "434E",
    "434F",
    "434F2",
    "444F2",
    "M313",
    "M315",
    "M316",
    "M322",
    "Гусеничные",
    "Колёсные",
    "Экскаваторы-погрузчики"
   ],
   "Cathefeng": [
    "08-7A",
    "18-6L",
    "22-9B",
    "306E2",
    "307E2",
    "313D2GC",
    "336D2",
    "35-9L",
    "70-9B",
    "85-9L",
    "90-9LS",
    "EX220-8",
    "M320D2",
    "PC210-8",
    "PC220-8",
    "PC240-8",
    "PC360-8",
    "PC450-8"
   ],
   "Changlin": [
    "demo"
   ],
   "Cukurova": [
    "demo"
   ],
   "Daewoo": [
    "demo"
   ],
   "Doosan": [
    "demo"
   ],
   "Eurocomach": [
    "demo"
   ],
   "Fermec": [
    "demo"
   ],
   "Fiat Kobelco": [
    "demo"
   ],
   "Fiat-Hitachi": [
    "demo"
   ],
   "Forway": [
    "demo"
   ],
   "Furukawa": [
    "demo"
   ],
   "Gallmac": [
    "demo"
   ],
   "Gehl": [
    "demo"
   ]
  }
 },
 {
  "id": "lcv",
  "name": "Легкий коммерческий",
  "group": "commercial",
  "list": {
   "ASHOK LEYLAND": [
    "Partner"
   ],
   "Asia": [
    "Towner"
   ],
   "Askam (DeSoto)": [
    "AS250"
   ],
   "Bajaj": [
    "Maxima"
   ],
   "Barkas": [
    "B1000"
   ],
   "BAW": [
    "Fenix 1044",
    "Fenix 1065",
    "Fenix 3346",
    "Tonik"
   ],
   "Bedford": [
    "CF"
   ],
   "BMC": [
    "Levend",
    "Megastar"
   ],
   "Bremach": [
    "T-Rex"
   ],
   "Cadillac": [
    "Commercial Chassis"
   ],
   "Carthago": [
    "Chic S-Plus"
   ],
   "Changan": [
    "SC1021/1022",
    "SC1030/1040"
   ],
   "Chevrolet": [
    "3000-Series",
    "Express",
    "HHR",
    "Silverado"
   ],
   "Citroen": [
    "demo"
   ],
   "Dacia": [
    "demo"
   ],
   "Daewoo": [
    "demo"
   ],
   "DAF": [
    "demo"
   ],
   "Daihatsu": [
    "demo"
   ],
   "DFSK": [
    "demo"
   ],
   "Dodge": [
    "demo"
   ],
   "DongFeng": [
    "demo"
   ],
   "FAW": [
    "demo"
   ],
   "Fiat Professional": [
    "demo"
   ],
   "Ford": [
    "demo"
   ],
   "Foton": [
    "demo"
   ]
  }
 },
 {
  "id": "municipal",
  "name": "Коммунальная",
  "group": "commercial",
  "list": {
   "Aerial": [
    "K17T"
   ],
   "Aichi": [
    "Автовышки"
   ],
   "Aurora": [
    "AS1212",
    "AS1413",
    "SR1623D"
   ],
   "Belos": [
    "TransPro 54"
   ],
   "Bomag": [
    "BC 972RB"
   ],
   "Bomford Turner": [
    "Flailbot"
   ],
   "Boschung": [
    "B4",
    "Jetbroom",
    "S3"
   ],
   "Bucher": [
    "Подметально-вакуумные машины",
    "Снегоуборочные машины"
   ],
   "Ceksan": [
    "Hamarat",
    "VKM"
   ],
   "Cela": [
    "Автовышки"
   ],
   "Cella": [
    "Автовышки"
   ],
   "CO.ME.T Officine": [
    "Eurosky"
   ],
   "Daewoo": [
    "Novus"
   ],
   "DAF": [
    "demo"
   ],
   "Dasan": [
    "demo"
   ],
   "Dinolift": [
    "demo"
   ],
   "Donghae": [
    "demo"
   ],
   "Dulevo": [
    "demo"
   ],
   "Ecopress": [
    "demo"
   ],
   "Etramo": [
    "demo"
   ],
   "Faun": [
    "demo"
   ],
   "Favero": [
    "demo"
   ],
   "FAW": [
    "demo"
   ],
   "Ford": [
    "demo"
   ],
   "Foton": [
    "demo"
   ]
  }
 },
 {
  "id": "swap_body",
  "name": "Съемный кузов",
  "group": "commercial",
  "list": {
   "CIMC": [
    "Танк-контейнер"
   ],
   "Fliegl": [
    "Сменный кузов, платформа"
   ],
   "Husmann": [
    "SPB 20 ECN"
   ],
   "Kogel": [
    "Сменный кузов, брезент",
    "Сменный кузов, платформа",
    "Сменный кузов, рефрижератор",
    "Сменный кузов, фургон"
   ],
   "Krone": [
    "Сменный кузов, брезент",
    "Сменный кузов, платформа",
    "Сменный кузов, фургон"
   ],
   "NTTank": [
    "Контейнер-цистерна"
   ],
   "Schmitz Cargobull": [
    "Изотермический контейнер",
    "Сменный кузов, брезент",
    "Сменный кузов, платформа",
    "Сменный кузов, рефрижератор",
    "Сменный кузов, фургон"
   ],
   "Sommer": [
    "Сменный кузов, платформа",
    "Сменный кузов, фургон"
   ],
   "Sonstige": [
    "Закрытый стальной контейнер",
    "Контейнер-цистерна",
    "Сменный кузов, платформа",
    "Сменный кузов, фургон",
    "Спецконтейнер"
   ],
   "Wecon": [
    "Изотермический контейнер",
    "Сменный кузов, платформа"
   ],
   "Авторост": [
    "Бортовая платформа",
    "Самосвальный кузов"
   ],
   "Евроконтейнер": [
    "Спецконтейнер"
   ],
   "Пухто": [
    "20м3",
    "27м3"
   ],
   "Сеспель": [
    "demo"
   ],
   "Центртранстехмаш": [
    "demo"
   ]
  }
 },
 {
  "id": "trailer",
  "name": "Прицеп",
  "group": "commercial",
  "list": {
   "Abbey": [
    "GTS VOGUE 418"
   ],
   "ABI": [
    "Harmony",
    "Jubilee"
   ],
   "ACE": [
    "Award Brightstar"
   ],
   "Acerbi": [
    "Полуприцеп - битумовоз",
    "Полуприцеп - изотермический",
    "Полуприцеп - контейнеровоз",
    "Полуприцеп - самосвал",
    "Полуприцеп - тентованный",
    "Полуприцеп - цистерна"
   ],
   "Ackermann": [
    "Freuhauf",
    "Tandemanhang"
   ],
   "ACTM": [
    "Тралы низкорамные"
   ],
   "Adige": [
    "36SVA"
   ],
   "ADR Trailers": [
    "Тяжеловозы",
    "Цементовозы"
   ],
   "Adria": [
    "Action",
    "Adora",
    "Altea",
    "Forma",
    "Maxima",
    "Optima",
    "Unica"
   ],
   "Agados": [
    "Dona"
   ],
   "AirStar": [
    "Фудтрак"
   ],
   "Airstream": [
    "Trade Wind"
   ],
   "Aksoylu": [
    "XXL"
   ],
   "Alfa": [
    "demo"
   ],
   "Ali Riza Usta": [
    "demo"
   ],
   "Alim": [
    "demo"
   ],
   "Alka": [
    "demo"
   ],
   "Alkan Karoser": [
    "demo"
   ],
   "Alkom": [
    "demo"
   ],
   "Alloy": [
    "demo"
   ],
   "Altin Trailer": [
    "demo"
   ],
   "Alur": [
    "demo"
   ],
   "AMS-NN": [
    "demo"
   ],
   "Andover": [
    "demo"
   ],
   "ANNABURGER": [
    "demo"
   ]
  }
 },
 {
  "id": "truck",
  "name": "Грузовик",
  "group": "commercial",
  "list": {
   "Altkam": [
    "5443",
    "6491",
    "6550"
   ],
   "ASHOK LEYLAND": [
    "BOSS",
    "Partner"
   ],
   "ASTRA": [
    "HD7 Serie",
    "HD8 Serie",
    "HD9 Serie"
   ],
   "Avia": [
    "A21",
    "A31",
    "A60",
    "A65",
    "A75",
    "A80",
    "AD100",
    "D - Series"
   ],
   "BAW": [
    "Fenix"
   ],
   "Bedford": [
    "TK"
   ],
   "Beiben (North Benz)": [
    "ND3250"
   ],
   "BMC": [
    "Fatih",
    "Pro-518",
    "Pro-617",
    "Pro-620",
    "Pro-622",
    "Pro-625",
    "Pro-628",
    "Pro-822",
    "Pro-827",
    "Pro-832",
    "Pro-935"
   ],
   "Bucher": [
    "Duro",
    "LTV"
   ],
   "C&C Trucks": [
    "N332"
   ],
   "CAMC": [
    "HN 3250",
    "HN 3310"
   ],
   "Changan": [
    "SC1030/1040"
   ],
   "Chevrolet": [
    "Kodiak",
    "T-Series",
    "W-Series"
   ],
   "Daewoo": [
    "demo"
   ],
   "DAF": [
    "demo"
   ],
   "Daihatsu": [
    "demo"
   ],
   "Dayun": [
    "demo"
   ],
   "Dodge": [
    "demo"
   ],
   "DongFeng": [
    "demo"
   ],
   "FAW": [
    "demo"
   ],
   "Ford": [
    "demo"
   ],
   "Foton": [
    "demo"
   ],
   "Freightliner": [
    "demo"
   ],
   "Fuso (Mitsubishi)": [
    "demo"
   ],
   "Ginaf": [
    "demo"
   ]
  }
 }
]