Datsun|240Z||1970|1973|Купе|2.4|автомат|140|бензин|87a6a2e41
Datsun|240Z||1970|1973|Купе|2.4|автомат|153|бензин|87a6a2e41
Datsun|240Z||1970|1973|Купе|2.4|механика|140|бензин|87a6a2e41
Datsun|240Z||1970|1973|Купе|2.4|механика|153|бензин|87a6a2e41
Datsun|240Z||1970|1973|Купе|2.4|механика|177|бензин|87a6a2e41
Datsun|280ZX||1978|1983|Купе|2.8|автомат|145|бензин|1698930cb
Datsun|280ZX||1978|1983|Купе|2.8|механика|145|бензин|1698930cb
Datsun|280ZX||1978|1983|Купе|2.8|механика|200|бензин|1698930cb
Datsun|280Z||1975|1979|Купе|2.8|автомат|173|бензин|bfc48059c
Datsun|280Z||1975|1979|Купе|2.8|механика|173|бензин|bfc48059c
Datsun|720||1980|1986|Пикап Полуторная кабина|1.8|автомат|88|бензин|ba4148da9
Datsun|720||1980|1986|Пикап Полуторная кабина|1.8|механика|88|бензин|ba4148da9
Datsun|720||1980|1986|Пикап Полуторная кабина|2.2|автомат|86|бензин|ba4148da9
Datsun|720||1980|1986|Пикап Полуторная кабина|2.2|механика|86|бензин|ba4148da9
Datsun|720||1980|1986|Пикап Полуторная кабина|2.3|автомат|73|дизель|ba4148da9
Datsun|720||1980|1986|Пикап Полуторная кабина|2.3|механика|73|дизель|ba4148da9
Datsun|720||1980|1986|Пикап Полуторная кабина|2.5|автомат|75|дизель|ba4148da9
Datsun|720||1980|1986|Пикап Полуторная кабина|2.5|механика|75|дизель|ba4148da9
Datsun|Bluebird||1976|1981|Купе|1.8|механика|88|бензин|8563748cc
Datsun|Bluebird||1976|1981|Седан|1.8|механика|88|бензин|6bc593032
Datsun|Cherry|II|1974|1978|Купе|1.2|механика|70|бензин|eb3e8149e
Datsun|Cherry|II|1974|1978|Седан 2 дв.|1.0|механика|62|бензин|70e53c475
Datsun|Cherry|II|1974|1978|Седан|1.0|механика|62|бензин|8b8553104
Datsun|Cherry|II|1974|1978|Универсал 3 дв.|1.0|механика|62|бензин|ee1495b5b
Datsun|Cherry|I|1970|1974|Купе|1.2|механика|70|бензин|3aa6fc65d
Datsun|Cherry|I|1970|1974|Хэтчбек 3 дв.|1.0|механика|62|бензин|45ab7076e
Datsun|GO+||2014|н.в.|Компактвэн|1.2|механика|69|бензин|ee3439b28
Datsun|GO||2014|н.в.|Хэтчбек 5 дв.|1.2|механика|69|бензин|eba9bca34
Datsun|Laurel|III|1977|1981|Купе|2.0|автомат|97|бензин|9648130ea
Datsun|Laurel|III|1977|1981|Купе|2.0|механика|97|бензин|9648130ea
Datsun|Laurel|III|1977|1981|Седан|2.0|автомат|97|бензин|a6cbc8327
Datsun|Laurel|III|1977|1981|Седан|2.0|механика|97|бензин|a6cbc8327
Datsun|Laurel|III|1977|1981|Седан|2.4|автомат|113|бензин|a6cbc8327
Datsun|Laurel|III|1977|1981|Седан|2.4|механика|113|бензин|a6cbc8327
Datsun|Laurel|IV (C21)|1980|1984|Седан|2.0|автомат|97|бензин|5f87018fe
Datsun|Laurel|IV (C21)|1980|1984|Седан|2.0|механика|97|бензин|5f87018fe
Datsun|Laurel|IV (C21)|1980|1984|Седан|2.4|автомат|113|бензин|5f87018fe
Datsun|Laurel|IV (C21)|1980|1984|Седан|2.4|автомат|120|бензин|5f87018fe
Datsun|Laurel|IV (C21)|1980|1984|Седан|2.4|механика|113|бензин|5f87018fe
Datsun|Laurel|IV (C21)|1980|1984|Седан|2.4|механика|120|бензин|5f87018fe
Datsun|Laurel|IV (C21)|1980|1984|Седан|2.8|автомат|84|дизель|5f87018fe
Datsun|Laurel|IV (C21)|1980|1984|Седан|2.8|механика|84|дизель|5f87018fe
Datsun|Stanza|I (A10)|1977|1981|Седан|1.6|автомат|92|бензин|c82f6ed9e
Datsun|Stanza|I (A10)|1977|1981|Седан|1.6|механика|92|бензин|c82f6ed9e
Datsun|Stanza|I (A10)|1977|1981|Хэтчбек 5 дв.|1.6|автомат|92|бензин|d42a5cde7
Datsun|Stanza|I (A10)|1977|1981|Хэтчбек 5 дв.|1.6|механика|92|бензин|d42a5cde7
Datsun|Stanza|II (T11)|1982|1986|Седан|1.6|механика|80|бензин|2920a1847
Datsun|Stanza|II (T11)|1982|1986|Седан|1.7|механика|61|дизель|2920a1847
Datsun|Stanza|II (T11)|1982|1986|Седан|1.8|механика|131|бензин|2920a1847
Datsun|Stanza|II (T11)|1982|1986|Седан|2.0|автомат|100|бензин|2920a1847
Datsun|Stanza|II (T11)|1982|1986|Седан|2.0|автомат|105|бензин|2920a1847
Datsun|Stanza|II (T11)|1982|1986|Хэтчбек 3 дв.|1.6|механика|80|бензин|3eefd95f9
Datsun|Stanza|II (T11)|1982|1986|Хэтчбек 3 дв.|1.7|механика|61|дизель|3eefd95f9
Datsun|Stanza|II (T11)|1982|1986|Хэтчбек 3 дв.|1.8|механика|131|бензин|3eefd95f9
Datsun|Stanza|II (T11)|1982|1986|Хэтчбек 3 дв.|2.0|автомат|100|бензин|3eefd95f9
Datsun|Stanza|II (T11)|1982|1986|Хэтчбек 3 дв.|2.0|автомат|105|бензин|3eefd95f9
Datsun|Stanza|II (T11)|1982|1986|Хэтчбек 5 дв.|1.6|механика|80|бензин|988850168
Datsun|Stanza|II (T11)|1982|1986|Хэтчбек 5 дв.|1.7|механика|61|дизель|988850168
Datsun|Stanza|II (T11)|1982|1986|Хэтчбек 5 дв.|1.8|механика|131|бензин|988850168
Datsun|Stanza|II (T11)|1982|1986|Хэтчбек 5 дв.|2.0|автомат|100|бензин|988850168
Datsun|Stanza|II (T11)|1982|1986|Хэтчбек 5 дв.|2.0|автомат|105|бензин|988850168
Datsun|Sunny|B210|1973|1983|Купе|1.2|автомат|70|бензин|bfaae6e9e
Datsun|Sunny|B210|1973|1983|Купе|1.2|механика|70|бензин|bfaae6e9e
Datsun|Sunny|B210|1973|1983|Седан 2 дв.|1.2|автомат|70|бензин|5dafafc20
Datsun|Sunny|B210|1973|1983|Седан 2 дв.|1.2|механика|70|бензин|5dafafc20
Datsun|Sunny|B210|1973|1983|Седан|1.2|автомат|70|бензин|4303e5ffe
Datsun|Sunny|B210|1973|1983|Седан|1.2|механика|70|бензин|4303e5ffe
Datsun|Sunny|B210|1973|1983|Седан|1.4|автомат|80|бензин|4303e5ffe
Datsun|Sunny|B210|1973|1983|Седан|1.4|механика|80|бензин|4303e5ffe
Datsun|Sunny|B210|1973|1983|Универсал 5 дв.|1.4|автомат|80|бензин|c09be41ec
Datsun|Sunny|B210|1973|1983|Универсал 5 дв.|1.4|механика|80|бензин|c09be41ec
Datsun|Urvan|E23|1982|1988|Минивэн|2.0|механика|85|бензин|ce9a3259b
Datsun|Urvan|E23|1982|1988|Минивэн|2.3|механика|69|дизель|ce9a3259b
Datsun|Violet|710|1973|1979|Седан 2 дв.|1.6|автомат|92|бензин|c8ce0689c
Datsun|Violet|710|1973|1979|Седан 2 дв.|1.6|механика|92|бензин|c8ce0689c
Datsun|mi-DO||2015|2020|Хэтчбек 5 дв.|1.6|автомат|87|бензин|95ae5ec33
Datsun|mi-DO||2015|2020|Хэтчбек 5 дв.|1.6|механика|106|бензин|95ae5ec33
Datsun|mi-DO||2015|2020|Хэтчбек 5 дв.|1.6|механика|87|бензин|95ae5ec33
Datsun|on-DO|I Рестайлинг|2019|2020|Седан|1.6|автомат|87|бензин|2dc2b9fb5
Datsun|on-DO|I Рестайлинг|2019|2020|Седан|1.6|механика|106|бензин|2dc2b9fb5
Datsun|on-DO|I Рестайлинг|2019|2020|Седан|1.6|механика|87|бензин|2dc2b9fb5
Datsun|on-DO|I|2014|2019|Седан|1.6|автомат|87|бензин|66db695dc
Datsun|on-DO|I|2014|2019|Седан|1.6|механика|106|бензин|66db695dc
Datsun|on-DO|I|2014|2019|Седан|1.6|механика|82|бензин|66db695dc
Datsun|on-DO|I|2014|2019|Седан|1.6|механика|87|бензин|66db695dc