DS|3 Crossback|I|2018|н.в.|Внедорожник 5 дв.|1.2|автомат|130|бензин|68b779ca7
DS|3 Crossback|I|2018|н.в.|Внедорожник 5 дв.|1.2|автомат|155|бензин|68b779ca7
DS|3 Crossback|I|2018|н.в.|Внедорожник 5 дв.|1.2|механика|100|бензин|68b779ca7
DS|3 Crossback|I|2018|н.в.|Внедорожник 5 дв.|1.5|автомат|130|дизель|68b779ca7
DS|3 Crossback|I|2018|н.в.|Внедорожник 5 дв.|1.5|механика|102|дизель|68b779ca7
DS|3 Crossback|I|2018|н.в.|Внедорожник 5 дв.||автомат|136|электро|68b779ca7
DS|3|I Рестайлинг|2016|2019|Кабриолет|1.2|автомат|110|бензин|cca644cd7
DS|3|I Рестайлинг|2016|2019|Кабриолет|1.2|механика|110|бензин|cca644cd7
DS|3|I Рестайлинг|2016|2019|Кабриолет|1.2|механика|130|бензин|cca644cd7
DS|3|I Рестайлинг|2016|2019|Кабриолет|1.2|механика|82|бензин|cca644cd7
DS|3|I Рестайлинг|2016|2019|Кабриолет|1.6|механика|120|дизель|cca644cd7
DS|3|I Рестайлинг|2016|2019|Кабриолет|1.6|механика|165|бензин|cca644cd7
DS|3|I Рестайлинг|2016|2019|Кабриолет|1.6|механика|99|дизель|cca644cd7
DS|3|I Рестайлинг|2016|2019|Хэтчбек 3 дв.|1.2|автомат|110|бензин|9b67f734d
DS|3|I Рестайлинг|2016|2019|Хэтчбек 3 дв.|1.2|механика|110|бензин|9b67f734d
DS|3|I Рестайлинг|2016|2019|Хэтчбек 3 дв.|1.2|механика|130|бензин|9b67f734d
DS|3|I Рестайлинг|2016|2019|Хэтчбек 3 дв.|1.2|механика|82|бензин|9b67f734d
DS|3|I Рестайлинг|2016|2019|Хэтчбек 3 дв.|1.2|робот|82|бензин|9b67f734d
DS|3|I Рестайлинг|2016|2019|Хэтчбек 3 дв.|1.6|механика|120|дизель|9b67f734d
DS|3|I Рестайлинг|2016|2019|Хэтчбек 3 дв.|1.6|механика|165|бензин|9b67f734d
DS|3|I Рестайлинг|2016|2019|Хэтчбек 3 дв.|1.6|механика|99|дизель|9b67f734d
DS|3|I|2015|2016|Кабриолет|1.2|робот|82|бензин|b5eef6686
DS|3|I|2015|2016|Кабриолет|1.6|механика|120|дизель|b5eef6686
DS|3|I|2015|2016|Кабриолет|1.6|механика|99|дизель|b5eef6686
DS|3|I|2015|2016|Хэтчбек 3 дв.|1.2|механика|110|бензин|beacef30d
DS|3|I|2015|2016|Хэтчбек 3 дв.|1.2|механика|82|бензин|beacef30d
DS|3|I|2015|2016|Хэтчбек 3 дв.|1.2|робот|82|бензин|beacef30d
DS|3|I|2015|2016|Хэтчбек 3 дв.|1.6|автомат|120|бензин|beacef30d
DS|3|I|2015|2016|Хэтчбек 3 дв.|1.6|механика|120|бензин|beacef30d
DS|3|I|2015|2016|Хэтчбек 3 дв.|1.6|механика|120|дизель|beacef30d
DS|3|I|2015|2016|Хэтчбек 3 дв.|1.6|механика|150|бензин|beacef30d
DS|3|I|2015|2016|Хэтчбек 3 дв.|1.6|механика|165|бензин|beacef30d
DS|3|I|2015|2016|Хэтчбек 3 дв.|1.6|механика|99|дизель|beacef30d
DS|4|I Рестайлинг|2015|2018|Хэтчбек 5 дв. Crossback|1.2|механика|130|бензин|7d995c1ee
DS|4|I Рестайлинг|2015|2018|Хэтчбек 5 дв. Crossback|1.6|автомат|120|дизель|7d995c1ee
DS|4|I Рестайлинг|2015|2018|Хэтчбек 5 дв. Crossback|1.6|автомат|150|бензин|7d995c1ee
DS|4|I Рестайлинг|2015|2018|Хэтчбек 5 дв. Crossback|1.6|автомат|160|бензин|7d995c1ee
DS|4|I Рестайлинг|2015|2018|Хэтчбек 5 дв. Crossback|1.6|автомат|165|бензин|7d995c1ee
DS|4|I Рестайлинг|2015|2018|Хэтчбек 5 дв. Crossback|1.6|механика|120|дизель|7d995c1ee
DS|4|I Рестайлинг|2015|2018|Хэтчбек 5 дв. Crossback|2.0|автомат|180|дизель|7d995c1ee
DS|4|I Рестайлинг|2015|2018|Хэтчбек 5 дв.|1.2|механика|130|бензин|4e1050ef3
DS|4|I Рестайлинг|2015|2018|Хэтчбек 5 дв.|1.6|автомат|120|дизель|4e1050ef3
DS|4|I Рестайлинг|2015|2018|Хэтчбек 5 дв.|1.6|автомат|150|бензин|4e1050ef3
DS|4|I Рестайлинг|2015|2018|Хэтчбек 5 дв.|1.6|автомат|165|бензин|4e1050ef3
DS|4|I Рестайлинг|2015|2018|Хэтчбек 5 дв.|1.6|механика|120|дизель|4e1050ef3
DS|4|I Рестайлинг|2015|2018|Хэтчбек 5 дв.|1.6|механика|210|бензин|4e1050ef3
DS|4|I Рестайлинг|2015|2018|Хэтчбек 5 дв.|2.0|автомат|181|дизель|4e1050ef3
DS|4|I Рестайлинг|2015|2018|Хэтчбек 5 дв.|2.0|механика|150|дизель|4e1050ef3
DS|4|I|2015|2015|Хэтчбек 5 дв.|1.6|автомат|120|дизель|48f877a91
DS|4|I|2015|2015|Хэтчбек 5 дв.|1.6|автомат|150|бензин|48f877a91
DS|4|I|2015|2015|Хэтчбек 5 дв.|1.6|автомат|165|бензин|48f877a91
DS|4|I|2015|2015|Хэтчбек 5 дв.|1.6|механика|120|бензин|48f877a91
DS|4|I|2015|2015|Хэтчбек 5 дв.|1.6|механика|120|дизель|48f877a91
DS|4|I|2015|2015|Хэтчбек 5 дв.|1.6|механика|200|бензин|48f877a91
DS|4|I|2015|2015|Хэтчбек 5 дв.|2.0|автомат|160|дизель|48f877a91
DS|4|I|2015|2015|Хэтчбек 5 дв.|2.0|автомат|180|дизель|48f877a91
DS|4|I|2015|2015|Хэтчбек 5 дв.|2.0|механика|150|дизель|48f877a91
DS|5||2015|2018|Хэтчбек 5 дв.|1.6|автомат|150|бензин|c7fdf5148
DS|5||2015|2018|Хэтчбек 5 дв.|1.6|механика|115|дизель|c7fdf5148
DS|5||2015|2018|Хэтчбек 5 дв.|1.6|механика|200|бензин|c7fdf5148
DS|5||2015|2018|Хэтчбек 5 дв.|2.0|автомат|160|дизель|c7fdf5148
DS|5||2015|2018|Хэтчбек 5 дв.|2.0|автомат|163|гибрид|c7fdf5148
DS|5||2015|2018|Хэтчбек 5 дв.|2.0|автомат|200|гибрид|c7fdf5148
DS|7 Crossback|I|2017|н.в.|Внедорожник 5 дв.|1.2|механика|130|бензин|a9990737b
DS|7 Crossback|I|2017|н.в.|Внедорожник 5 дв.|1.5|автомат|130|дизель|a9990737b
DS|7 Crossback|I|2017|н.в.|Внедорожник 5 дв.|1.5|механика|130|дизель|a9990737b
DS|7 Crossback|I|2017|н.в.|Внедорожник 5 дв.|1.6|автомат|181|бензин|a9990737b
DS|7 Crossback|I|2017|н.в.|Внедорожник 5 дв.|1.6|автомат|200|гибрид|a9990737b
DS|7 Crossback|I|2017|н.в.|Внедорожник 5 дв.|1.6|автомат|225|бензин|a9990737b
DS|7 Crossback|I|2017|н.в.|Внедорожник 5 дв.|2.0|автомат|177|дизель|a9990737b