GMC|100||1957|1957|Пикап Одинарная кабина|4.4|механика|206|бензин|15278ab31
GMC|Acadia|I Рестайлинг|2013|2016|Внедорожник 5 дв.|3.6|автомат|281|бензин|707b74325
GMC|Acadia|I Рестайлинг|2013|2016|Внедорожник 5 дв.|3.6|автомат|288|бензин|707b74325
GMC|Acadia|II|2016|н.в.|Внедорожник 5 дв.|2.5|автомат|194|бензин|94fad3b8b
GMC|Acadia|II|2016|н.в.|Внедорожник 5 дв.|3.7|автомат|310|бензин|94fad3b8b
GMC|Acadia|I|2006|2013|Внедорожник 5 дв.|3.6|автомат|279|бензин|31256e38f
GMC|Acadia|I|2006|2013|Внедорожник 5 дв.|3.6|автомат|288|бензин|31256e38f
GMC|Canyon|II|2014|н.в.|Пикап Двойная кабина long|3.6|автомат|305|бензин|9525ebbba
GMC|Canyon|II|2014|н.в.|Пикап Двойная кабина|2.5|автомат|200|бензин|3f1398b61
GMC|Canyon|II|2014|н.в.|Пикап Двойная кабина|3.6|автомат|305|бензин|3f1398b61
GMC|Canyon|II|2014|н.в.|Пикап Полуторная кабина|2.5|автомат|200|бензин|dec47c09c
GMC|Canyon|II|2014|н.в.|Пикап Полуторная кабина|2.5|механика|200|бензин|dec47c09c
GMC|Canyon|II|2014|н.в.|Пикап Полуторная кабина|3.6|автомат|305|бензин|dec47c09c
GMC|Canyon|I|2004|2013|Пикап Двойная кабина|2.8|автомат|175|бензин|cefe15cec
GMC|Canyon|I|2004|2013|Пикап Двойная кабина|2.8|механика|175|бензин|cefe15cec
GMC|Canyon|I|2004|2013|Пикап Одинарная кабина|2.8|автомат|175|бензин|8be10db8c
GMC|Canyon|I|2004|2013|Пикап Одинарная кабина|2.8|механика|175|бензин|8be10db8c
GMC|Canyon|I|2004|2013|Пикап Полуторная кабина|2.8|автомат|175|бензин|d338d69b1
GMC|Canyon|I|2004|2013|Пикап Полуторная кабина|2.8|механика|175|бензин|d338d69b1
GMC|Envoy|I(GMT330)|1997|2000|Внедорожник 5 дв.|4.3|автомат|192|бензин|fdea6d74d
GMC|Envoy|II(GMT360)|2001|2009|Внедорожник 5 дв. XL|4.2|автомат|279|бензин|74a9962c5
GMC|Envoy|II(GMT360)|2001|2009|Внедорожник 5 дв. XL|5.3|автомат|294|бензин|74a9962c5
GMC|Envoy|II(GMT360)|2001|2009|Внедорожник 5 дв. XUV|4.2|автомат|273|бензин|512b61fb3
GMC|Envoy|II(GMT360)|2001|2009|Внедорожник 5 дв. XUV|5.3|автомат|294|бензин|512b61fb3
GMC|Envoy|II(GMT360)|2001|2009|Внедорожник 5 дв.|4.2|автомат|273|бензин|f59cb9f30
GMC|Jimmy|I|1991|2005|Внедорожник 3 дв.|4.3|автомат|192|бензин|6499bbf17
GMC|Jimmy|I|1991|2005|Внедорожник 5 дв.|4.3|автомат|192|бензин|53fda07f9
GMC|Jimmy|S-15|1982|1991|Внедорожник 3 дв.|2.0|автомат|83|бензин|cddfd43fd
GMC|Jimmy|S-15|1982|1991|Внедорожник 3 дв.|2.0|автомат|84|бензин|cddfd43fd
GMC|Jimmy|S-15|1982|1991|Внедорожник 3 дв.|2.0|механика|83|бензин|cddfd43fd
GMC|Jimmy|S-15|1982|1991|Внедорожник 3 дв.|2.0|механика|84|бензин|cddfd43fd
GMC|Jimmy|S-15|1982|1991|Внедорожник 3 дв.|2.2|механика|63|дизель|cddfd43fd
GMC|Jimmy|S-15|1982|1991|Внедорожник 3 дв.|2.8|автомат|112|бензин|cddfd43fd
GMC|Jimmy|S-15|1982|1991|Внедорожник 3 дв.|2.8|механика|112|бензин|cddfd43fd
GMC|Jimmy|S-15|1982|1991|Внедорожник 3 дв.|2.8|механика|127|бензин|cddfd43fd
GMC|Jimmy|S-15|1982|1991|Внедорожник 3 дв.|4.3|автомат|163|бензин|cddfd43fd
GMC|Safari|II|1995|2005|Минивэн|4.3|автомат|192|бензин|d41e72688
GMC|Safari|I|1985|1994|Минивэн|4.3|автомат|192|бензин|49d77c4b8
GMC|Safari|I|1985|1994|Минивэн|4.3|механика|192|бензин|49d77c4b8
GMC|Savana|I Рестайлинг|2003|н.в.|Минивэн|4.8|автомат|285|бензин|67151a36d
GMC|Savana|I Рестайлинг|2003|н.в.|Минивэн|5.3|автомат|301|бензин|67151a36d
GMC|Savana|I Рестайлинг|2003|н.в.|Минивэн|6.0|автомат|323|бензин|67151a36d
GMC|Savana|I Рестайлинг|2003|н.в.|Минивэн|6.6|автомат|253|дизель|67151a36d
GMC|Savana|I Рестайлинг|2003|н.в.|Минивэн|6.6|автомат|264|дизель|67151a36d
GMC|Savana|I|1996|2002|Минивэн|5.7|автомат|250|бензин|9e6adf810
GMC|Savana|I|1996|2002|Минивэн|6.5|автомат|195|дизель|9e6adf810
GMC|Sierra|I (GMT800)|1998|2007|Пикап Двойная кабина|5.3|автомат|288|бензин|3a7dbe5ab
GMC|Sierra|I (GMT800)|1998|2007|Пикап Двойная кабина|5.3|механика|288|бензин|3a7dbe5ab
GMC|Sierra|I (GMT800)|1998|2007|Пикап Двойная кабина|6.0|автомат|323|бензин|3a7dbe5ab
GMC|Sierra|I (GMT800)|1998|2007|Пикап Двойная кабина|6.0|механика|323|бензин|3a7dbe5ab
GMC|Sierra|I (GMT800)|1998|2007|Пикап Одинарная кабина|4.3|автомат|200|бензин|1c34d5e30
GMC|Sierra|I (GMT800)|1998|2007|Пикап Одинарная кабина|4.3|механика|200|бензин|1c34d5e30
GMC|Sierra|I (GMT800)|1998|2007|Пикап Одинарная кабина|5.3|автомат|288|бензин|1c34d5e30
GMC|Sierra|I (GMT800)|1998|2007|Пикап Одинарная кабина|5.3|механика|288|бензин|1c34d5e30
GMC|Sierra|I (GMT800)|1998|2007|Пикап Полуторная кабина|4.3|автомат|200|бензин|5dd0ebbf9
GMC|Sierra|I (GMT800)|1998|2007|Пикап Полуторная кабина|4.3|механика|200|бензин|5dd0ebbf9
GMC|Sierra|I (GMT800)|1998|2007|Пикап Полуторная кабина|5.3|автомат|288|бензин|5dd0ebbf9
GMC|Sierra|I (GMT800)|1998|2007|Пикап Полуторная кабина|5.3|механика|288|бензин|5dd0ebbf9
GMC|Sierra|II (GMT900)|2006|2014|Пикап Двойная кабина|4.8|автомат|295|бензин|d08599534
GMC|Sierra|II (GMT900)|2006|2014|Пикап Двойная кабина|5.3|автомат|315|бензин|d08599534
GMC|Sierra|II (GMT900)|2006|2014|Пикап Двойная кабина|6.0|автомат|323|бензин|d08599534
GMC|Sierra|II (GMT900)|2006|2014|Пикап Одинарная кабина|4.3|автомат|200|бензин|08aa6fb0a
GMC|Sierra|II (GMT900)|2006|2014|Пикап Одинарная кабина|4.8|автомат|295|бензин|08aa6fb0a
GMC|Sierra|II (GMT900)|2006|2014|Пикап Одинарная кабина|5.3|автомат|315|бензин|08aa6fb0a
GMC|Sierra|II (GMT900)|2006|2014|Пикап Полуторная кабина|4.3|автомат|200|бензин|7aded0dea
GMC|Sierra|II (GMT900)|2006|2014|Пикап Полуторная кабина|4.8|автомат|295|бензин|7aded0dea
GMC|Sierra|II (GMT900)|2006|2014|Пикап Полуторная кабина|5.3|автомат|315|бензин|7aded0dea
GMC|Sierra|III (K2XX) Рестайлинг|2015|н.в.|Пикап Двойная кабина Crew|3.0|автомат|277|дизель|7c0c4aecf
GMC|Sierra|III (K2XX) Рестайлинг|2015|н.в.|Пикап Двойная кабина Crew|4.3|автомат|285|бензин|7c0c4aecf
GMC|Sierra|III (K2XX) Рестайлинг|2015|н.в.|Пикап Двойная кабина Crew|5.3|автомат|355|бензин|7c0c4aecf
GMC|Sierra|III (K2XX) Рестайлинг|2015|н.в.|Пикап Двойная кабина Crew|6.2|автомат|420|бензин|7c0c4aecf
GMC|Sierra|III (K2XX) Рестайлинг|2015|н.в.|Пикап Двойная кабина Double|3.0|автомат|277|дизель|43f0b27d7
GMC|Sierra|III (K2XX) Рестайлинг|2015|н.в.|Пикап Двойная кабина Double|4.3|автомат|285|бензин|43f0b27d7
GMC|Sierra|III (K2XX) Рестайлинг|2015|н.в.|Пикап Двойная кабина Double|5.3|автомат|355|бензин|43f0b27d7
GMC|Sierra|III (K2XX) Рестайлинг|2015|н.в.|Пикап Двойная кабина Double|6.2|автомат|420|бензин|43f0b27d7
GMC|Sierra|III (K2XX)|2013|2015|Пикап Двойная кабина Crew Cab|4.3|автомат|285|бензин|bb4dbc0e7
GMC|Sierra|III (K2XX)|2013|2015|Пикап Двойная кабина Crew Cab|5.3|автомат|355|бензин|bb4dbc0e7
GMC|Sierra|III (K2XX)|2013|2015|Пикап Двойная кабина Crew Cab|6.2|автомат|420|бензин|bb4dbc0e7
GMC|Sierra|III (K2XX)|2013|2015|Пикап Двойная кабина Double Cab|4.3|автомат|285|бензин|7118e7632
GMC|Sierra|III (K2XX)|2013|2015|Пикап Двойная кабина Double Cab|5.3|автомат|355|бензин|7118e7632
GMC|Sierra|III (K2XX)|2013|2015|Пикап Двойная кабина Double Cab|6.2|автомат|420|бензин|7118e7632
GMC|Sierra|III (K2XX)|2013|2015|Пикап Одинарная кабина|4.3|автомат|285|бензин|c99827475
GMC|Sierra|III (K2XX)|2013|2015|Пикап Одинарная кабина|5.3|автомат|355|бензин|c99827475
GMC|Sonoma|II(GMT400)|1994|2004|Пикап Двойная кабина|2.2|автомат|120|бензин|b06eb1337
GMC|Sonoma|II(GMT400)|1994|2004|Пикап Двойная кабина|2.2|механика|120|бензин|b06eb1337
GMC|Sonoma|II(GMT400)|1994|2004|Пикап Двойная кабина|4.3|автомат|158|бензин|b06eb1337
GMC|Sonoma|II(GMT400)|1994|2004|Пикап Двойная кабина|4.3|автомат|190|бензин|b06eb1337
GMC|Sonoma|II(GMT400)|1994|2004|Пикап Двойная кабина|4.3|механика|158|бензин|b06eb1337
GMC|Sonoma|II(GMT400)|1994|2004|Пикап Двойная кабина|4.3|механика|190|бензин|b06eb1337
GMC|Sonoma|II(GMT400)|1994|2004|Пикап Одинарная кабина|2.2|автомат|120|бензин|1dcb9f022
GMC|Sonoma|II(GMT400)|1994|2004|Пикап Одинарная кабина|2.2|механика|120|бензин|1dcb9f022
GMC|Sonoma|II(GMT400)|1994|2004|Пикап Одинарная кабина|4.3|автомат|158|бензин|1dcb9f022
GMC|Sonoma|II(GMT400)|1994|2004|Пикап Одинарная кабина|4.3|автомат|190|бензин|1dcb9f022
GMC|Sonoma|II(GMT400)|1994|2004|Пикап Одинарная кабина|4.3|механика|158|бензин|1dcb9f022
GMC|Sonoma|II(GMT400)|1994|2004|Пикап Одинарная кабина|4.3|механика|190|бензин|1dcb9f022
GMC|Sonoma|II(GMT400)|1994|2004|Пикап Полуторная кабина|2.2|автомат|120|бензин|4236e31f3
GMC|Sonoma|II(GMT400)|1994|2004|Пикап Полуторная кабина|2.2|механика|120|бензин|4236e31f3
GMC|Sonoma|II(GMT400)|1994|2004|Пикап Полуторная кабина|4.3|автомат|158|бензин|4236e31f3
GMC|Sonoma|II(GMT400)|1994|2004|Пикап Полуторная кабина|4.3|автомат|190|бензин|4236e31f3
GMC|Sonoma|II(GMT400)|1994|2004|Пикап Полуторная кабина|4.3|механика|158|бензин|4236e31f3
GMC|Sonoma|II(GMT400)|1994|2004|Пикап Полуторная кабина|4.3|механика|190|бензин|4236e31f3
GMC|Sonoma|I|1991|1994|Пикап Одинарная кабина|2.5|автомат|105|бензин|e58b20564
GMC|Sonoma|I|1991|1994|Пикап Одинарная кабина|2.5|механика|105|бензин|e58b20564
GMC|Sonoma|I|1991|1994|Пикап Одинарная кабина|4.3|автомат|160|бензин|e58b20564
GMC|Suburban||1992|1999|Внедорожник 5 дв.|5.7|автомат|200|бензин|7e8069d6b
GMC|Suburban||1992|1999|Внедорожник 5 дв.|5.7|автомат|255|бензин|7e8069d6b
GMC|Suburban||1992|1999|Внедорожник 5 дв.|7.4|автомат|230|бензин|7e8069d6b
GMC|Syclone||1991|1991|Пикап Одинарная кабина|4.3|автомат|280|бензин|bd7231c12
GMC|Terrain|I Рестайлинг|2015|2017|Внедорожник 5 дв.|2.4|автомат|182|бензин|9ff8fd280
GMC|Terrain|I Рестайлинг|2015|2017|Внедорожник 5 дв.|3.6|автомат|301|бензин|9ff8fd280
GMC|Terrain|II|2017|н.в.|Внедорожник 5 дв.|1.5|автомат|170|бензин|04fb6574d
GMC|Terrain|II|2017|н.в.|Внедорожник 5 дв.|1.6|автомат|137|дизель|04fb6574d
GMC|Terrain|II|2017|н.в.|Внедорожник 5 дв.|2.0|автомат|252|бензин|04fb6574d
GMC|Terrain|I|2009|2015|Внедорожник 5 дв.|2.4|автомат|182|бензин|31714f06e
GMC|Terrain|I|2009|2015|Внедорожник 5 дв.|3.0|автомат|264|бензин|31714f06e
GMC|Terrain|I|2009|2015|Внедорожник 5 дв.|3.6|автомат|301|бензин|31714f06e
GMC|Typhoon||1991|1993|Внедорожник 3 дв.|4.3|автомат|280|бензин|0edab6d25
GMC|Vandura||1970|1996|Минивэн|4.1|автомат|115|бензин|14a03e2c4
GMC|Vandura||1970|1996|Минивэн|4.1|механика|115|бензин|14a03e2c4
GMC|Vandura||1970|1996|Минивэн|4.3|автомат|135|бензин|14a03e2c4
GMC|Vandura||1970|1996|Минивэн|4.3|механика|135|бензин|14a03e2c4
GMC|Vandura||1970|1996|Минивэн|5.0|автомат|155|бензин|14a03e2c4
GMC|Vandura||1970|1996|Минивэн|5.0|механика|155|бензин|14a03e2c4
GMC|Vandura||1970|1996|Минивэн|5.7|автомат|190|бензин|14a03e2c4
GMC|Vandura||1970|1996|Минивэн|5.7|механика|190|бензин|14a03e2c4
GMC|Vandura||1970|1996|Минивэн|6.2|автомат|135|дизель|14a03e2c4
GMC|Vandura||1970|1996|Минивэн|6.2|механика|135|дизель|14a03e2c4
GMC|Vandura||1970|1996|Минивэн|6.5|автомат|180|дизель|14a03e2c4
GMC|Vandura||1970|1996|Минивэн|6.5|механика|180|дизель|14a03e2c4
GMC|Vandura||1970|1996|Минивэн|7.5|автомат|230|бензин|14a03e2c4
GMC|Vandura||1970|1996|Минивэн|7.5|механика|230|бензин|14a03e2c4
GMC|Yukon|I (GMT400)|1991|1999|Внедорожник 3 дв.|5.7|автомат|200|бензин|6ef2e7051
GMC|Yukon|I (GMT400)|1991|1999|Внедорожник 3 дв.|5.7|автомат|258|бензин|6ef2e7051
GMC|Yukon|I (GMT400)|1991|1999|Внедорожник 3 дв.|6.5|автомат|180|дизель|6ef2e7051
GMC|Yukon|I (GMT400)|1991|1999|Внедорожник 5 дв.|5.7|автомат|203|бензин|51da11ee6
GMC|Yukon|I (GMT400)|1991|1999|Внедорожник 5 дв.|5.7|автомат|258|бензин|51da11ee6
GMC|Yukon|I (GMT400)|1991|1999|Внедорожник 5 дв.|7.5|автомат|290|бензин|51da11ee6
GMC|Yukon|II (GMT800)|1999|2006|Внедорожник 5 дв. XL|5.3|автомат|288|бензин|e14961139
GMC|Yukon|II (GMT800)|1999|2006|Внедорожник 5 дв. XL|6.0|автомат|304|бензин|e14961139
GMC|Yukon|II (GMT800)|1999|2006|Внедорожник 5 дв. XL|6.0|автомат|323|бензин|e14961139
GMC|Yukon|II (GMT800)|1999|2006|Внедорожник 5 дв.|4.8|автомат|278|бензин|ec03d6de8
GMC|Yukon|II (GMT800)|1999|2006|Внедорожник 5 дв.|5.3|автомат|288|бензин|ec03d6de8
GMC|Yukon|II (GMT800)|1999|2006|Внедорожник 5 дв.|8.1|автомат|344|бензин|ec03d6de8
GMC|Yukon|III (GMT900)|2006|2014|Внедорожник 5 дв. XL|5.3|автомат|324|бензин|e6ea384a2
GMC|Yukon|III (GMT900)|2006|2014|Внедорожник 5 дв. XL|6.0|вариатор|332|гибрид|e6ea384a2
GMC|Yukon|III (GMT900)|2006|2014|Внедорожник 5 дв. XL|6.2|автомат|385|бензин|e6ea384a2
GMC|Yukon|III (GMT900)|2006|2014|Внедорожник 5 дв.|4.8|автомат|294|бензин|2e615aefc
GMC|Yukon|III (GMT900)|2006|2014|Внедорожник 5 дв.|5.3|автомат|324|бензин|2e615aefc
GMC|Yukon|III (GMT900)|2006|2014|Внедорожник 5 дв.|6.0|автомат|340|бензин|2e615aefc
GMC|Yukon|III (GMT900)|2006|2014|Внедорожник 5 дв.|6.0|автомат|371|бензин|2e615aefc
GMC|Yukon|III (GMT900)|2006|2014|Внедорожник 5 дв.|6.0|вариатор|332|гибрид|2e615aefc
GMC|Yukon|III (GMT900)|2006|2014|Внедорожник 5 дв.|6.2|автомат|385|бензин|2e615aefc
GMC|Yukon|IV (GMT K2UG)|2014|2020|Внедорожник 5 дв. XL|5.3|автомат|355|бензин|33df989b2
GMC|Yukon|IV (GMT K2UG)|2014|2020|Внедорожник 5 дв. XL|6.2|автомат|420|бензин|33df989b2
GMC|Yukon|IV (GMT K2UG)|2014|2020|Внедорожник 5 дв.|5.3|автомат|355|бензин|680938711
GMC|Yukon|IV (GMT K2UG)|2014|2020|Внедорожник 5 дв.|6.2|автомат|420|бензин|680938711
GMC|Yukon|V|2020|н.в.|Внедорожник 5 дв. XL|3.0|автомат|282|дизель|1d02a78e7
GMC|Yukon|V|2020|н.в.|Внедорожник 5 дв. XL|5.3|автомат|360|бензин|1d02a78e7
GMC|Yukon|V|2020|н.в.|Внедорожник 5 дв. XL|6.2|автомат|426|бензин|1d02a78e7
GMC|Yukon|V|2020|н.в.|Внедорожник 5 дв.|3.0|автомат|282|дизель|d6e4aaf19
GMC|Yukon|V|2020|н.в.|Внедорожник 5 дв.|5.3|автомат|360|бензин|d6e4aaf19
GMC|Yukon|V|2020|н.в.|Внедорожник 5 дв.|6.2|автомат|426|бензин|d6e4aaf19