Great Wall|Coolbear||2009|2013|Хэтчбек 5 дв.|1.3|механика|92|бензин|085f8c38e
Great Wall|Coolbear||2009|2013|Хэтчбек 5 дв.|1.5|вариатор|105|бензин|085f8c38e
Great Wall|Coolbear||2009|2013|Хэтчбек 5 дв.|1.5|механика|105|бензин|085f8c38e
Great Wall|Cowry (V80)||2007|2014|Компактвэн|2.0|механика|143|бензин|7046e3885
Great Wall|Deer||1996|2013|Пикап Двойная кабина|2.2|механика|105|бензин|5c18848fe
Great Wall|Deer||1996|2013|Пикап Одинарная кабина|2.2|механика|105|бензин|1d4be44bd
Great Wall|Deer||1996|2013|Пикап Полуторная кабина|2.2|механика|105|бензин|4137cd197
Great Wall|Florid||2008|2013|Хэтчбек 5 дв.|1.3|механика|87|бензин|24aee87f4
Great Wall|Florid||2008|2013|Хэтчбек 5 дв.|1.3|механика|92|бензин|24aee87f4
Great Wall|Florid||2008|2013|Хэтчбек 5 дв.|1.5|механика|105|бензин|24aee87f4
Great Wall|Hover H3|I Рестайлинг|2014|2016|Внедорожник 5 дв.|2.0|механика|116|бензин|37b52af8e
Great Wall|Hover H3|I Рестайлинг|2014|2016|Внедорожник 5 дв.|2.0|механика|150|бензин|37b52af8e
Great Wall|Hover H3|I|2010|2015|Внедорожник 5 дв.|2.0|механика|115|бензин|fc75b82ac
Great Wall|Hover H3|I|2010|2015|Внедорожник 5 дв.|2.0|механика|122|бензин|fc75b82ac
Great Wall|Hover H3|I|2010|2015|Внедорожник 5 дв.|2.4|механика|134|бензин|fc75b82ac
Great Wall|Hover H5||2010|2017|Внедорожник 5 дв.|2.0|автомат|143|дизель|b5f526197
Great Wall|Hover H5||2010|2017|Внедорожник 5 дв.|2.0|автомат|150|дизель|b5f526197
Great Wall|Hover H5||2010|2017|Внедорожник 5 дв.|2.0|механика|143|дизель|b5f526197
Great Wall|Hover H5||2010|2017|Внедорожник 5 дв.|2.0|механика|150|дизель|b5f526197
Great Wall|Hover H5||2010|2017|Внедорожник 5 дв.|2.4|механика|127|бензин|b5f526197
Great Wall|Hover H5||2010|2017|Внедорожник 5 дв.|2.4|механика|136|бензин|b5f526197
Great Wall|Hover H6||2011|2017|Внедорожник 5 дв.|1.5|механика|143|бензин|ab113a0fd
Great Wall|Hover H6||2011|2017|Внедорожник 5 дв.|2.0|автомат|150|дизель|ab113a0fd
Great Wall|Hover H6||2011|2017|Внедорожник 5 дв.|2.0|механика|140|дизель|ab113a0fd
Great Wall|Hover H6||2011|2017|Внедорожник 5 дв.|2.0|механика|150|дизель|ab113a0fd
Great Wall|Hover H6||2011|2017|Внедорожник 5 дв.|2.4|автомат|136|бензин|ab113a0fd
Great Wall|Hover H6||2011|2017|Внедорожник 5 дв.|2.4|автомат|147|бензин|ab113a0fd
Great Wall|Hover H6||2011|2017|Внедорожник 5 дв.|2.4|автомат|164|бензин|ab113a0fd
Great Wall|Hover H6||2011|2017|Внедорожник 5 дв.|2.4|механика|136|бензин|ab113a0fd
Great Wall|Hover H6||2011|2017|Внедорожник 5 дв.|2.4|механика|147|бензин|ab113a0fd
Great Wall|Hover M1 (Peri 4x4)||2008|2010|Внедорожник 5 дв.|1.3|механика|88|бензин|fd977e1e7
Great Wall|Hover M2||2010|2014|Универсал 5 дв.|1.5|механика|105|бензин|96d79d8c8
Great Wall|Hover M2||2010|2014|Универсал 5 дв.|1.5|механика|98|бензин|96d79d8c8
Great Wall|Hover M4||2012|2017|Внедорожник 5 дв.|1.5|механика|94|бензин|795964b30
Great Wall|Hover Pi||2006|2010|Лимузин|2.4|механика|126|бензин|6761f710e
Great Wall|Hover||2005|2010|Внедорожник 5 дв.|2.0|механика|122|бензин|d888be994
Great Wall|Hover||2005|2010|Внедорожник 5 дв.|2.4|механика|126|бензин|d888be994
Great Wall|Hover||2005|2010|Внедорожник 5 дв.|2.4|механика|128|бензин|d888be994
Great Wall|Hover||2005|2010|Внедорожник 5 дв.|2.4|механика|130|бензин|d888be994
Great Wall|Hover||2005|2010|Внедорожник 5 дв.|2.8|механика|95|дизель|d888be994
Great Wall|Pegasus||2006|2008|Внедорожник 5 дв.|2.2|механика|105|бензин|429b8467e
Great Wall|Peri||2008|2010|Хэтчбек 5 дв.|1.3|механика|88|бензин|45b8a0f40
Great Wall|Poer|I|2021|н.в.|Пикап Двойная кабина|2.0|автомат|150|дизель|97ae93110
Great Wall|Safe||2001|2010|Внедорожник 5 дв.|2.2|механика|105|бензин|1c43bc825
Great Wall|Sailor||2003|2010|Пикап Двойная кабина|2.2|механика|105|бензин|5c2acc427
Great Wall|Sing RUV||2005|2010|Внедорожник 5 дв.|2.2|механика|102|бензин|2c4972646
Great Wall|Sing RUV||2005|2010|Внедорожник 5 дв.|2.2|механика|105|бензин|2c4972646
Great Wall|Socool||2005|2008|Пикап Двойная кабина|2.2|механика|105|бензин|4dbfc6f66
Great Wall|Voleex C10 (Phenom)||2010|2013|Хэтчбек 5 дв.|1.3|механика|87|бензин|fb2b06c58
Great Wall|Voleex C10 (Phenom)||2010|2013|Хэтчбек 5 дв.|1.3|механика|88|бензин|fb2b06c58
Great Wall|Voleex C10 (Phenom)||2010|2013|Хэтчбек 5 дв.|1.5|вариатор|97|бензин|fb2b06c58
Great Wall|Voleex C10 (Phenom)||2010|2013|Хэтчбек 5 дв.|1.5|механика|109|бензин|fb2b06c58
Great Wall|Voleex C30||2010|2014|Седан|1.5|вариатор|105|бензин|45785c828
Great Wall|Voleex C30||2010|2014|Седан|1.5|вариатор|97|бензин|45785c828
Great Wall|Voleex C30||2010|2014|Седан|1.5|механика|105|бензин|45785c828
Great Wall|Voleex C30||2010|2014|Седан|1.5|механика|97|бензин|45785c828
Great Wall|Wingle 7||2020|н.в.|Пикап Двойная кабина|2.0|механика|143|дизель|987821411
Great Wall|Wingle|I (Wingle 3)|2006|2012|Пикап Двойная кабина|2.2|механика|106|бензин|1259f2cfb
Great Wall|Wingle|I (Wingle 3)|2006|2012|Пикап Двойная кабина|2.2|механика|110|бензин|1259f2cfb
Great Wall|Wingle|I (Wingle 3)|2006|2012|Пикап Двойная кабина|2.8|механика|95|дизель|1259f2cfb
Great Wall|Wingle|II (Wingle 5)|2011|2015|Пикап Двойная кабина|2.2|механика|106|бензин|5e2627992
Great Wall|Wingle|II (Wingle 5)|2011|2015|Пикап Двойная кабина|2.2|механика|110|бензин|5e2627992
Great Wall|Wingle|II (Wingle 5)|2011|2015|Пикап Двойная кабина|2.8|механика|95|дизель|5e2627992