Pontiac|6000||1982|1991|Купе|2.5|автомат|90|бензин|df6f47b4e
Pontiac|6000||1982|1991|Купе|2.8|автомат|112|бензин|df6f47b4e
Pontiac|6000||1982|1991|Купе|3.1|автомат|140|бензин|df6f47b4e
Pontiac|6000||1982|1991|Седан|2.5|автомат|90|бензин|4e3cea20f
Pontiac|6000||1982|1991|Седан|2.8|автомат|112|бензин|4e3cea20f
Pontiac|6000||1982|1991|Седан|3.1|автомат|140|бензин|4e3cea20f
Pontiac|6000||1982|1991|Универсал 5 дв.|2.5|автомат|90|бензин|e5223e9fb
Pontiac|6000||1982|1991|Универсал 5 дв.|2.8|автомат|112|бензин|e5223e9fb
Pontiac|6000||1982|1991|Универсал 5 дв.|3.1|автомат|140|бензин|e5223e9fb
Pontiac|Aztek||2001|2005|Внедорожник 5 дв.|3.4|автомат|188|бензин|667b772bf
Pontiac|Bonneville|IV|1965|1970|Кабриолет|6.4|автомат|225|бензин|b44822775
Pontiac|Bonneville|IV|1965|1970|Кабриолет|6.6|автомат|265|бензин|b44822775
Pontiac|Bonneville|IX|1991|1999|Седан|3.8|автомат|170|бензин|ee69a934d
Pontiac|Bonneville|IX|1991|1999|Седан|3.8|автомат|205|бензин|ee69a934d
Pontiac|Bonneville|IX|1991|1999|Седан|3.8|автомат|208|бензин|ee69a934d
Pontiac|Bonneville|IX|1991|1999|Седан|3.8|автомат|225|бензин|ee69a934d
Pontiac|Bonneville|IX|1991|1999|Седан|3.8|автомат|240|бензин|ee69a934d
Pontiac|Bonneville|VIII|1987|1991|Седан|3.8|автомат|150|бензин|d64b7fccb
Pontiac|Bonneville|VIII|1987|1991|Седан|3.8|автомат|165|бензин|d64b7fccb
Pontiac|Bonneville|X|2000|2005|Седан|3.8|автомат|208|бензин|385512946
Pontiac|Bonneville|X|2000|2005|Седан|3.8|автомат|240|бензин|385512946
Pontiac|Bonneville|X|2000|2005|Седан|4.6|автомат|275|бензин|385512946
Pontiac|Catalina|III|1965|1970|Кабриолет|6.4|механика|265|бензин|680c8529e
Pontiac|Catalina|III|1965|1970|Кабриолет|6.9|механика|338|бензин|680c8529e
Pontiac|Catalina|III|1965|1970|Купе-хардтоп|6.4|механика|265|бензин|ff5aa1b14
Pontiac|Catalina|III|1965|1970|Купе-хардтоп|6.9|механика|338|бензин|ff5aa1b14
Pontiac|Catalina|II|1961|1964|Кабриолет|6.4|автомат|267|бензин|9fe5136c1
Pontiac|Catalina|II|1961|1964|Кабриолет|6.4|механика|215|бензин|9fe5136c1
Pontiac|Catalina|II|1961|1964|Купе-хардтоп|6.4|автомат|267|бензин|ad3a329f9
Pontiac|Catalina|II|1961|1964|Купе-хардтоп|6.4|механика|215|бензин|ad3a329f9
Pontiac|Catalina|II|1961|1964|Седан|6.4|автомат|267|бензин|422e8fcb6
Pontiac|Catalina|II|1961|1964|Седан|6.4|механика|215|бензин|422e8fcb6
Pontiac|Catalina|II|1961|1964|Универсал 5 дв.|6.4|автомат|267|бензин|1efbea525
Pontiac|Catalina|II|1961|1964|Универсал 5 дв.|6.4|механика|215|бензин|1efbea525
Pontiac|Catalina|IV|1971|1976|Купе-хардтоп|5.8|автомат|255|бензин|4cba78da8
Pontiac|Catalina|IV|1971|1976|Купе-хардтоп|6.6|автомат|265|бензин|4cba78da8
Pontiac|Catalina|IV|1971|1976|Купе-хардтоп|7.5|автомат|325|бензин|4cba78da8
Pontiac|Catalina|IV|1971|1976|Седан|5.8|автомат|255|бензин|2028caac8
Pontiac|Catalina|IV|1971|1976|Седан|6.6|автомат|265|бензин|2028caac8
Pontiac|Catalina|IV|1971|1976|Седан|7.5|автомат|325|бензин|2028caac8
Pontiac|Catalina|IV|1971|1976|Универсал 5 дв.|5.8|автомат|255|бензин|50ef11d7e
Pontiac|Catalina|IV|1971|1976|Универсал 5 дв.|6.6|автомат|265|бензин|50ef11d7e
Pontiac|Catalina|IV|1971|1976|Универсал 5 дв.|7.5|автомат|325|бензин|50ef11d7e
Pontiac|Catalina|I|1959|1960|Кабриолет|6.4|автомат|280|бензин|80b507c74
Pontiac|Catalina|I|1959|1960|Кабриолет|6.4|механика|235|бензин|80b507c74
Pontiac|Catalina|I|1959|1960|Седан-хардтоп|6.4|автомат|280|бензин|77cb94fd1
Pontiac|Catalina|I|1959|1960|Седан-хардтоп|6.4|механика|235|бензин|77cb94fd1
Pontiac|Catalina|V|1977|1981|Седан|6.6|автомат|265|бензин|0e908ba32
Pontiac|Fiero||1984|1988|Хэтчбек 3 дв.|2.5|автомат|90|бензин|f83c6b962
Pontiac|Fiero||1984|1988|Хэтчбек 3 дв.|2.5|механика|90|бензин|f83c6b962
Pontiac|Fiero||1984|1988|Хэтчбек 3 дв.|2.8|автомат|140|бензин|f83c6b962
Pontiac|Fiero||1984|1988|Хэтчбек 3 дв.|2.8|механика|140|бензин|f83c6b962
Pontiac|Firebird|III|1982|1992|Кабриолет|2.5|автомат|90|бензин|853a50317
Pontiac|Firebird|III|1982|1992|Кабриолет|2.5|механика|90|бензин|853a50317
Pontiac|Firebird|III|1982|1992|Кабриолет|2.8|автомат|140|бензин|853a50317
Pontiac|Firebird|III|1982|1992|Кабриолет|2.8|механика|140|бензин|853a50317
Pontiac|Firebird|III|1982|1992|Кабриолет|3.1|автомат|140|бензин|853a50317
Pontiac|Firebird|III|1982|1992|Кабриолет|3.1|механика|140|бензин|853a50317
Pontiac|Firebird|III|1982|1992|Кабриолет|3.8|автомат|248|бензин|853a50317
Pontiac|Firebird|III|1982|1992|Кабриолет|3.8|механика|248|бензин|853a50317
Pontiac|Firebird|III|1982|1992|Кабриолет|5.0|автомат|140|бензин|853a50317
Pontiac|Firebird|III|1982|1992|Кабриолет|5.0|автомат|210|бензин|853a50317
Pontiac|Firebird|III|1982|1992|Кабриолет|5.0|механика|140|бензин|853a50317
Pontiac|Firebird|III|1982|1992|Кабриолет|5.0|механика|210|бензин|853a50317
Pontiac|Firebird|III|1982|1992|Кабриолет|5.7|автомат|160|бензин|853a50317
Pontiac|Firebird|III|1982|1992|Кабриолет|5.7|механика|160|бензин|853a50317
Pontiac|Firebird|III|1982|1992|Купе|2.5|автомат|90|бензин|fc24c6206
Pontiac|Firebird|III|1982|1992|Купе|2.5|механика|90|бензин|fc24c6206
Pontiac|Firebird|III|1982|1992|Купе|2.8|автомат|140|бензин|fc24c6206
Pontiac|Firebird|III|1982|1992|Купе|2.8|механика|140|бензин|fc24c6206
Pontiac|Firebird|III|1982|1992|Купе|3.1|автомат|140|бензин|fc24c6206
Pontiac|Firebird|III|1982|1992|Купе|3.1|механика|140|бензин|fc24c6206
Pontiac|Firebird|III|1982|1992|Купе|3.8|автомат|248|бензин|fc24c6206
Pontiac|Firebird|III|1982|1992|Купе|3.8|механика|248|бензин|fc24c6206
Pontiac|Firebird|III|1982|1992|Купе|5.0|автомат|140|бензин|fc24c6206
Pontiac|Firebird|III|1982|1992|Купе|5.0|автомат|210|бензин|fc24c6206
Pontiac|Firebird|III|1982|1992|Купе|5.0|механика|140|бензин|fc24c6206
Pontiac|Firebird|III|1982|1992|Купе|5.0|механика|210|бензин|fc24c6206
Pontiac|Firebird|III|1982|1992|Купе|5.7|автомат|160|бензин|fc24c6206
Pontiac|Firebird|III|1982|1992|Купе|5.7|автомат|230|бензин|fc24c6206
Pontiac|Firebird|III|1982|1992|Купе|5.7|автомат|238|бензин|fc24c6206
Pontiac|Firebird|III|1982|1992|Купе|5.7|механика|160|бензин|fc24c6206
Pontiac|Firebird|II|1970|1981|Купе|3.8|автомат|150|бензин|8da1c9570
Pontiac|Firebird|II|1970|1981|Купе|3.8|механика|150|бензин|8da1c9570
Pontiac|Firebird|II|1970|1981|Купе|5.7|автомат|325|бензин|8da1c9570
Pontiac|Firebird|II|1970|1981|Купе|5.7|механика|325|бензин|8da1c9570
Pontiac|Firebird|II|1970|1981|Купе|6.6|автомат|180|бензин|8da1c9570
Pontiac|Firebird|II|1970|1981|Купе|6.6|автомат|325|бензин|8da1c9570
Pontiac|Firebird|II|1970|1981|Купе|6.6|механика|325|бензин|8da1c9570
Pontiac|Firebird|II|1970|1981|Купе|7.5|автомат|340|бензин|8da1c9570
Pontiac|Firebird|II|1970|1981|Купе|7.5|автомат|360|бензин|8da1c9570
Pontiac|Firebird|II|1970|1981|Купе|7.5|механика|360|бензин|8da1c9570
Pontiac|Firebird|IV|1993|2002|Кабриолет|3.4|автомат|148|бензин|ad4aee637
Pontiac|Firebird|IV|1993|2002|Кабриолет|3.4|автомат|162|бензин|ad4aee637
Pontiac|Firebird|IV|1993|2002|Кабриолет|3.4|механика|148|бензин|ad4aee637
Pontiac|Firebird|IV|1993|2002|Кабриолет|3.4|механика|162|бензин|ad4aee637
Pontiac|Firebird|IV|1993|2002|Кабриолет|3.8|автомат|205|бензин|ad4aee637
Pontiac|Firebird|IV|1993|2002|Кабриолет|3.8|автомат|208|бензин|ad4aee637
Pontiac|Firebird|IV|1993|2002|Кабриолет|3.8|механика|205|бензин|ad4aee637
Pontiac|Firebird|IV|1993|2002|Кабриолет|3.8|механика|208|бензин|ad4aee637
Pontiac|Firebird|IV|1993|2002|Кабриолет|5.7|автомат|275|бензин|ad4aee637
Pontiac|Firebird|IV|1993|2002|Кабриолет|5.7|автомат|279|бензин|ad4aee637
Pontiac|Firebird|IV|1993|2002|Кабриолет|5.7|автомат|285|бензин|ad4aee637
Pontiac|Firebird|IV|1993|2002|Кабриолет|5.7|автомат|309|бензин|ad4aee637
Pontiac|Firebird|IV|1993|2002|Кабриолет|5.7|автомат|314|бензин|ad4aee637
Pontiac|Firebird|IV|1993|2002|Кабриолет|5.7|автомат|329|бензин|ad4aee637
Pontiac|Firebird|IV|1993|2002|Кабриолет|5.7|механика|275|бензин|ad4aee637
Pontiac|Firebird|IV|1993|2002|Кабриолет|5.7|механика|279|бензин|ad4aee637
Pontiac|Firebird|IV|1993|2002|Кабриолет|5.7|механика|285|бензин|ad4aee637
Pontiac|Firebird|IV|1993|2002|Кабриолет|5.7|механика|314|бензин|ad4aee637
Pontiac|Firebird|IV|1993|2002|Кабриолет|5.7|механика|329|бензин|ad4aee637
Pontiac|Firebird|IV|1993|2002|Купе|3.4|автомат|148|бензин|2c102b126
Pontiac|Firebird|IV|1993|2002|Купе|3.4|автомат|162|бензин|2c102b126
Pontiac|Firebird|IV|1993|2002|Купе|3.4|механика|148|бензин|2c102b126
Pontiac|Firebird|IV|1993|2002|Купе|3.4|механика|162|бензин|2c102b126
Pontiac|Firebird|IV|1993|2002|Купе|3.8|автомат|196|бензин|2c102b126
Pontiac|Firebird|IV|1993|2002|Купе|3.8|автомат|208|бензин|2c102b126
Pontiac|Firebird|IV|1993|2002|Купе|3.8|механика|196|бензин|2c102b126
Pontiac|Firebird|IV|1993|2002|Купе|3.8|механика|205|бензин|2c102b126
Pontiac|Firebird|IV|1993|2002|Купе|3.8|механика|208|бензин|2c102b126
Pontiac|Firebird|IV|1993|2002|Купе|5.7|автомат|265|бензин|2c102b126
Pontiac|Firebird|IV|1993|2002|Купе|5.7|автомат|269|бензин|2c102b126
Pontiac|Firebird|IV|1993|2002|Купе|5.7|автомат|275|бензин|2c102b126
Pontiac|Firebird|IV|1993|2002|Купе|5.7|автомат|309|бензин|2c102b126
Pontiac|Firebird|IV|1993|2002|Купе|5.7|автомат|314|бензин|2c102b126
Pontiac|Firebird|IV|1993|2002|Купе|5.7|автомат|329|бензин|2c102b126
Pontiac|Firebird|IV|1993|2002|Купе|5.7|механика|269|бензин|2c102b126
Pontiac|Firebird|IV|1993|2002|Купе|5.7|механика|275|бензин|2c102b126
Pontiac|Firebird|IV|1993|2002|Купе|5.7|механика|309|бензин|2c102b126
Pontiac|Firebird|IV|1993|2002|Купе|5.7|механика|314|бензин|2c102b126
Pontiac|Firebird|IV|1993|2002|Купе|5.7|механика|329|бензин|2c102b126
Pontiac|Firebird|I|1967|1969|Кабриолет|3.8|автомат|165|бензин|d27ca3def
Pontiac|Firebird|I|1967|1969|Кабриолет|5.3|автомат|250|бензин|d27ca3def
Pontiac|Firebird|I|1967|1969|Кабриолет|5.7|автомат|325|бензин|d27ca3def
Pontiac|Firebird|I|1967|1969|Кабриолет|6.6|автомат|325|бензин|d27ca3def
Pontiac|Firebird|I|1967|1969|Купе-хардтоп|3.8|автомат|165|бензин|4482d6fd0
Pontiac|Firebird|I|1967|1969|Купе-хардтоп|4.1|механика|215|бензин|4482d6fd0
Pontiac|Firebird|I|1967|1969|Купе-хардтоп|5.3|автомат|250|бензин|4482d6fd0
Pontiac|Firebird|I|1967|1969|Купе-хардтоп|5.7|автомат|320|бензин|4482d6fd0
Pontiac|Firebird|I|1967|1969|Купе-хардтоп|6.6|автомат|325|бензин|4482d6fd0
Pontiac|G4||2005|2010|Купе|2.2|автомат|148|бензин|65d616dbf
Pontiac|G4||2005|2010|Купе|2.2|автомат|155|бензин|65d616dbf
Pontiac|G4||2005|2010|Купе|2.2|механика|148|бензин|65d616dbf
Pontiac|G4||2005|2010|Купе|2.2|механика|155|бензин|65d616dbf
Pontiac|G4||2005|2010|Купе|2.4|автомат|171|бензин|65d616dbf
Pontiac|G4||2005|2010|Купе|2.4|механика|171|бензин|65d616dbf
Pontiac|G4||2005|2010|Седан|2.2|автомат|148|бензин|a5e443145
Pontiac|G4||2005|2010|Седан|2.2|автомат|155|бензин|a5e443145
Pontiac|G4||2005|2010|Седан|2.2|механика|148|бензин|a5e443145
Pontiac|G4||2005|2010|Седан|2.2|механика|155|бензин|a5e443145
Pontiac|G4||2005|2010|Седан|2.4|автомат|171|бензин|a5e443145
Pontiac|G4||2005|2010|Седан|2.4|механика|171|бензин|a5e443145
Pontiac|G5||2004|2010|Купе|2.2|автомат|150|бензин|c9291a5be
Pontiac|G5||2004|2010|Купе|2.2|автомат|155|бензин|c9291a5be
Pontiac|G5||2004|2010|Купе|2.2|механика|150|бензин|c9291a5be
Pontiac|G5||2004|2010|Купе|2.2|механика|155|бензин|c9291a5be
Pontiac|G5||2004|2010|Купе|2.4|автомат|171|бензин|c9291a5be
Pontiac|G5||2004|2010|Купе|2.4|механика|171|бензин|c9291a5be
Pontiac|G5||2004|2010|Седан|2.2|автомат|148|бензин|1d7f62154
Pontiac|G5||2004|2010|Седан|2.2|автомат|155|бензин|1d7f62154
Pontiac|G5||2004|2010|Седан|2.2|механика|148|бензин|1d7f62154
Pontiac|G5||2004|2010|Седан|2.2|механика|155|бензин|1d7f62154
Pontiac|G5||2004|2010|Седан|2.4|автомат|171|бензин|1d7f62154
Pontiac|G5||2004|2010|Седан|2.4|механика|171|бензин|1d7f62154
Pontiac|G6||2004|2009|Кабриолет|3.5|автомат|204|бензин|4fef67b54
Pontiac|G6||2004|2009|Кабриолет|3.6|автомат|256|бензин|4fef67b54
Pontiac|G6||2004|2009|Кабриолет|3.9|автомат|240|бензин|4fef67b54
Pontiac|G6||2004|2009|Купе|2.4|автомат|170|бензин|301b4a26e
Pontiac|G6||2004|2009|Купе|3.5|автомат|200|бензин|301b4a26e
Pontiac|G6||2004|2009|Купе|3.5|автомат|224|бензин|301b4a26e
Pontiac|G6||2004|2009|Купе|3.6|автомат|252|бензин|301b4a26e
Pontiac|G6||2004|2009|Купе|3.9|автомат|240|бензин|301b4a26e
Pontiac|G6||2004|2009|Купе|3.9|механика|240|бензин|301b4a26e
Pontiac|G6||2004|2009|Седан|2.4|автомат|170|бензин|bf67a48b3
Pontiac|G6||2004|2009|Седан|3.5|автомат|200|бензин|bf67a48b3
Pontiac|G6||2004|2009|Седан|3.5|автомат|224|бензин|bf67a48b3
Pontiac|G6||2004|2009|Седан|3.6|автомат|252|бензин|bf67a48b3
Pontiac|G6||2004|2009|Седан|3.9|автомат|240|бензин|bf67a48b3
Pontiac|G8||2007|2009|Седан|3.6|автомат|256|бензин|96b0904c6
Pontiac|G8||2007|2009|Седан|3.6|автомат|264|бензин|96b0904c6
Pontiac|G8||2007|2009|Седан|6.0|автомат|361|бензин|96b0904c6
Pontiac|G8||2007|2009|Седан|6.0|автомат|367|бензин|96b0904c6
Pontiac|G8||2007|2009|Седан|6.0|механика|361|бензин|96b0904c6
Pontiac|G8||2007|2009|Седан|6.0|механика|367|бензин|96b0904c6
Pontiac|G8||2007|2009|Седан|6.2|автомат|415|бензин|96b0904c6
Pontiac|G8||2007|2009|Седан|6.2|механика|415|бензин|96b0904c6
Pontiac|GTO|III|1974|1974|Лифтбек|5.7|автомат|200|бензин|8a47f5e47
Pontiac|GTO|III|1974|1974|Лифтбек|5.7|механика|200|бензин|8a47f5e47
Pontiac|GTO|II|1968|1973|Кабриолет|6.4|автомат|325|бензин|bfcf1bf62
Pontiac|GTO|II|1968|1973|Кабриолет|6.6|автомат|335|бензин|bfcf1bf62
Pontiac|GTO|II|1968|1973|Купе-хардтоп|6.4|автомат|325|бензин|2592e7145
Pontiac|GTO|II|1968|1973|Купе-хардтоп|6.6|автомат|335|бензин|2592e7145
Pontiac|GTO|IV|2004|2006|Купе|5.7|автомат|350|бензин|9e775199d
Pontiac|GTO|IV|2004|2006|Купе|5.7|механика|350|бензин|9e775199d
Pontiac|GTO|IV|2004|2006|Купе|6.0|автомат|400|бензин|9e775199d
Pontiac|GTO|IV|2004|2006|Купе|6.0|механика|400|бензин|9e775199d
Pontiac|GTO|I|1964|1967|Купе|6.4|механика|330|бензин|c40c25fbd
Pontiac|GTO|I|1964|1967|Купе|6.6|автомат|365|бензин|c40c25fbd
Pontiac|GTO|I|1964|1967|Купе|6.6|механика|365|бензин|c40c25fbd
Pontiac|Grand AM|III|1984|1991|Купе|2.0|автомат|165|бензин|28f913bed
Pontiac|Grand AM|III|1984|1991|Купе|2.0|механика|165|бензин|28f913bed
Pontiac|Grand AM|III|1984|1991|Купе|2.3|автомат|160|бензин|28f913bed
Pontiac|Grand AM|III|1984|1991|Купе|2.3|механика|180|бензин|28f913bed
Pontiac|Grand AM|III|1984|1991|Купе|2.5|автомат|92|бензин|28f913bed
Pontiac|Grand AM|III|1984|1991|Купе|2.5|автомат|98|бензин|28f913bed
Pontiac|Grand AM|III|1984|1991|Купе|2.5|механика|92|бензин|28f913bed
Pontiac|Grand AM|III|1984|1991|Купе|2.5|механика|98|бензин|28f913bed
Pontiac|Grand AM|III|1984|1991|Купе|3.1|автомат|125|бензин|28f913bed
Pontiac|Grand AM|III|1984|1991|Купе|3.1|механика|125|бензин|28f913bed
Pontiac|Grand AM|III|1984|1991|Седан|2.0|автомат|165|бензин|346054c67
Pontiac|Grand AM|III|1984|1991|Седан|2.0|механика|165|бензин|346054c67
Pontiac|Grand AM|III|1984|1991|Седан|2.3|автомат|160|бензин|346054c67
Pontiac|Grand AM|III|1984|1991|Седан|2.3|механика|180|бензин|346054c67
Pontiac|Grand AM|III|1984|1991|Седан|2.5|автомат|90|бензин|346054c67
Pontiac|Grand AM|III|1984|1991|Седан|2.5|автомат|98|бензин|346054c67
Pontiac|Grand AM|III|1984|1991|Седан|2.5|механика|90|бензин|346054c67
Pontiac|Grand AM|III|1984|1991|Седан|2.5|механика|98|бензин|346054c67
Pontiac|Grand AM|III|1984|1991|Седан|3.1|автомат|125|бензин|346054c67
Pontiac|Grand AM|III|1984|1991|Седан|3.1|механика|125|бензин|346054c67
Pontiac|Grand AM|IV|1992|1998|Купе|2.3|автомат|120|бензин|60b0d79da
Pontiac|Grand AM|IV|1992|1998|Купе|2.3|автомат|160|бензин|60b0d79da
Pontiac|Grand AM|IV|1992|1998|Купе|2.3|механика|120|бензин|60b0d79da
Pontiac|Grand AM|IV|1992|1998|Купе|2.3|механика|160|бензин|60b0d79da
Pontiac|Grand AM|IV|1992|1998|Купе|2.4|автомат|150|бензин|60b0d79da
Pontiac|Grand AM|IV|1992|1998|Купе|2.4|механика|150|бензин|60b0d79da
Pontiac|Grand AM|IV|1992|1998|Купе|3.1|автомат|155|бензин|60b0d79da
Pontiac|Grand AM|IV|1992|1998|Купе|3.3|автомат|160|бензин|60b0d79da
Pontiac|Grand AM|IV|1992|1998|Седан|2.3|автомат|120|бензин|f6055bc16
Pontiac|Grand AM|IV|1992|1998|Седан|2.3|автомат|160|бензин|f6055bc16
Pontiac|Grand AM|IV|1992|1998|Седан|2.3|механика|120|бензин|f6055bc16
Pontiac|Grand AM|IV|1992|1998|Седан|2.3|механика|160|бензин|f6055bc16
Pontiac|Grand AM|IV|1992|1998|Седан|2.4|автомат|150|бензин|f6055bc16
Pontiac|Grand AM|IV|1992|1998|Седан|2.4|механика|150|бензин|f6055bc16
Pontiac|Grand AM|IV|1992|1998|Седан|3.1|автомат|155|бензин|f6055bc16
Pontiac|Grand AM|IV|1992|1998|Седан|3.3|автомат|160|бензин|f6055bc16
Pontiac|Grand AM|V|1998|2005|Купе|2.2|автомат|140|бензин|e3901f94e
Pontiac|Grand AM|V|1998|2005|Купе|2.2|механика|140|бензин|e3901f94e
Pontiac|Grand AM|V|1998|2005|Купе|2.4|автомат|150|бензин|e3901f94e
Pontiac|Grand AM|V|1998|2005|Купе|2.4|механика|150|бензин|e3901f94e
Pontiac|Grand AM|V|1998|2005|Купе|3.4|автомат|170|бензин|e3901f94e
Pontiac|Grand AM|V|1998|2005|Купе|3.4|автомат|175|бензин|e3901f94e
Pontiac|Grand AM|V|1998|2005|Седан|2.2|автомат|140|бензин|00ef64fe1
Pontiac|Grand AM|V|1998|2005|Седан|2.2|механика|140|бензин|00ef64fe1
Pontiac|Grand AM|V|1998|2005|Седан|2.4|автомат|150|бензин|00ef64fe1
Pontiac|Grand AM|V|1998|2005|Седан|2.4|механика|150|бензин|00ef64fe1
Pontiac|Grand AM|V|1998|2005|Седан|3.4|автомат|170|бензин|00ef64fe1
Pontiac|Grand AM|V|1998|2005|Седан|3.4|автомат|175|бензин|00ef64fe1
Pontiac|Grand Prix|III|1972|1977|Купе-хардтоп|6.6|автомат|230|бензин|ad1093c72
Pontiac|Grand Prix|III|1972|1977|Купе-хардтоп|7.5|автомат|200|бензин|ad1093c72
Pontiac|Grand Prix|II|1968|1972|Купе-хардтоп|6.6|автомат|265|бензин|d1b9663fb
Pontiac|Grand Prix|II|1968|1972|Купе-хардтоп|7.0|автомат|390|бензин|d1b9663fb
Pontiac|Grand Prix|IV|1978|1987|Купе-хардтоп|4.9|автомат|135|бензин|466b153d5
Pontiac|Grand Prix|IV|1978|1987|Купе-хардтоп|5.0|автомат|160|бензин|466b153d5
Pontiac|Grand Prix|I|1962|1968|Купе-хардтоп|6.4|автомат|303|бензин|9a8379f63
Pontiac|Grand Prix|I|1962|1968|Купе-хардтоп|6.9|автомат|320|бензин|9a8379f63
Pontiac|Grand Prix|VII|2004|2008|Седан|3.8|автомат|200|бензин|35dee8aca
Pontiac|Grand Prix|VII|2004|2008|Седан|3.8|автомат|260|бензин|35dee8aca
Pontiac|Grand Prix|VII|2004|2008|Седан|5.3|автомат|303|бензин|35dee8aca
Pontiac|Grand Prix|VI|1996|2003|Купе|3.1|автомат|160|бензин|441e264ff
Pontiac|Grand Prix|VI|1996|2003|Купе|3.1|автомат|175|бензин|441e264ff
Pontiac|Grand Prix|VI|1996|2003|Купе|3.8|автомат|205|бензин|441e264ff
Pontiac|Grand Prix|VI|1996|2003|Купе|3.8|автомат|240|бензин|441e264ff
Pontiac|Grand Prix|VI|1996|2003|Седан|3.1|автомат|160|бензин|aedb54901
Pontiac|Grand Prix|VI|1996|2003|Седан|3.1|автомат|175|бензин|aedb54901
Pontiac|Grand Prix|VI|1996|2003|Седан|3.8|автомат|205|бензин|aedb54901
Pontiac|Grand Prix|VI|1996|2003|Седан|3.8|автомат|240|бензин|aedb54901
Pontiac|Grand Prix|V|1988|1996|Купе|2.3|автомат|160|бензин|6307b429e
Pontiac|Grand Prix|V|1988|1996|Купе|2.3|механика|160|бензин|6307b429e
Pontiac|Grand Prix|V|1988|1996|Купе|2.8|автомат|140|бензин|6307b429e
Pontiac|Grand Prix|V|1988|1996|Купе|2.8|механика|140|бензин|6307b429e
Pontiac|Grand Prix|V|1988|1996|Купе|3.1|автомат|140|бензин|6307b429e
Pontiac|Grand Prix|V|1988|1996|Купе|3.1|автомат|160|бензин|6307b429e
Pontiac|Grand Prix|V|1988|1996|Купе|3.1|автомат|205|бензин|6307b429e
Pontiac|Grand Prix|V|1988|1996|Купе|3.1|механика|140|бензин|6307b429e
Pontiac|Grand Prix|V|1988|1996|Купе|3.1|механика|160|бензин|6307b429e
Pontiac|Grand Prix|V|1988|1996|Купе|3.1|механика|205|бензин|6307b429e
Pontiac|Grand Prix|V|1988|1996|Купе|3.4|автомат|210|бензин|6307b429e
Pontiac|Grand Prix|V|1988|1996|Купе|3.4|механика|210|бензин|6307b429e
Pontiac|Grand Prix|V|1988|1996|Седан|2.3|автомат|160|бензин|6b992ae8c
Pontiac|Grand Prix|V|1988|1996|Седан|2.3|механика|160|бензин|6b992ae8c
Pontiac|Grand Prix|V|1988|1996|Седан|2.8|автомат|140|бензин|6b992ae8c
Pontiac|Grand Prix|V|1988|1996|Седан|2.8|механика|140|бензин|6b992ae8c
Pontiac|Grand Prix|V|1988|1996|Седан|3.1|автомат|140|бензин|6b992ae8c
Pontiac|Grand Prix|V|1988|1996|Седан|3.1|автомат|160|бензин|6b992ae8c
Pontiac|Grand Prix|V|1988|1996|Седан|3.1|автомат|205|бензин|6b992ae8c
Pontiac|Grand Prix|V|1988|1996|Седан|3.1|механика|140|бензин|6b992ae8c
Pontiac|Grand Prix|V|1988|1996|Седан|3.1|механика|160|бензин|6b992ae8c
Pontiac|Grand Prix|V|1988|1996|Седан|3.1|механика|205|бензин|6b992ae8c
Pontiac|Grand Prix|V|1988|1996|Седан|3.4|автомат|210|бензин|6b992ae8c
Pontiac|Grand Prix|V|1988|1996|Седан|3.4|механика|210|бензин|6b992ae8c
Pontiac|Laurentian|II|1955|1957|Седан|3.9|автомат|142|бензин|ddbc6ea3d
Pontiac|Laurentian|II|1955|1957|Седан|3.9|механика|142|бензин|ddbc6ea3d
Pontiac|Laurentian|II|1955|1957|Седан|4.3|автомат|173|бензин|ddbc6ea3d
Pontiac|Laurentian|II|1955|1957|Седан|4.3|механика|165|бензин|ddbc6ea3d
Pontiac|Laurentian|II|1955|1957|Седан|4.6|автомат|223|бензин|ddbc6ea3d
Pontiac|Laurentian|II|1955|1957|Седан|4.6|механика|223|бензин|ddbc6ea3d
Pontiac|LeMans|III|1968|1972|Кабриолет|5.7|автомат|265|бензин|35e542fc5
Pontiac|LeMans|III|1968|1972|Кабриолет|6.6|автомат|330|бензин|35e542fc5
Pontiac|LeMans|III|1968|1972|Купе-хардтоп|5.7|автомат|265|бензин|fcec3696a
Pontiac|LeMans|III|1968|1972|Купе-хардтоп|6.6|автомат|330|бензин|fcec3696a
Pontiac|LeMans|III|1968|1972|Седан-хардтоп|5.7|автомат|265|бензин|c5aad271f
Pontiac|LeMans|III|1968|1972|Седан-хардтоп|6.6|автомат|330|бензин|c5aad271f
Pontiac|LeMans|II|1964|1967|Кабриолет|3.5|механика|165|бензин|a0d9e467e
Pontiac|LeMans|II|1964|1967|Кабриолет|5.3|механика|250|бензин|a0d9e467e
Pontiac|LeMans|II|1964|1967|Купе-хардтоп|3.5|механика|165|бензин|c3b8c1d92
Pontiac|LeMans|II|1964|1967|Купе-хардтоп|5.3|механика|250|бензин|c3b8c1d92
Pontiac|LeMans|II|1964|1967|Седан-хардтоп|3.5|механика|165|бензин|526579806
Pontiac|LeMans|II|1964|1967|Седан-хардтоп|5.3|механика|250|бензин|526579806
Pontiac|LeMans|IV|1973|1977|Купе|5.7|автомат|150|бензин|12edb293f
Pontiac|LeMans|IV|1973|1977|Купе|6.6|автомат|230|бензин|12edb293f
Pontiac|LeMans|IV|1973|1977|Седан|5.7|автомат|150|бензин|ac55f4087
Pontiac|LeMans|IV|1973|1977|Седан|6.6|автомат|230|бензин|ac55f4087
Pontiac|LeMans|IV|1973|1977|Универсал 5 дв.|5.7|автомат|150|бензин|edbadbc7f
Pontiac|LeMans|IV|1973|1977|Универсал 5 дв.|6.6|автомат|230|бензин|edbadbc7f
Pontiac|LeMans|VI Рестайлинг|1991|1993|Седан|1.5|автомат|75|бензин|b30430c4e
Pontiac|LeMans|VI Рестайлинг|1991|1993|Седан|1.5|механика|75|бензин|b30430c4e
Pontiac|LeMans|VI Рестайлинг|1991|1993|Седан|2.0|автомат|97|бензин|b30430c4e
Pontiac|LeMans|VI Рестайлинг|1991|1993|Седан|2.0|механика|97|бензин|b30430c4e
Pontiac|LeMans|VI Рестайлинг|1991|1993|Хэтчбек 3 дв.|1.5|автомат|75|бензин|259c0ddb5
Pontiac|LeMans|VI Рестайлинг|1991|1993|Хэтчбек 3 дв.|1.5|механика|75|бензин|259c0ddb5
Pontiac|LeMans|VI Рестайлинг|1991|1993|Хэтчбек 3 дв.|2.0|автомат|97|бензин|259c0ddb5
Pontiac|LeMans|VI Рестайлинг|1991|1993|Хэтчбек 3 дв.|2.0|механика|97|бензин|259c0ddb5
Pontiac|LeMans|VI|1988|1991|Седан|1.5|автомат|75|бензин|e52d92ad2
Pontiac|LeMans|VI|1988|1991|Седан|1.5|механика|75|бензин|e52d92ad2
Pontiac|LeMans|VI|1988|1991|Седан|2.0|автомат|97|бензин|e52d92ad2
Pontiac|LeMans|VI|1988|1991|Седан|2.0|механика|97|бензин|e52d92ad2
Pontiac|LeMans|VI|1988|1991|Хэтчбек 3 дв.|1.5|автомат|75|бензин|421affd8e
Pontiac|LeMans|VI|1988|1991|Хэтчбек 3 дв.|1.5|механика|75|бензин|421affd8e
Pontiac|LeMans|VI|1988|1991|Хэтчбек 3 дв.|2.0|автомат|97|бензин|421affd8e
Pontiac|LeMans|VI|1988|1991|Хэтчбек 3 дв.|2.0|механика|97|бензин|421affd8e
Pontiac|LeMans|V|1978|1981|Купе|3.8|автомат|115|бензин|e2d31bf73
Pontiac|LeMans|V|1978|1981|Седан|3.8|автомат|115|бензин|67bca9cbd
Pontiac|Montana|II SV6|2005|2009|Минивэн LWB|3.5|автомат|204|бензин|7bc7a4a40
Pontiac|Montana|II SV6|2005|2009|Минивэн LWB|3.9|автомат|240|бензин|7bc7a4a40
Pontiac|Montana|II SV6|2005|2009|Минивэн SWB|3.5|автомат|204|бензин|74e049e6e
Pontiac|Montana|II SV6|2005|2009|Минивэн SWB|3.9|автомат|240|бензин|74e049e6e
Pontiac|Montana|I|1997|2005|Минивэн LWB|3.4|автомат|180|бензин|79a7d8dd7
Pontiac|Montana|I|1997|2005|Минивэн SWB|3.4|автомат|180|бензин|5ec570708
Pontiac|Parisienne||1971|1986|Седан|5.0|автомат|140|бензин|af68930f9
Pontiac|Phoenix|II|1979|1984|Купе|2.5|автомат|92|бензин|a7dc9a53d
Pontiac|Phoenix|II|1979|1984|Купе|2.5|механика|92|бензин|a7dc9a53d
Pontiac|Phoenix|II|1979|1984|Купе|2.8|автомат|112|бензин|a7dc9a53d
Pontiac|Phoenix|II|1979|1984|Купе|2.8|автомат|140|бензин|a7dc9a53d
Pontiac|Phoenix|II|1979|1984|Купе|2.8|механика|112|бензин|a7dc9a53d
Pontiac|Phoenix|II|1979|1984|Купе|2.8|механика|140|бензин|a7dc9a53d
Pontiac|Phoenix|II|1979|1984|Хэтчбек 5 дв.|2.5|автомат|92|бензин|220fd5c3a
Pontiac|Phoenix|II|1979|1984|Хэтчбек 5 дв.|2.5|механика|92|бензин|220fd5c3a
Pontiac|Phoenix|II|1979|1984|Хэтчбек 5 дв.|2.8|автомат|112|бензин|220fd5c3a
Pontiac|Phoenix|II|1979|1984|Хэтчбек 5 дв.|2.8|автомат|140|бензин|220fd5c3a
Pontiac|Phoenix|II|1979|1984|Хэтчбек 5 дв.|2.8|механика|112|бензин|220fd5c3a
Pontiac|Phoenix|II|1979|1984|Хэтчбек 5 дв.|2.8|механика|140|бензин|220fd5c3a
Pontiac|Phoenix|I|1977|1979|Купе|2.5|автомат|92|бензин|3262be428
Pontiac|Phoenix|I|1977|1979|Купе|2.5|механика|92|бензин|3262be428
Pontiac|Phoenix|I|1977|1979|Купе|3.8|автомат|150|бензин|3262be428
Pontiac|Phoenix|I|1977|1979|Купе|3.8|механика|150|бензин|3262be428
Pontiac|Phoenix|I|1977|1979|Купе|5.0|автомат|140|бензин|3262be428
Pontiac|Phoenix|I|1977|1979|Купе|5.0|механика|140|бензин|3262be428
Pontiac|Phoenix|I|1977|1979|Седан|2.5|автомат|92|бензин|6651eb69a
Pontiac|Phoenix|I|1977|1979|Седан|2.5|механика|92|бензин|6651eb69a
Pontiac|Phoenix|I|1977|1979|Седан|3.8|автомат|150|бензин|6651eb69a
Pontiac|Phoenix|I|1977|1979|Седан|3.8|механика|150|бензин|6651eb69a
Pontiac|Phoenix|I|1977|1979|Седан|5.0|автомат|140|бензин|6651eb69a
Pontiac|Phoenix|I|1977|1979|Седан|5.0|механика|140|бензин|6651eb69a
Pontiac|Solstice||2005|2009|Кабриолет|2.0|автомат|264|бензин|b54af3573
Pontiac|Solstice||2005|2009|Кабриолет|2.0|механика|264|бензин|b54af3573
Pontiac|Solstice||2005|2009|Кабриолет|2.4|автомат|179|бензин|b54af3573
Pontiac|Solstice||2005|2009|Кабриолет|2.4|механика|179|бензин|b54af3573
Pontiac|Solstice||2005|2009|Купе|2.0|автомат|264|бензин|3149305d0
Pontiac|Solstice||2005|2009|Купе|2.0|механика|264|бензин|3149305d0
Pontiac|Solstice||2005|2009|Купе|2.4|автомат|179|бензин|3149305d0
Pontiac|Solstice||2005|2009|Купе|2.4|механика|179|бензин|3149305d0
Pontiac|Sunbird|III|1988|1994|Купе|2.0|автомат|110|бензин|99782fa95
Pontiac|Sunbird|III|1988|1994|Купе|2.0|автомат|167|бензин|99782fa95
Pontiac|Sunbird|III|1988|1994|Купе|2.0|автомат|97|бензин|99782fa95
Pontiac|Sunbird|III|1988|1994|Купе|2.0|механика|110|бензин|99782fa95
Pontiac|Sunbird|III|1988|1994|Купе|2.0|механика|167|бензин|99782fa95
Pontiac|Sunbird|III|1988|1994|Купе|2.0|механика|97|бензин|99782fa95
Pontiac|Sunbird|III|1988|1994|Купе|3.1|автомат|142|бензин|99782fa95
Pontiac|Sunbird|III|1988|1994|Купе|3.1|механика|142|бензин|99782fa95
Pontiac|Sunbird|III|1988|1994|Седан|2.0|автомат|110|бензин|75a72d8ff
Pontiac|Sunbird|III|1988|1994|Седан|2.0|автомат|165|бензин|75a72d8ff
Pontiac|Sunbird|III|1988|1994|Седан|2.0|автомат|97|бензин|75a72d8ff
Pontiac|Sunbird|III|1988|1994|Седан|2.0|механика|110|бензин|75a72d8ff
Pontiac|Sunbird|III|1988|1994|Седан|2.0|механика|165|бензин|75a72d8ff
Pontiac|Sunbird|III|1988|1994|Седан|2.0|механика|97|бензин|75a72d8ff
Pontiac|Sunbird|III|1988|1994|Седан|3.1|автомат|140|бензин|75a72d8ff
Pontiac|Sunbird|III|1988|1994|Седан|3.1|механика|140|бензин|75a72d8ff
Pontiac|Sunbird|II|1981|1988|Купе|1.8|автомат|150|бензин|9250e6eac
Pontiac|Sunbird|II|1981|1988|Купе|1.8|автомат|88|бензин|9250e6eac
Pontiac|Sunbird|II|1981|1988|Купе|1.8|механика|150|бензин|9250e6eac
Pontiac|Sunbird|II|1981|1988|Купе|1.8|механика|88|бензин|9250e6eac
Pontiac|Sunbird|II|1981|1988|Купе|2.0|автомат|165|бензин|9250e6eac
Pontiac|Sunbird|II|1981|1988|Купе|2.0|автомат|90|бензин|9250e6eac
Pontiac|Sunbird|II|1981|1988|Купе|2.0|механика|165|бензин|9250e6eac
Pontiac|Sunbird|II|1981|1988|Купе|2.0|механика|90|бензин|9250e6eac
Pontiac|Sunbird|I|1975|1980|Купе|2.3|автомат|78|бензин|dcde5374c
Pontiac|Sunbird|I|1975|1980|Купе|2.3|механика|78|бензин|dcde5374c
Pontiac|Sunbird|I|1975|1980|Купе|2.5|автомат|92|бензин|dcde5374c
Pontiac|Sunbird|I|1975|1980|Купе|2.5|механика|92|бензин|dcde5374c
Pontiac|Sunbird|I|1975|1980|Купе|3.8|автомат|110|бензин|dcde5374c
Pontiac|Sunbird|I|1975|1980|Купе|3.8|механика|110|бензин|dcde5374c
Pontiac|Sunbird|I|1975|1980|Универсал 3 дв.|2.3|автомат|78|бензин|9147d9c3d
Pontiac|Sunbird|I|1975|1980|Универсал 3 дв.|2.3|механика|78|бензин|9147d9c3d
Pontiac|Sunbird|I|1975|1980|Универсал 3 дв.|2.5|автомат|92|бензин|9147d9c3d
Pontiac|Sunbird|I|1975|1980|Универсал 3 дв.|2.5|механика|92|бензин|9147d9c3d
Pontiac|Sunbird|I|1975|1980|Универсал 3 дв.|3.8|автомат|110|бензин|9147d9c3d
Pontiac|Sunbird|I|1975|1980|Универсал 3 дв.|3.8|механика|110|бензин|9147d9c3d
Pontiac|Sunfire||1995|2005|Кабриолет|2.2|автомат|117|бензин|e423e33ca
Pontiac|Sunfire||1995|2005|Кабриолет|2.2|автомат|122|бензин|e423e33ca
Pontiac|Sunfire||1995|2005|Кабриолет|2.2|механика|117|бензин|e423e33ca
Pontiac|Sunfire||1995|2005|Кабриолет|2.4|автомат|150|бензин|e423e33ca
Pontiac|Sunfire||1995|2005|Кабриолет|2.4|механика|150|бензин|e423e33ca
Pontiac|Sunfire||1995|2005|Купе|2.2|автомат|117|бензин|2004e7c1c
Pontiac|Sunfire||1995|2005|Купе|2.2|автомат|140|бензин|2004e7c1c
Pontiac|Sunfire||1995|2005|Купе|2.2|механика|117|бензин|2004e7c1c
Pontiac|Sunfire||1995|2005|Купе|2.2|механика|140|бензин|2004e7c1c
Pontiac|Sunfire||1995|2005|Купе|2.3|автомат|147|бензин|2004e7c1c
Pontiac|Sunfire||1995|2005|Купе|2.3|механика|147|бензин|2004e7c1c
Pontiac|Sunfire||1995|2005|Купе|2.4|автомат|150|бензин|2004e7c1c
Pontiac|Sunfire||1995|2005|Седан|2.2|автомат|117|бензин|3c9ecdf6e
Pontiac|Sunfire||1995|2005|Седан|2.2|автомат|122|бензин|3c9ecdf6e
Pontiac|Sunfire||1995|2005|Седан|2.2|автомат|140|бензин|3c9ecdf6e
Pontiac|Sunfire||1995|2005|Седан|2.2|механика|117|бензин|3c9ecdf6e
Pontiac|Sunfire||1995|2005|Седан|2.2|механика|122|бензин|3c9ecdf6e
Pontiac|Sunfire||1995|2005|Седан|2.2|механика|140|бензин|3c9ecdf6e
Pontiac|Sunfire||1995|2005|Седан|2.3|автомат|147|бензин|3c9ecdf6e
Pontiac|Sunfire||1995|2005|Седан|2.3|механика|147|бензин|3c9ecdf6e
Pontiac|Sunfire||1995|2005|Седан|2.4|механика|150|бензин|3c9ecdf6e
Pontiac|Tempest|III|1987|1991|Седан|3.1|автомат|140|бензин|8a43ddbc9
Pontiac|Tempest|III|1987|1991|Седан|3.1|механика|140|бензин|8a43ddbc9
Pontiac|Tempest|II|1964|1970|Купе|4.1|механика|218|бензин|96181d576
Pontiac|Tempest|II|1964|1970|Купе|5.8|механика|269|бензин|96181d576
Pontiac|Tempest|II|1964|1970|Седан-хардтоп|4.1|механика|218|бензин|a1e245b31
Pontiac|Tempest|II|1964|1970|Седан-хардтоп|5.8|механика|269|бензин|a1e245b31
Pontiac|Tempest|I|1961|1963|Кабриолет|6.4|механика|140|бензин|2e584bc1b
Pontiac|Tempest|I|1961|1963|Седан|6.4|механика|140|бензин|d9c9418c7
Pontiac|Tempest|I|1961|1963|Универсал 5 дв.|3.2|механика|110|бензин|8ad042762
Pontiac|Tempest|I|1961|1963|Универсал 5 дв.|6.4|механика|140|бензин|8ad042762
Pontiac|Torpedo|I|1939|1948|Седан|3.9|механика|93|бензин|9a931f692
Pontiac|Torpedo|I|1939|1948|Седан|4.1|механика|107|бензин|9a931f692
Pontiac|Torrent||2005|2009|Внедорожник 5 дв.|3.4|автомат|185|бензин|1851fd60e
Pontiac|Torrent||2005|2009|Внедорожник 5 дв.|3.6|автомат|264|бензин|1851fd60e
Pontiac|Trans Sport|II|1996|1999|Минивэн LWB|3.4|автомат|180|бензин|29365f2f3
Pontiac|Trans Sport|II|1996|1999|Минивэн SWB|3.4|автомат|180|бензин|66034a61c
Pontiac|Trans Sport|I|1989|1996|Минивэн|2.3|механика|137|бензин|311b9521e
Pontiac|Trans Sport|I|1989|1996|Минивэн|3.1|автомат|122|бензин|311b9521e
Pontiac|Trans Sport|I|1989|1996|Минивэн|3.4|автомат|180|бензин|311b9521e
Pontiac|Trans Sport|I|1989|1996|Минивэн|3.8|автомат|175|бензин|311b9521e
Pontiac|Vibe|I Рестайлинг|2004|2008|Хэтчбек 5 дв.|1.8|автомат|124|бензин|9ac61dd0f
Pontiac|Vibe|I Рестайлинг|2004|2008|Хэтчбек 5 дв.|1.8|автомат|130|бензин|9ac61dd0f
Pontiac|Vibe|I Рестайлинг|2004|2008|Хэтчбек 5 дв.|1.8|механика|130|бензин|9ac61dd0f
Pontiac|Vibe|I Рестайлинг|2004|2008|Хэтчбек 5 дв.|1.8|механика|180|бензин|9ac61dd0f
Pontiac|Vibe|II|2008|2009|Хэтчбек 5 дв.|1.8|автомат|132|бензин|3aac10dd4
Pontiac|Vibe|II|2008|2009|Хэтчбек 5 дв.|1.8|механика|132|бензин|3aac10dd4
Pontiac|Vibe|II|2008|2009|Хэтчбек 5 дв.|2.4|автомат|158|бензин|3aac10dd4
Pontiac|Vibe|I|2002|2004|Хэтчбек 5 дв.|1.8|автомат|124|бензин|d24a81a67
Pontiac|Vibe|I|2002|2004|Хэтчбек 5 дв.|1.8|автомат|130|бензин|d24a81a67
Pontiac|Vibe|I|2002|2004|Хэтчбек 5 дв.|1.8|механика|130|бензин|d24a81a67
Pontiac|Vibe|I|2002|2004|Хэтчбек 5 дв.|1.8|механика|180|бензин|d24a81a67
Pontiac|Wave|T200|2004|2006|Седан|1.6|автомат|106|бензин|d5a60967d
Pontiac|Wave|T200|2004|2006|Седан|1.6|механика|106|бензин|d5a60967d
Pontiac|Wave|T200|2004|2006|Хэтчбек 5 дв.|1.6|автомат|106|бензин|d4da207f0
Pontiac|Wave|T200|2004|2006|Хэтчбек 5 дв.|1.6|механика|106|бензин|d4da207f0
Pontiac|Wave|T250|2006|2009|Седан|1.6|автомат|106|бензин|e93a2fc42
Pontiac|Wave|T250|2006|2009|Седан|1.6|механика|106|бензин|e93a2fc42
Pontiac|Wave|T250|2006|2009|Хэтчбек 5 дв.|1.6|автомат|106|бензин|c9a7c1948
Pontiac|Wave|T250|2006|2009|Хэтчбек 5 дв.|1.6|механика|106|бензин|c9a7c1948