PUCH|G-modell|W460|1979|1992|Внедорожник 3 дв.|2.3|механика|102|бензин|c7d81d12e
PUCH|G-modell|W460|1979|1992|Внедорожник 3 дв.|2.3|механика|125|бензин|c7d81d12e
PUCH|G-modell|W460|1979|1992|Внедорожник 3 дв.|2.4|механика|72|дизель|c7d81d12e
PUCH|G-modell|W460|1979|1992|Внедорожник 3 дв.|2.5|механика|84|дизель|c7d81d12e
PUCH|G-modell|W460|1979|1992|Внедорожник 3 дв.|2.8|механика|156|бензин|c7d81d12e
PUCH|G-modell|W460|1979|1992|Внедорожник 3 дв.|3.0|механика|88|дизель|c7d81d12e
PUCH|G-modell|W460|1979|1992|Внедорожник 5 дв.|2.3|механика|102|бензин|7c3c27ddd
PUCH|G-modell|W460|1979|1992|Внедорожник 5 дв.|2.3|механика|125|бензин|7c3c27ddd
PUCH|G-modell|W460|1979|1992|Внедорожник 5 дв.|2.4|механика|72|дизель|7c3c27ddd
PUCH|G-modell|W460|1979|1992|Внедорожник 5 дв.|2.5|механика|84|дизель|7c3c27ddd
PUCH|G-modell|W460|1979|1992|Внедорожник 5 дв.|2.8|механика|156|бензин|7c3c27ddd
PUCH|G-modell|W460|1979|1992|Внедорожник 5 дв.|3.0|механика|88|дизель|7c3c27ddd
PUCH|G-modell|W460|1979|1992|Внедорожник открытый|2.3|механика|102|бензин|dd7293f39
PUCH|G-modell|W460|1979|1992|Внедорожник открытый|2.3|механика|125|бензин|dd7293f39
PUCH|G-modell|W460|1979|1992|Внедорожник открытый|2.4|механика|72|дизель|dd7293f39
PUCH|G-modell|W460|1979|1992|Внедорожник открытый|2.5|механика|84|дизель|dd7293f39
PUCH|G-modell|W460|1979|1992|Внедорожник открытый|2.8|механика|156|бензин|dd7293f39
PUCH|G-modell|W460|1979|1992|Внедорожник открытый|3.0|механика|88|дизель|dd7293f39
PUCH|G-modell|W461|1992|2000|Внедорожник 3 дв.|2.3|автомат|125|бензин|3f1c495ef
PUCH|G-modell|W461|1992|2000|Внедорожник 3 дв.|2.3|механика|125|бензин|3f1c495ef
PUCH|G-modell|W461|1992|2000|Внедорожник 3 дв.|2.9|автомат|120|дизель|3f1c495ef
PUCH|G-modell|W461|1992|2000|Внедорожник 3 дв.|2.9|автомат|95|дизель|3f1c495ef
PUCH|G-modell|W461|1992|2000|Внедорожник 3 дв.|2.9|механика|120|дизель|3f1c495ef
PUCH|G-modell|W461|1992|2000|Внедорожник 3 дв.|2.9|механика|95|дизель|3f1c495ef
PUCH|G-modell|W461|1992|2000|Внедорожник 5 дв.|2.3|автомат|125|бензин|959ee78d7
PUCH|G-modell|W461|1992|2000|Внедорожник 5 дв.|2.3|механика|125|бензин|959ee78d7
PUCH|G-modell|W461|1992|2000|Внедорожник 5 дв.|2.9|автомат|120|дизель|959ee78d7
PUCH|G-modell|W461|1992|2000|Внедорожник 5 дв.|2.9|автомат|95|дизель|959ee78d7
PUCH|G-modell|W461|1992|2000|Внедорожник 5 дв.|2.9|механика|120|дизель|959ee78d7
PUCH|G-modell|W461|1992|2000|Внедорожник 5 дв.|2.9|механика|95|дизель|959ee78d7
PUCH|G-modell|W461|1992|2000|Внедорожник открытый|2.3|автомат|125|бензин|5b016ccd2
PUCH|G-modell|W461|1992|2000|Внедорожник открытый|2.3|механика|125|бензин|5b016ccd2
PUCH|G-modell|W461|1992|2000|Внедорожник открытый|2.9|автомат|120|дизель|5b016ccd2
PUCH|G-modell|W461|1992|2000|Внедорожник открытый|2.9|автомат|95|дизель|5b016ccd2
PUCH|G-modell|W461|1992|2000|Внедорожник открытый|2.9|механика|120|дизель|5b016ccd2
PUCH|G-modell|W461|1992|2000|Внедорожник открытый|2.9|механика|95|дизель|5b016ccd2
PUCH|G-modell|W463|1989|2000|Внедорожник 3 дв.|2.3|автомат|136|бензин|5d548b7e0
PUCH|G-modell|W463|1989|2000|Внедорожник 3 дв.|3.0|автомат|110|дизель|5d548b7e0
PUCH|G-modell|W463|1989|2000|Внедорожник 3 дв.|3.0|автомат|170|бензин|5d548b7e0
PUCH|G-modell|W463|1989|2000|Внедорожник 3 дв.|3.0|автомат|177|дизель|5d548b7e0
PUCH|G-modell|W463|1989|2000|Внедорожник 3 дв.|3.2|автомат|210|бензин|5d548b7e0
PUCH|G-modell|W463|1989|2000|Внедорожник 3 дв.|3.2|автомат|296|бензин|5d548b7e0
PUCH|G-modell|W463|1989|2000|Внедорожник 3 дв.|3.5|автомат|136|дизель|5d548b7e0
PUCH|G-modell|W463|1989|2000|Внедорожник 3 дв.|3.5|автомат|272|бензин|5d548b7e0
PUCH|G-modell|W463|1989|2000|Внедорожник 3 дв.|5.4|автомат|354|бензин|5d548b7e0
PUCH|G-modell|W463|1989|2000|Внедорожник 5 дв.|2.3|автомат|136|бензин|54705d034
PUCH|G-modell|W463|1989|2000|Внедорожник 5 дв.|3.0|автомат|110|дизель|54705d034
PUCH|G-modell|W463|1989|2000|Внедорожник 5 дв.|3.0|автомат|170|бензин|54705d034
PUCH|G-modell|W463|1989|2000|Внедорожник 5 дв.|3.0|автомат|177|дизель|54705d034
PUCH|G-modell|W463|1989|2000|Внедорожник 5 дв.|3.2|автомат|210|бензин|54705d034
PUCH|G-modell|W463|1989|2000|Внедорожник 5 дв.|3.2|автомат|296|бензин|54705d034
PUCH|G-modell|W463|1989|2000|Внедорожник 5 дв.|3.5|автомат|136|дизель|54705d034
PUCH|G-modell|W463|1989|2000|Внедорожник 5 дв.|3.5|автомат|272|бензин|54705d034
PUCH|G-modell|W463|1989|2000|Внедорожник 5 дв.|5.4|автомат|354|бензин|54705d034
PUCH|G-modell|W463|1989|2000|Внедорожник открытый|2.3|автомат|136|бензин|031ccfc3d
PUCH|G-modell|W463|1989|2000|Внедорожник открытый|3.0|автомат|110|дизель|031ccfc3d
PUCH|G-modell|W463|1989|2000|Внедорожник открытый|3.0|автомат|170|бензин|031ccfc3d
PUCH|G-modell|W463|1989|2000|Внедорожник открытый|3.0|автомат|177|дизель|031ccfc3d
PUCH|G-modell|W463|1989|2000|Внедорожник открытый|3.2|автомат|210|бензин|031ccfc3d
PUCH|G-modell|W463|1989|2000|Внедорожник открытый|3.2|автомат|296|бензин|031ccfc3d
PUCH|G-modell|W463|1989|2000|Внедорожник открытый|3.5|автомат|136|дизель|031ccfc3d
PUCH|G-modell|W463|1989|2000|Внедорожник открытый|3.5|автомат|272|бензин|031ccfc3d
PUCH|G-modell|W463|1989|2000|Внедорожник открытый|5.4|автомат|354|бензин|031ccfc3d
PUCH|Pinzgauer|710|1971|1987|Внедорожник открытый|2.5|механика|87|бензин|7968a2432
PUCH|Pinzgauer|710|1971|1987|Внедорожник открытый|2.5|механика|92|бензин|7968a2432
PUCH|Pinzgauer|712|1971|1985|Внедорожник открытый|2.5|механика|87|бензин|35b27ab92
PUCH|Pinzgauer|712|1971|1985|Внедорожник открытый|2.5|механика|92|бензин|35b27ab92
PUCH|Pinzgauer|716|1987|2000|Внедорожник открытый|2.4|автомат|104|дизель|9619f9d97
PUCH|Pinzgauer|716|1987|2000|Внедорожник открытый|2.4|механика|104|дизель|9619f9d97
PUCH|Pinzgauer|718|1987|2000|Внедорожник открытый|2.4|автомат|104|дизель|1e5503878
PUCH|Pinzgauer|718|1987|2000|Внедорожник открытый|2.4|механика|104|дизель|1e5503878