Qoros|3||2014|н.в.|Седан|1.6|механика|126|бензин|561c13dc9
Qoros|3||2014|н.в.|Седан|1.6|робот|126|бензин|561c13dc9
Qoros|3||2014|н.в.|Седан|1.6|робот|156|бензин|561c13dc9
Qoros|3||2014|н.в.|Хэтчбек 5 дв. City SUV|1.6|механика|156|бензин|0377d474b
Qoros|3||2014|н.в.|Хэтчбек 5 дв. City SUV|1.6|робот|156|бензин|0377d474b
Qoros|3||2014|н.в.|Хэтчбек 5 дв.|1.6|механика|126|бензин|610eb7322
Qoros|3||2014|н.в.|Хэтчбек 5 дв.|1.6|робот|126|бензин|610eb7322
Qoros|3||2014|н.в.|Хэтчбек 5 дв.|1.6|робот|156|бензин|610eb7322