RAM|1500|IV (DS/DJ)|2011|2019|Пикап Двойная кабина Crew Cab|3.0|автомат|240|дизель|264a49b7b
RAM|1500|IV (DS/DJ)|2011|2019|Пикап Двойная кабина Crew Cab|3.6|автомат|305|бензин|264a49b7b
RAM|1500|IV (DS/DJ)|2011|2019|Пикап Двойная кабина Crew Cab|3.6|механика|305|бензин|264a49b7b
RAM|1500|IV (DS/DJ)|2011|2019|Пикап Двойная кабина Crew Cab|3.7|автомат|213|бензин|264a49b7b
RAM|1500|IV (DS/DJ)|2011|2019|Пикап Двойная кабина Crew Cab|3.7|механика|213|бензин|264a49b7b
RAM|1500|IV (DS/DJ)|2011|2019|Пикап Двойная кабина Crew Cab|4.7|автомат|314|бензин|264a49b7b
RAM|1500|IV (DS/DJ)|2011|2019|Пикап Двойная кабина Crew Cab|5.7|автомат|395|бензин|264a49b7b
RAM|1500|IV (DS/DJ)|2011|2019|Пикап Двойная кабина Crew Cab|5.7|автомат|396|бензин|264a49b7b
RAM|1500|IV (DS/DJ)|2011|2019|Пикап Двойная кабина Crew Cab|6.4|автомат|470|бензин|264a49b7b
RAM|1500|IV (DS/DJ)|2011|2019|Пикап Двойная кабина Crew Cab|6.7|автомат|350|дизель|264a49b7b
RAM|1500|IV (DS/DJ)|2011|2019|Пикап Двойная кабина Crew Cab|6.7|механика|350|дизель|264a49b7b
RAM|1500|IV (DS/DJ)|2011|2019|Пикап Двойная кабина Quad Cab|3.0|автомат|240|дизель|2de024efc
RAM|1500|IV (DS/DJ)|2011|2019|Пикап Двойная кабина Quad Cab|3.6|автомат|305|бензин|2de024efc
RAM|1500|IV (DS/DJ)|2011|2019|Пикап Двойная кабина Quad Cab|3.6|механика|305|бензин|2de024efc
RAM|1500|IV (DS/DJ)|2011|2019|Пикап Двойная кабина Quad Cab|4.7|автомат|314|бензин|2de024efc
RAM|1500|IV (DS/DJ)|2011|2019|Пикап Двойная кабина Quad Cab|5.7|автомат|350|бензин|2de024efc
RAM|1500|IV (DS/DJ)|2011|2019|Пикап Двойная кабина Quad Cab|5.7|автомат|395|бензин|2de024efc
RAM|1500|IV (DS/DJ)|2011|2019|Пикап Двойная кабина Quad Cab|5.7|автомат|396|бензин|2de024efc
RAM|1500|IV (DS/DJ)|2011|2019|Пикап Двойная кабина Quad Cab|6.4|автомат|470|бензин|2de024efc
RAM|1500|IV (DS/DJ)|2011|2019|Пикап Двойная кабина Quad Cab|6.7|автомат|350|дизель|2de024efc
RAM|1500|IV (DS/DJ)|2011|2019|Пикап Двойная кабина Quad Cab|6.7|механика|350|дизель|2de024efc
RAM|1500|IV (DS/DJ)|2011|2019|Пикап Одинарная кабина Regular Cab|3.0|автомат|240|дизель|a04a180dc
RAM|1500|IV (DS/DJ)|2011|2019|Пикап Одинарная кабина Regular Cab|3.6|автомат|305|бензин|a04a180dc
RAM|1500|IV (DS/DJ)|2011|2019|Пикап Одинарная кабина Regular Cab|3.6|механика|305|бензин|a04a180dc
RAM|1500|IV (DS/DJ)|2011|2019|Пикап Одинарная кабина Regular Cab|4.7|автомат|314|бензин|a04a180dc
RAM|1500|IV (DS/DJ)|2011|2019|Пикап Одинарная кабина Regular Cab|5.7|автомат|395|бензин|a04a180dc
RAM|1500|IV (DS/DJ)|2011|2019|Пикап Одинарная кабина Regular Cab|5.7|автомат|396|бензин|a04a180dc
RAM|1500|IV (DS/DJ)|2011|2019|Пикап Одинарная кабина Regular Cab|6.4|автомат|470|бензин|a04a180dc
RAM|1500|IV (DS/DJ)|2011|2019|Пикап Одинарная кабина Regular Cab|6.7|автомат|350|дизель|a04a180dc
RAM|1500|IV (DS/DJ)|2011|2019|Пикап Одинарная кабина Regular Cab|6.7|механика|350|дизель|a04a180dc
RAM|1500|V|2018|н.в.|Пикап Двойная кабина Crew Cab TRX|6.2|автомат|702|бензин|6e64a3687
RAM|1500|V|2018|н.в.|Пикап Двойная кабина Crew Cab|3.0|автомат|260|дизель|171b50977
RAM|1500|V|2018|н.в.|Пикап Двойная кабина Crew Cab|3.6|автомат|305|бензин|171b50977
RAM|1500|V|2018|н.в.|Пикап Двойная кабина Crew Cab|5.7|автомат|395|бензин|171b50977
RAM|1500|V|2018|н.в.|Пикап Двойная кабина Quad Cab|3.0|автомат|260|дизель|c96ba49d6
RAM|1500|V|2018|н.в.|Пикап Двойная кабина Quad Cab|3.6|автомат|305|бензин|c96ba49d6
RAM|1500|V|2018|н.в.|Пикап Двойная кабина Quad Cab|5.7|автомат|395|бензин|c96ba49d6