Rolls-Royce|20/25|I|1929|1936|Кабриолет|3.7|механика|25|бензин|7fc2fce30
Rolls-Royce|Camargue||1975|1986|Седан 2 дв.|6.8|автомат|192|бензин|cd9b288a8
Rolls-Royce|Corniche|I - IV|1971|1995|Кабриолет|6.8|автомат|260|бензин|6f1e2babe
Rolls-Royce|Corniche|I - IV|1971|1995|Седан 2 дв.|6.8|автомат|260|бензин|6f7ca2250
Rolls-Royce|Corniche|V|2000|2002|Кабриолет|6.8|автомат|329|бензин|220838ce2
Rolls-Royce|Cullinan||2018|н.в.|Внедорожник 5 дв.|6.8|автомат|571|бензин|4c629cd55
Rolls-Royce|Cullinan||2018|н.в.|Внедорожник 5 дв.|6.8|автомат|600|бензин|4c629cd55
Rolls-Royce|Dawn||2015|н.в.|Кабриолет|6.6|автомат|570|бензин|db1f507ef
Rolls-Royce|Dawn||2015|н.в.|Кабриолет|6.6|автомат|601|бензин|db1f507ef
Rolls-Royce|Ghost|I Рестайлинг (Series II)|2014|2020|Седан Extended Wheelbase|6.6|автомат|570|бензин|3e10f1c2e
Rolls-Royce|Ghost|I Рестайлинг (Series II)|2014|2020|Седан|6.6|автомат|570|бензин|fc4362bf8
Rolls-Royce|Ghost|I Рестайлинг (Series II)|2014|2020|Седан|6.6|автомат|612|бензин|fc4362bf8
Rolls-Royce|Ghost|II|2020|н.в.|Седан Extended Wheelbase|6.8|автомат|571|бензин|c7f1ff1fa
Rolls-Royce|Ghost|II|2020|н.в.|Седан|6.8|автомат|571|бензин|ed666b3fd
Rolls-Royce|Ghost|I|2010|2014|Седан Extended Wheelbase|6.6|автомат|570|бензин|7bca8c39b
Rolls-Royce|Ghost|I|2010|2014|Седан Extended Wheelbase|6.6|автомат|601|бензин|7bca8c39b
Rolls-Royce|Ghost|I|2010|2014|Седан|6.6|автомат|570|бензин|f4c383695
Rolls-Royce|Ghost|I|2010|2014|Седан|6.6|автомат|601|бензин|f4c383695
Rolls-Royce|Park Ward||2000|2002|Седан|5.4|автомат|326|бензин|10895b1c6
Rolls-Royce|Phantom|III|1936|1939|Седан|7.3|механика|165|бензин|499fcc107
Rolls-Royce|Phantom|II|1929|1936|Седан|7.7|механика|122|бензин|71edbd4bf
Rolls-Royce|Phantom|IV|1950|1956|Седан|5.7|автомат|145|бензин|4c51ed16f
Rolls-Royce|Phantom|IV|1950|1956|Седан|5.7|механика|145|бензин|4c51ed16f
Rolls-Royce|Phantom|I|1925|1931|Седан|7.7|механика|50|бензин|e51421440
Rolls-Royce|Phantom|VII Рестайлинг (Series II)|2012|2017|Кабриолет|6.8|автомат|460|бензин|bb778a940
Rolls-Royce|Phantom|VII Рестайлинг (Series II)|2012|2017|Купе|6.8|автомат|460|бензин|528f6f6dd
Rolls-Royce|Phantom|VII Рестайлинг (Series II)|2012|2017|Седан Long|6.8|автомат|460|бензин|bdca30f00
Rolls-Royce|Phantom|VII Рестайлинг (Series II)|2012|2017|Седан|6.8|автомат|460|бензин|9c49a5a83
Rolls-Royce|Phantom|VIII|2017|н.в.|Седан Long|6.8|автомат|571|бензин|d39dbec29
Rolls-Royce|Phantom|VIII|2017|н.в.|Седан|6.8|автомат|571|бензин|21f92481c
Rolls-Royce|Phantom|VII|2003|2012|Кабриолет|6.8|автомат|460|бензин|91bf14f60
Rolls-Royce|Phantom|VII|2003|2012|Купе|6.8|автомат|460|бензин|dccd4376b
Rolls-Royce|Phantom|VII|2003|2012|Седан Long|6.8|автомат|460|бензин|3c0afc476
Rolls-Royce|Phantom|VII|2003|2012|Седан|6.8|автомат|460|бензин|5a07ec133
Rolls-Royce|Phantom|V|1959|1968|Седан|6.2|автомат|182|бензин|1c8cc8386
Rolls-Royce|Silver Cloud|III|1963|1966|Седан|6.2|автомат|223|бензин|e4b7183b7
Rolls-Royce|Silver Cloud|II|1959|1962|Седан|6.2|автомат|200|бензин|c4b3e9e11
Rolls-Royce|Silver Cloud|I|1955|1958|Седан|4.9|автомат|157|бензин|d24648a99
Rolls-Royce|Silver Ghost||1906|1926|Кабриолет|7.0|механика|40|бензин|8033eba4c
Rolls-Royce|Silver Ghost||1906|1926|Кабриолет|7.4|механика|82|бензин|8033eba4c
Rolls-Royce|Silver Seraph||1998|2002|Седан|5.4|автомат|326|бензин|5c78da96a
Rolls-Royce|Silver Shadow||1965|1980|Седан|6.2|автомат|174|бензин|4930baf9a
Rolls-Royce|Silver Shadow||1965|1980|Седан|6.8|автомат|192|бензин|4930baf9a
Rolls-Royce|Silver Spirit|Mark III|1993|1995|Седан|6.8|автомат|218|бензин|4a11da752
Rolls-Royce|Silver Spirit|Mark II|1989|1993|Седан|6.8|автомат|218|бензин|8644770f8
Rolls-Royce|Silver Spirit|Mark IV|1995|1997|Седан|6.8|автомат|305|бензин|2c73ebddb
Rolls-Royce|Silver Spirit|Mark I|1980|1989|Седан|6.8|автомат|200|бензин|7a0ea7fd8
Rolls-Royce|Silver Spirit|Mark I|1980|1989|Седан|6.8|автомат|249|бензин|7a0ea7fd8
Rolls-Royce|Silver Spur|Mark III|1993|1994|Седан|6.8|автомат|329|бензин|ccc028895
Rolls-Royce|Silver Spur|Mark II|1989|1993|Седан|6.8|автомат|329|бензин|af37d897f
Rolls-Royce|Silver Spur|Mark IV|1995|1999|Седан|6.8|автомат|279|бензин|b3dec64aa
Rolls-Royce|Silver Spur|Mark IV|1995|1999|Седан|6.8|автомат|304|бензин|b3dec64aa
Rolls-Royce|Silver Spur|Mark IV|1995|1999|Седан|6.8|автомат|329|бензин|b3dec64aa
Rolls-Royce|Silver Spur|Mark I|1980|1989|Седан|6.8|автомат|329|бензин|1a5ecf175
Rolls-Royce|Silver Wraith||1946|1959|Седан|4.3|механика|126|бензин|bf11f7900
Rolls-Royce|Silver Wraith||1946|1959|Седан|4.6|механика|140|бензин|bf11f7900
Rolls-Royce|Silver Wraith||1946|1959|Седан|4.9|автомат|155|бензин|bf11f7900
Rolls-Royce|Wraith||2013|н.в.|Купе|6.6|автомат|632|бензин|3c8fd2b2f