Rover|100||1994|2000|Кабриолет|1.1|механика|60|бензин|24f5022a8
Rover|100||1994|2000|Кабриолет|1.4|механика|75|бензин|24f5022a8
Rover|100||1994|2000|Хэтчбек 3 дв.|1.1|механика|60|бензин|9f07e8ff6
Rover|100||1994|2000|Хэтчбек 3 дв.|1.4|вариатор|75|бензин|9f07e8ff6
Rover|100||1994|2000|Хэтчбек 3 дв.|1.4|механика|103|бензин|9f07e8ff6
Rover|100||1994|2000|Хэтчбек 3 дв.|1.4|механика|75|бензин|9f07e8ff6
Rover|100||1994|2000|Хэтчбек 5 дв.|1.1|механика|60|бензин|55f460ce7
Rover|100||1994|2000|Хэтчбек 5 дв.|1.4|вариатор|75|бензин|55f460ce7
Rover|100||1994|2000|Хэтчбек 5 дв.|1.4|механика|103|бензин|55f460ce7
Rover|100||1994|2000|Хэтчбек 5 дв.|1.4|механика|75|бензин|55f460ce7
Rover|14|I|1933|1948|Седан|1.6|механика|48|бензин|e53125d00
Rover|200|I (SD3)|1984|1989|Седан|1.3|автомат|69|бензин|3a3a5d4f5
Rover|200|I (SD3)|1984|1989|Седан|1.3|механика|69|бензин|3a3a5d4f5
Rover|200|I (SD3)|1984|1989|Седан|1.6|автомат|103|бензин|3a3a5d4f5
Rover|200|I (SD3)|1984|1989|Седан|1.6|автомат|86|бензин|3a3a5d4f5
Rover|200|I (SD3)|1984|1989|Седан|1.6|механика|103|бензин|3a3a5d4f5
Rover|200|I (SD3)|1984|1989|Седан|1.6|механика|86|бензин|3a3a5d4f5
Rover|200|II (R8)|1989|1999|Кабриолет|1.4|механика|103|бензин|82da657c6
Rover|200|II (R8)|1989|1999|Кабриолет|1.6|вариатор|122|бензин|82da657c6
Rover|200|II (R8)|1989|1999|Кабриолет|1.6|механика|122|бензин|82da657c6
Rover|200|II (R8)|1989|1999|Купе|1.6|механика|111|бензин|1044dc524
Rover|200|II (R8)|1989|1999|Купе|1.6|механика|122|бензин|1044dc524
Rover|200|II (R8)|1989|1999|Купе|1.8|механика|145|бензин|1044dc524
Rover|200|II (R8)|1989|1999|Купе|2.0|механика|140|бензин|1044dc524
Rover|200|II (R8)|1989|1999|Купе|2.0|механика|200|бензин|1044dc524
Rover|200|II (R8)|1989|1999|Хэтчбек 3 дв.|1.4|механика|103|бензин|35db3fe46
Rover|200|II (R8)|1989|1999|Хэтчбек 3 дв.|1.4|механика|75|бензин|35db3fe46
Rover|200|II (R8)|1989|1999|Хэтчбек 3 дв.|1.6|механика|112|бензин|35db3fe46
Rover|200|II (R8)|1989|1999|Хэтчбек 3 дв.|1.6|механика|122|бензин|35db3fe46
Rover|200|II (R8)|1989|1999|Хэтчбек 3 дв.|1.8|механика|145|бензин|35db3fe46
Rover|200|II (R8)|1989|1999|Хэтчбек 3 дв.|2.0|механика|136|бензин|35db3fe46
Rover|200|II (R8)|1989|1999|Хэтчбек 3 дв.|2.0|механика|200|бензин|35db3fe46
Rover|200|II (R8)|1989|1999|Хэтчбек 5 дв.|1.4|механика|103|бензин|983131597
Rover|200|II (R8)|1989|1999|Хэтчбек 5 дв.|1.4|механика|75|бензин|983131597
Rover|200|II (R8)|1989|1999|Хэтчбек 5 дв.|1.6|автомат|112|бензин|983131597
Rover|200|II (R8)|1989|1999|Хэтчбек 5 дв.|1.6|механика|112|бензин|983131597
Rover|200|II (R8)|1989|1999|Хэтчбек 5 дв.|1.6|механика|122|бензин|983131597
Rover|200|II (R8)|1989|1999|Хэтчбек 5 дв.|1.8|механика|88|дизель|983131597
Rover|200|II (R8)|1989|1999|Хэтчбек 5 дв.|2.0|механика|136|бензин|983131597
Rover|200|II (R8)|1989|1999|Хэтчбек 5 дв.|2.0|механика|140|бензин|983131597
Rover|200|II (R8)|1989|1999|Хэтчбек 5 дв.|2.0|механика|200|бензин|983131597
Rover|200|III (R3)|1995|1999|Хэтчбек 3 дв.|1.1|механика|60|бензин|6d7120af5
Rover|200|III (R3)|1995|1999|Хэтчбек 3 дв.|1.4|механика|103|бензин|6d7120af5
Rover|200|III (R3)|1995|1999|Хэтчбек 3 дв.|1.4|механика|75|бензин|6d7120af5
Rover|200|III (R3)|1995|1999|Хэтчбек 3 дв.|1.6|вариатор|112|бензин|6d7120af5
Rover|200|III (R3)|1995|1999|Хэтчбек 3 дв.|1.6|механика|112|бензин|6d7120af5
Rover|200|III (R3)|1995|1999|Хэтчбек 3 дв.|1.8|механика|120|бензин|6d7120af5
Rover|200|III (R3)|1995|1999|Хэтчбек 3 дв.|1.8|механика|145|бензин|6d7120af5
Rover|200|III (R3)|1995|1999|Хэтчбек 3 дв.|2.0|механика|105|дизель|6d7120af5
Rover|200|III (R3)|1995|1999|Хэтчбек 3 дв.|2.0|механика|86|дизель|6d7120af5
Rover|200|III (R3)|1995|1999|Хэтчбек 5 дв.|1.1|механика|60|бензин|f91e32f36
Rover|200|III (R3)|1995|1999|Хэтчбек 5 дв.|1.4|механика|103|бензин|f91e32f36
Rover|200|III (R3)|1995|1999|Хэтчбек 5 дв.|1.4|механика|75|бензин|f91e32f36
Rover|200|III (R3)|1995|1999|Хэтчбек 5 дв.|1.6|вариатор|112|бензин|f91e32f36
Rover|200|III (R3)|1995|1999|Хэтчбек 5 дв.|1.6|механика|112|бензин|f91e32f36
Rover|200|III (R3)|1995|1999|Хэтчбек 5 дв.|1.8|механика|140|бензин|f91e32f36
Rover|200|III (R3)|1995|1999|Хэтчбек 5 дв.|2.0|механика|105|дизель|f91e32f36
Rover|200|III (R3)|1995|1999|Хэтчбек 5 дв.|2.0|механика|86|дизель|f91e32f36
Rover|25||1999|2005|Хэтчбек 3 дв.|1.1|механика|75|бензин|daf25a929
Rover|25||1999|2005|Хэтчбек 3 дв.|1.4|механика|103|бензин|daf25a929
Rover|25||1999|2005|Хэтчбек 3 дв.|1.4|механика|84|бензин|daf25a929
Rover|25||1999|2005|Хэтчбек 3 дв.|1.6|механика|109|бензин|daf25a929
Rover|25||1999|2005|Хэтчбек 3 дв.|1.8|вариатор|117|бензин|daf25a929
Rover|25||1999|2005|Хэтчбек 3 дв.|1.8|механика|145|бензин|daf25a929
Rover|25||1999|2005|Хэтчбек 3 дв.|2.0|механика|101|дизель|daf25a929
Rover|25||1999|2005|Хэтчбек 3 дв.|2.0|механика|113|дизель|daf25a929
Rover|25||1999|2005|Хэтчбек 5 дв.|1.1|механика|75|бензин|1e49e2f56
Rover|25||1999|2005|Хэтчбек 5 дв.|1.4|механика|103|бензин|1e49e2f56
Rover|25||1999|2005|Хэтчбек 5 дв.|1.4|механика|84|бензин|1e49e2f56
Rover|25||1999|2005|Хэтчбек 5 дв.|1.6|механика|109|бензин|1e49e2f56
Rover|25||1999|2005|Хэтчбек 5 дв.|1.8|вариатор|117|бензин|1e49e2f56
Rover|25||1999|2005|Хэтчбек 5 дв.|1.8|механика|145|бензин|1e49e2f56
Rover|25||1999|2005|Хэтчбек 5 дв.|2.0|механика|101|дизель|1e49e2f56
Rover|25||1999|2005|Хэтчбек 5 дв.|2.0|механика|113|дизель|1e49e2f56
Rover|400|I (R8)|1990|1998|Седан|1.4|механика|103|бензин|8bc952879
Rover|400|I (R8)|1990|1998|Седан|1.6|автомат|111|бензин|8bc952879
Rover|400|I (R8)|1990|1998|Седан|1.6|механика|111|бензин|8bc952879
Rover|400|I (R8)|1990|1998|Седан|1.6|механика|122|бензин|8bc952879
Rover|400|I (R8)|1990|1998|Седан|1.8|механика|88|дизель|8bc952879
Rover|400|I (R8)|1990|1998|Седан|1.9|механика|67|дизель|8bc952879
Rover|400|I (R8)|1990|1998|Седан|2.0|механика|136|бензин|8bc952879
Rover|400|I (R8)|1990|1998|Седан|2.0|механика|200|бензин|8bc952879
Rover|400|I (R8)|1990|1998|Универсал 5 дв.|1.6|автомат|111|бензин|5747898b5
Rover|400|I (R8)|1990|1998|Универсал 5 дв.|1.6|механика|111|бензин|5747898b5
Rover|400|I (R8)|1990|1998|Универсал 5 дв.|1.6|механика|122|бензин|5747898b5
Rover|400|I (R8)|1990|1998|Универсал 5 дв.|1.8|механика|145|бензин|5747898b5
Rover|400|I (R8)|1990|1998|Универсал 5 дв.|1.8|механика|88|дизель|5747898b5
Rover|400|I (R8)|1990|1998|Универсал 5 дв.|2.0|механика|136|бензин|5747898b5
Rover|400|II (HH-R)|1995|2000|Седан|1.4|механика|103|бензин|52b1b33e1
Rover|400|II (HH-R)|1995|2000|Седан|1.6|автомат|111|бензин|52b1b33e1
Rover|400|II (HH-R)|1995|2000|Седан|1.6|автомат|116|бензин|52b1b33e1
Rover|400|II (HH-R)|1995|2000|Седан|1.6|механика|111|бензин|52b1b33e1
Rover|400|II (HH-R)|1995|2000|Седан|2.0|механика|105|дизель|52b1b33e1
Rover|400|II (HH-R)|1995|2000|Седан|2.0|механика|136|бензин|52b1b33e1
Rover|400|II (HH-R)|1995|2000|Седан|2.0|механика|86|дизель|52b1b33e1
Rover|400|II (HH-R)|1995|2000|Седан|2.5|автомат|175|бензин|52b1b33e1
Rover|400|II (HH-R)|1995|2000|Хэтчбек 5 дв.|1.4|механика|103|бензин|67f365fb7
Rover|400|II (HH-R)|1995|2000|Хэтчбек 5 дв.|1.6|автомат|111|бензин|67f365fb7
Rover|400|II (HH-R)|1995|2000|Хэтчбек 5 дв.|1.6|автомат|116|бензин|67f365fb7
Rover|400|II (HH-R)|1995|2000|Хэтчбек 5 дв.|1.6|механика|111|бензин|67f365fb7
Rover|400|II (HH-R)|1995|2000|Хэтчбек 5 дв.|2.0|механика|105|дизель|67f365fb7
Rover|400|II (HH-R)|1995|2000|Хэтчбек 5 дв.|2.0|механика|136|бензин|67f365fb7
Rover|400|II (HH-R)|1995|2000|Хэтчбек 5 дв.|2.0|механика|86|дизель|67f365fb7
Rover|45||1999|2005|Седан|1.4|механика|103|бензин|edbdf14f5
Rover|45||1999|2005|Седан|1.6|механика|109|бензин|edbdf14f5
Rover|45||1999|2005|Седан|1.8|вариатор|117|бензин|edbdf14f5
Rover|45||1999|2005|Седан|1.8|механика|117|бензин|edbdf14f5
Rover|45||1999|2005|Седан|2.0|автомат|150|бензин|edbdf14f5
Rover|45||1999|2005|Седан|2.0|механика|101|дизель|edbdf14f5
Rover|45||1999|2005|Седан|2.0|механика|113|дизель|edbdf14f5
Rover|45||1999|2005|Хэтчбек 5 дв.|1.4|механика|103|бензин|c9a48812c
Rover|45||1999|2005|Хэтчбек 5 дв.|1.6|механика|109|бензин|c9a48812c
Rover|45||1999|2005|Хэтчбек 5 дв.|1.8|вариатор|117|бензин|c9a48812c
Rover|45||1999|2005|Хэтчбек 5 дв.|1.8|механика|117|бензин|c9a48812c
Rover|45||1999|2005|Хэтчбек 5 дв.|2.0|автомат|150|бензин|c9a48812c
Rover|45||1999|2005|Хэтчбек 5 дв.|2.0|механика|101|дизель|c9a48812c
Rover|45||1999|2005|Хэтчбек 5 дв.|2.0|механика|113|дизель|c9a48812c
Rover|600||1993|1999|Седан|1.9|автомат|115|бензин|34a751c88
Rover|600||1993|1999|Седан|1.9|механика|115|бензин|34a751c88
Rover|600||1993|1999|Седан|2.0|автомат|131|бензин|34a751c88
Rover|600||1993|1999|Седан|2.0|механика|105|дизель|34a751c88
Rover|600||1993|1999|Седан|2.0|механика|115|бензин|34a751c88
Rover|600||1993|1999|Седан|2.0|механика|131|бензин|34a751c88
Rover|600||1993|1999|Седан|2.0|механика|200|бензин|34a751c88
Rover|600||1993|1999|Седан|2.3|автомат|158|бензин|34a751c88
Rover|600||1993|1999|Седан|2.3|механика|158|бензин|34a751c88
Rover|75|I Рестайлинг|2004|2005|Седан|1.8|автомат|120|бензин|4073dc6cd
Rover|75|I Рестайлинг|2004|2005|Седан|1.8|автомат|150|бензин|4073dc6cd
Rover|75|I Рестайлинг|2004|2005|Седан|1.8|механика|120|бензин|4073dc6cd
Rover|75|I Рестайлинг|2004|2005|Седан|1.8|механика|150|бензин|4073dc6cd
Rover|75|I Рестайлинг|2004|2005|Седан|2.0|автомат|115|дизель|4073dc6cd
Rover|75|I Рестайлинг|2004|2005|Седан|2.0|автомат|131|дизель|4073dc6cd
Rover|75|I Рестайлинг|2004|2005|Седан|2.0|автомат|150|бензин|4073dc6cd
Rover|75|I Рестайлинг|2004|2005|Седан|2.0|механика|115|дизель|4073dc6cd
Rover|75|I Рестайлинг|2004|2005|Седан|2.0|механика|131|дизель|4073dc6cd
Rover|75|I Рестайлинг|2004|2005|Седан|2.0|механика|150|бензин|4073dc6cd
Rover|75|I Рестайлинг|2004|2005|Седан|2.5|автомат|177|бензин|4073dc6cd
Rover|75|I Рестайлинг|2004|2005|Седан|2.5|механика|177|бензин|4073dc6cd
Rover|75|I Рестайлинг|2004|2005|Седан|4.6|автомат|260|бензин|4073dc6cd
Rover|75|I Рестайлинг|2004|2005|Седан|4.6|механика|260|бензин|4073dc6cd
Rover|75|I Рестайлинг|2004|2005|Универсал 5 дв.|1.8|автомат|120|бензин|f64bcbf4d
Rover|75|I Рестайлинг|2004|2005|Универсал 5 дв.|1.8|автомат|150|бензин|f64bcbf4d
Rover|75|I Рестайлинг|2004|2005|Универсал 5 дв.|1.8|механика|120|бензин|f64bcbf4d
Rover|75|I Рестайлинг|2004|2005|Универсал 5 дв.|1.8|механика|150|бензин|f64bcbf4d
Rover|75|I Рестайлинг|2004|2005|Универсал 5 дв.|2.0|автомат|115|дизель|f64bcbf4d
Rover|75|I Рестайлинг|2004|2005|Универсал 5 дв.|2.0|автомат|131|дизель|f64bcbf4d
Rover|75|I Рестайлинг|2004|2005|Универсал 5 дв.|2.0|автомат|150|бензин|f64bcbf4d
Rover|75|I Рестайлинг|2004|2005|Универсал 5 дв.|2.0|механика|115|дизель|f64bcbf4d
Rover|75|I Рестайлинг|2004|2005|Универсал 5 дв.|2.0|механика|131|дизель|f64bcbf4d
Rover|75|I Рестайлинг|2004|2005|Универсал 5 дв.|2.0|механика|150|бензин|f64bcbf4d
Rover|75|I Рестайлинг|2004|2005|Универсал 5 дв.|2.5|автомат|177|бензин|f64bcbf4d
Rover|75|I Рестайлинг|2004|2005|Универсал 5 дв.|2.5|механика|177|бензин|f64bcbf4d
Rover|75|I Рестайлинг|2004|2005|Универсал 5 дв.|4.6|автомат|260|бензин|f64bcbf4d
Rover|75|I|1999|2004|Седан|1.8|автомат|120|бензин|596c1df13
Rover|75|I|1999|2004|Седан|1.8|автомат|150|бензин|596c1df13
Rover|75|I|1999|2004|Седан|1.8|механика|120|бензин|596c1df13
Rover|75|I|1999|2004|Седан|1.8|механика|150|бензин|596c1df13
Rover|75|I|1999|2004|Седан|2.0|автомат|115|дизель|596c1df13
Rover|75|I|1999|2004|Седан|2.0|автомат|131|дизель|596c1df13
Rover|75|I|1999|2004|Седан|2.0|автомат|150|бензин|596c1df13
Rover|75|I|1999|2004|Седан|2.0|механика|115|дизель|596c1df13
Rover|75|I|1999|2004|Седан|2.0|механика|131|дизель|596c1df13
Rover|75|I|1999|2004|Седан|2.0|механика|150|бензин|596c1df13
Rover|75|I|1999|2004|Седан|2.5|автомат|177|бензин|596c1df13
Rover|75|I|1999|2004|Седан|2.5|механика|177|бензин|596c1df13
Rover|75|I|1999|2004|Седан|4.6|автомат|260|бензин|596c1df13
Rover|75|I|1999|2004|Седан|4.6|механика|260|бензин|596c1df13
Rover|75|I|1999|2004|Универсал 5 дв.|1.8|автомат|120|бензин|1e3070fac
Rover|75|I|1999|2004|Универсал 5 дв.|1.8|механика|120|бензин|1e3070fac
Rover|75|I|1999|2004|Универсал 5 дв.|1.8|механика|150|бензин|1e3070fac
Rover|75|I|1999|2004|Универсал 5 дв.|2.0|автомат|115|дизель|1e3070fac
Rover|75|I|1999|2004|Универсал 5 дв.|2.0|автомат|131|дизель|1e3070fac
Rover|75|I|1999|2004|Универсал 5 дв.|2.0|автомат|150|бензин|1e3070fac
Rover|75|I|1999|2004|Универсал 5 дв.|2.0|механика|115|дизель|1e3070fac
Rover|75|I|1999|2004|Универсал 5 дв.|2.0|механика|131|дизель|1e3070fac
Rover|75|I|1999|2004|Универсал 5 дв.|2.0|механика|150|бензин|1e3070fac
Rover|75|I|1999|2004|Универсал 5 дв.|2.5|автомат|177|бензин|1e3070fac
Rover|75|I|1999|2004|Универсал 5 дв.|2.5|механика|177|бензин|1e3070fac
Rover|75|I|1999|2004|Универсал 5 дв.|4.6|автомат|260|бензин|1e3070fac
Rover|800||1986|1999|Купе|2.0|механика|136|бензин|1ba5b654b
Rover|800||1986|1999|Купе|2.0|механика|180|бензин|1ba5b654b
Rover|800||1986|1999|Купе|2.0|механика|200|бензин|1ba5b654b
Rover|800||1986|1999|Купе|2.5|автомат|175|бензин|1ba5b654b
Rover|800||1986|1999|Купе|2.5|механика|118|дизель|1ba5b654b
Rover|800||1986|1999|Купе|2.5|механика|175|бензин|1ba5b654b
Rover|800||1986|1999|Купе|2.7|автомат|169|бензин|1ba5b654b
Rover|800||1986|1999|Седан|2.0|автомат|136|бензин|9f154c106
Rover|800||1986|1999|Седан|2.0|автомат|140|бензин|9f154c106
Rover|800||1986|1999|Седан|2.0|механика|104|бензин|9f154c106
Rover|800||1986|1999|Седан|2.0|механика|120|бензин|9f154c106
Rover|800||1986|1999|Седан|2.0|механика|136|бензин|9f154c106
Rover|800||1986|1999|Седан|2.0|механика|140|бензин|9f154c106
Rover|800||1986|1999|Седан|2.0|механика|180|бензин|9f154c106
Rover|800||1986|1999|Седан|2.0|механика|200|бензин|9f154c106
Rover|800||1986|1999|Седан|2.5|автомат|175|бензин|9f154c106
Rover|800||1986|1999|Седан|2.5|механика|118|дизель|9f154c106
Rover|800||1986|1999|Седан|2.5|механика|150|бензин|9f154c106
Rover|800||1986|1999|Седан|2.5|механика|175|бензин|9f154c106
Rover|800||1986|1999|Седан|2.7|автомат|169|бензин|9f154c106
Rover|800||1986|1999|Седан|2.7|автомат|177|бензин|9f154c106
Rover|800||1986|1999|Седан|2.7|механика|169|бензин|9f154c106
Rover|800||1986|1999|Седан|2.7|механика|177|бензин|9f154c106
Rover|800||1986|1999|Хэтчбек 5 дв.|2.0|автомат|140|бензин|febe5d3da
Rover|800||1986|1999|Хэтчбек 5 дв.|2.0|механика|136|бензин|febe5d3da
Rover|800||1986|1999|Хэтчбек 5 дв.|2.0|механика|140|бензин|febe5d3da
Rover|800||1986|1999|Хэтчбек 5 дв.|2.0|механика|180|бензин|febe5d3da
Rover|800||1986|1999|Хэтчбек 5 дв.|2.0|механика|200|бензин|febe5d3da
Rover|800||1986|1999|Хэтчбек 5 дв.|2.5|механика|118|дизель|febe5d3da
Rover|800||1986|1999|Хэтчбек 5 дв.|2.5|механика|175|бензин|febe5d3da
Rover|800||1986|1999|Хэтчбек 5 дв.|2.7|автомат|169|бензин|febe5d3da
Rover|800||1986|1999|Хэтчбек 5 дв.|2.7|механика|169|бензин|febe5d3da
Rover|800||1986|1999|Хэтчбек 5 дв.|2.7|механика|177|бензин|febe5d3da
Rover|Maestro||1991|1997|Хэтчбек 5 дв.|1.3|механика|69|бензин|6d11be0ac
Rover|Maestro||1991|1997|Хэтчбек 5 дв.|1.6|механика|86|бензин|6d11be0ac
Rover|Maestro||1991|1997|Хэтчбек 5 дв.|2.0|механика|60|дизель|6d11be0ac
Rover|Metro||1987|1994|Кабриолет|1.1|механика|60|бензин|0f38b7813
Rover|Metro||1987|1994|Кабриолет|1.4|механика|75|бензин|0f38b7813
Rover|Metro||1987|1994|Хэтчбек 3 дв.|1.1|механика|60|бензин|aa968fdc9
Rover|Metro||1987|1994|Хэтчбек 3 дв.|1.4|вариатор|75|бензин|aa968fdc9
Rover|Metro||1987|1994|Хэтчбек 3 дв.|1.4|механика|103|бензин|aa968fdc9
Rover|Metro||1987|1994|Хэтчбек 3 дв.|1.4|механика|75|бензин|aa968fdc9
Rover|Metro||1987|1994|Хэтчбек 3 дв.|1.4|механика|95|бензин|aa968fdc9
Rover|Metro||1987|1994|Хэтчбек 5 дв.|1.1|механика|60|бензин|4c40ebc55
Rover|Metro||1987|1994|Хэтчбек 5 дв.|1.4|вариатор|75|бензин|4c40ebc55
Rover|Metro||1987|1994|Хэтчбек 5 дв.|1.4|механика|103|бензин|4c40ebc55
Rover|Metro||1987|1994|Хэтчбек 5 дв.|1.4|механика|75|бензин|4c40ebc55
Rover|Metro||1987|1994|Хэтчбек 5 дв.|1.4|механика|95|бензин|4c40ebc55
Rover|Mini||1989|2000|Кабриолет|1.3|механика|63|бензин|7186d3e8f
Rover|Mini||1989|2000|Седан 2 дв.|1.0|механика|41|бензин|9fa699f24
Rover|Mini||1989|2000|Седан 2 дв.|1.3|автомат|50|бензин|9fa699f24
Rover|Mini||1989|2000|Седан 2 дв.|1.3|автомат|63|бензин|9fa699f24
Rover|Mini||1989|2000|Седан 2 дв.|1.3|механика|50|бензин|9fa699f24
Rover|Mini||1989|2000|Седан 2 дв.|1.3|механика|53|бензин|9fa699f24
Rover|Mini||1989|2000|Седан 2 дв.|1.3|механика|61|бензин|9fa699f24
Rover|Mini||1989|2000|Седан 2 дв.|1.3|механика|63|бензин|9fa699f24
Rover|Montego||1988|1994|Седан|1.6|механика|86|бензин|cf2d7c18c
Rover|Montego||1988|1994|Седан|2.0|механика|105|бензин|cf2d7c18c
Rover|Montego||1988|1994|Седан|2.0|механика|115|бензин|cf2d7c18c
Rover|Montego||1988|1994|Седан|2.0|механика|152|бензин|cf2d7c18c
Rover|Montego||1988|1994|Седан|2.0|механика|82|дизель|cf2d7c18c
Rover|Montego||1988|1994|Универсал 5 дв.|1.6|механика|86|бензин|a85da6566
Rover|Montego||1988|1994|Универсал 5 дв.|2.0|механика|105|бензин|a85da6566
Rover|Montego||1988|1994|Универсал 5 дв.|2.0|механика|115|бензин|a85da6566
Rover|Montego||1988|1994|Универсал 5 дв.|2.0|механика|82|дизель|a85da6566
Rover|P3||1948|1949|Седан|1.6|механика|60|бензин|ea0b42052
Rover|P3||1948|1949|Седан|2.1|механика|75|бензин|ea0b42052
Rover|P4||1949|1964|Седан|2.0|механика|60|бензин|bfecc18ec
Rover|P4||1949|1964|Седан|2.1|механика|75|бензин|bfecc18ec
Rover|P4||1949|1964|Седан|2.3|механика|80|бензин|bfecc18ec
Rover|P4||1949|1964|Седан|2.6|автомат|108|бензин|bfecc18ec
Rover|P4||1949|1964|Седан|2.6|механика|100|бензин|bfecc18ec
Rover|P4||1949|1964|Седан|2.6|механика|102|бензин|bfecc18ec
Rover|P4||1949|1964|Седан|2.6|механика|108|бензин|bfecc18ec
Rover|P4||1949|1964|Седан|2.6|механика|123|бензин|bfecc18ec
Rover|P4||1949|1964|Седан|2.6|механика|90|бензин|bfecc18ec
Rover|P6||1963|1977|Седан|2.0|автомат|104|бензин|1b0c5076e
Rover|P6||1963|1977|Седан|2.0|механика|104|бензин|1b0c5076e
Rover|P6||1963|1977|Седан|2.2|автомат|113|бензин|1b0c5076e
Rover|P6||1963|1977|Седан|2.2|механика|113|бензин|1b0c5076e
Rover|P6||1963|1977|Седан|3.5|автомат|142|бензин|1b0c5076e
Rover|P6||1963|1977|Седан|3.5|автомат|150|бензин|1b0c5076e
Rover|P6||1963|1977|Седан|3.5|механика|142|бензин|1b0c5076e
Rover|P6||1963|1977|Седан|3.5|механика|150|бензин|1b0c5076e
Rover|SD1||1976|1986|Хэтчбек 5 дв.|2.0|автомат|97|бензин|70cdb9f97
Rover|SD1||1976|1986|Хэтчбек 5 дв.|2.0|механика|97|бензин|70cdb9f97
Rover|SD1||1976|1986|Хэтчбек 5 дв.|2.3|автомат|120|бензин|70cdb9f97
Rover|SD1||1976|1986|Хэтчбек 5 дв.|2.3|механика|120|бензин|70cdb9f97
Rover|SD1||1976|1986|Хэтчбек 5 дв.|2.4|автомат|91|дизель|70cdb9f97
Rover|SD1||1976|1986|Хэтчбек 5 дв.|2.4|механика|91|дизель|70cdb9f97
Rover|SD1||1976|1986|Хэтчбек 5 дв.|2.6|автомат|126|бензин|70cdb9f97
Rover|SD1||1976|1986|Хэтчбек 5 дв.|2.6|автомат|135|бензин|70cdb9f97
Rover|SD1||1976|1986|Хэтчбек 5 дв.|2.6|механика|126|бензин|70cdb9f97
Rover|SD1||1976|1986|Хэтчбек 5 дв.|2.6|механика|135|бензин|70cdb9f97
Rover|SD1||1976|1986|Хэтчбек 5 дв.|3.5|автомат|150|бензин|70cdb9f97
Rover|SD1||1976|1986|Хэтчбек 5 дв.|3.5|автомат|193|бензин|70cdb9f97
Rover|SD1||1976|1986|Хэтчбек 5 дв.|3.5|механика|150|бензин|70cdb9f97
Rover|SD1||1976|1986|Хэтчбек 5 дв.|3.5|механика|193|бензин|70cdb9f97
Rover|Streetwise||2003|2005|Хэтчбек 3 дв.|1.4|механика|103|бензин|1147cfbbb
Rover|Streetwise||2003|2005|Хэтчбек 3 дв.|1.4|механика|84|бензин|1147cfbbb
Rover|Streetwise||2003|2005|Хэтчбек 3 дв.|1.6|механика|109|бензин|1147cfbbb
Rover|Streetwise||2003|2005|Хэтчбек 3 дв.|1.8|автомат|117|бензин|1147cfbbb
Rover|Streetwise||2003|2005|Хэтчбек 3 дв.|1.8|вариатор|117|бензин|1147cfbbb
Rover|Streetwise||2003|2005|Хэтчбек 3 дв.|1.8|механика|117|бензин|1147cfbbb
Rover|Streetwise||2003|2005|Хэтчбек 3 дв.|2.0|механика|101|дизель|1147cfbbb
Rover|Streetwise||2003|2005|Хэтчбек 5 дв.|1.4|механика|103|бензин|73aee29e0
Rover|Streetwise||2003|2005|Хэтчбек 5 дв.|1.6|механика|109|бензин|73aee29e0
Rover|Streetwise||2003|2005|Хэтчбек 5 дв.|1.8|вариатор|117|бензин|73aee29e0
Rover|Streetwise||2003|2005|Хэтчбек 5 дв.|1.8|механика|117|бензин|73aee29e0
Rover|Streetwise||2003|2005|Хэтчбек 5 дв.|2.0|механика|101|дизель|73aee29e0