Saab|600|I|1980|1982|Хэтчбек 5 дв.|1.3|механика|75|бензин|5bc61f783
Saab|600|I|1980|1982|Хэтчбек 5 дв.|1.5|механика|85|бензин|5bc61f783
Saab|9-2X||2004|2006|Универсал 5 дв.|2.0|автомат|227|бензин|a62bb0d3d
Saab|9-2X||2004|2006|Универсал 5 дв.|2.0|механика|227|бензин|a62bb0d3d
Saab|9-2X||2004|2006|Универсал 5 дв.|2.5|автомат|165|бензин|a62bb0d3d
Saab|9-2X||2004|2006|Универсал 5 дв.|2.5|автомат|230|бензин|a62bb0d3d
Saab|9-2X||2004|2006|Универсал 5 дв.|2.5|механика|165|бензин|a62bb0d3d
Saab|9-2X||2004|2006|Универсал 5 дв.|2.5|механика|230|бензин|a62bb0d3d
Saab|9-3|II Рестайлинг|2007|2014|Кабриолет|1.8|механика|122|бензин|f44b5918f
Saab|9-3|II Рестайлинг|2007|2014|Кабриолет|1.9|автомат|150|дизель|f44b5918f
Saab|9-3|II Рестайлинг|2007|2014|Кабриолет|1.9|автомат|180|дизель|f44b5918f
Saab|9-3|II Рестайлинг|2007|2014|Кабриолет|1.9|механика|118|дизель|f44b5918f
Saab|9-3|II Рестайлинг|2007|2014|Кабриолет|1.9|механика|150|дизель|f44b5918f
Saab|9-3|II Рестайлинг|2007|2014|Кабриолет|1.9|механика|180|дизель|f44b5918f
Saab|9-3|II Рестайлинг|2007|2014|Кабриолет|2.0|автомат|150|бензин|f44b5918f
Saab|9-3|II Рестайлинг|2007|2014|Кабриолет|2.0|автомат|175|бензин|f44b5918f
Saab|9-3|II Рестайлинг|2007|2014|Кабриолет|2.0|автомат|200|бензин|f44b5918f
Saab|9-3|II Рестайлинг|2007|2014|Кабриолет|2.0|автомат|210|бензин|f44b5918f
Saab|9-3|II Рестайлинг|2007|2014|Кабриолет|2.0|механика|150|бензин|f44b5918f
Saab|9-3|II Рестайлинг|2007|2014|Кабриолет|2.0|механика|175|бензин|f44b5918f
Saab|9-3|II Рестайлинг|2007|2014|Кабриолет|2.0|механика|210|бензин|f44b5918f
Saab|9-3|II Рестайлинг|2007|2014|Кабриолет|2.8|автомат|255|бензин|f44b5918f
Saab|9-3|II Рестайлинг|2007|2014|Кабриолет|2.8|механика|255|бензин|f44b5918f
Saab|9-3|II Рестайлинг|2007|2014|Седан|1.8|механика|122|бензин|d6ac9a03b
Saab|9-3|II Рестайлинг|2007|2014|Седан|1.9|автомат|150|дизель|d6ac9a03b
Saab|9-3|II Рестайлинг|2007|2014|Седан|1.9|автомат|180|дизель|d6ac9a03b
Saab|9-3|II Рестайлинг|2007|2014|Седан|1.9|механика|120|дизель|d6ac9a03b
Saab|9-3|II Рестайлинг|2007|2014|Седан|1.9|механика|150|дизель|d6ac9a03b
Saab|9-3|II Рестайлинг|2007|2014|Седан|1.9|механика|180|дизель|d6ac9a03b
Saab|9-3|II Рестайлинг|2007|2014|Седан|2.0|автомат|150|бензин|d6ac9a03b
Saab|9-3|II Рестайлинг|2007|2014|Седан|2.0|автомат|175|бензин|d6ac9a03b
Saab|9-3|II Рестайлинг|2007|2014|Седан|2.0|автомат|200|бензин|d6ac9a03b
Saab|9-3|II Рестайлинг|2007|2014|Седан|2.0|автомат|210|бензин|d6ac9a03b
Saab|9-3|II Рестайлинг|2007|2014|Седан|2.0|автомат|241|бензин|d6ac9a03b
Saab|9-3|II Рестайлинг|2007|2014|Седан|2.0|механика|150|бензин|d6ac9a03b
Saab|9-3|II Рестайлинг|2007|2014|Седан|2.0|механика|175|бензин|d6ac9a03b
Saab|9-3|II Рестайлинг|2007|2014|Седан|2.0|механика|200|бензин|d6ac9a03b
Saab|9-3|II Рестайлинг|2007|2014|Седан|2.0|механика|210|бензин|d6ac9a03b
Saab|9-3|II Рестайлинг|2007|2014|Седан|2.0|механика|241|бензин|d6ac9a03b
Saab|9-3|II Рестайлинг|2007|2014|Седан|2.8|автомат|256|бензин|d6ac9a03b
Saab|9-3|II Рестайлинг|2007|2014|Седан|2.8|автомат|280|бензин|d6ac9a03b
Saab|9-3|II Рестайлинг|2007|2014|Седан|2.8|механика|256|бензин|d6ac9a03b
Saab|9-3|II Рестайлинг|2007|2014|Седан|2.8|механика|280|бензин|d6ac9a03b
Saab|9-3|II Рестайлинг|2007|2014|Универсал 5 дв.|1.8|механика|122|бензин|c24293628
Saab|9-3|II Рестайлинг|2007|2014|Универсал 5 дв.|1.9|автомат|150|дизель|c24293628
Saab|9-3|II Рестайлинг|2007|2014|Универсал 5 дв.|1.9|автомат|180|дизель|c24293628
Saab|9-3|II Рестайлинг|2007|2014|Универсал 5 дв.|1.9|механика|120|дизель|c24293628
Saab|9-3|II Рестайлинг|2007|2014|Универсал 5 дв.|1.9|механика|150|дизель|c24293628
Saab|9-3|II Рестайлинг|2007|2014|Универсал 5 дв.|1.9|механика|180|дизель|c24293628
Saab|9-3|II Рестайлинг|2007|2014|Универсал 5 дв.|2.0|автомат|150|бензин|c24293628
Saab|9-3|II Рестайлинг|2007|2014|Универсал 5 дв.|2.0|автомат|175|бензин|c24293628
Saab|9-3|II Рестайлинг|2007|2014|Универсал 5 дв.|2.0|автомат|210|бензин|c24293628
Saab|9-3|II Рестайлинг|2007|2014|Универсал 5 дв.|2.0|механика|150|бензин|c24293628
Saab|9-3|II Рестайлинг|2007|2014|Универсал 5 дв.|2.0|механика|175|бензин|c24293628
Saab|9-3|II Рестайлинг|2007|2014|Универсал 5 дв.|2.0|механика|210|бензин|c24293628
Saab|9-3|II Рестайлинг|2007|2014|Универсал 5 дв.|2.8|автомат|255|бензин|c24293628
Saab|9-3|II Рестайлинг|2007|2014|Универсал 5 дв.|2.8|автомат|280|бензин|c24293628
Saab|9-3|II Рестайлинг|2007|2014|Универсал 5 дв.|2.8|механика|255|бензин|c24293628
Saab|9-3|II Рестайлинг|2007|2014|Универсал 5 дв.|2.8|механика|280|бензин|c24293628
Saab|9-3|II|2002|2008|Кабриолет|1.8|механика|122|бензин|79f6cf65a
Saab|9-3|II|2002|2008|Кабриолет|1.9|автомат|118|дизель|79f6cf65a
Saab|9-3|II|2002|2008|Кабриолет|1.9|автомат|150|дизель|79f6cf65a
Saab|9-3|II|2002|2008|Кабриолет|1.9|механика|118|дизель|79f6cf65a
Saab|9-3|II|2002|2008|Кабриолет|1.9|механика|150|дизель|79f6cf65a
Saab|9-3|II|2002|2008|Кабриолет|2.0|автомат|150|бензин|79f6cf65a
Saab|9-3|II|2002|2008|Кабриолет|2.0|автомат|175|бензин|79f6cf65a
Saab|9-3|II|2002|2008|Кабриолет|2.0|автомат|210|бензин|79f6cf65a
Saab|9-3|II|2002|2008|Кабриолет|2.0|механика|150|бензин|79f6cf65a
Saab|9-3|II|2002|2008|Кабриолет|2.0|механика|175|бензин|79f6cf65a
Saab|9-3|II|2002|2008|Кабриолет|2.0|механика|210|бензин|79f6cf65a
Saab|9-3|II|2002|2008|Кабриолет|2.2|автомат|125|дизель|79f6cf65a
Saab|9-3|II|2002|2008|Кабриолет|2.2|механика|125|дизель|79f6cf65a
Saab|9-3|II|2002|2008|Кабриолет|2.8|автомат|230|бензин|79f6cf65a
Saab|9-3|II|2002|2008|Кабриолет|2.8|автомат|250|бензин|79f6cf65a
Saab|9-3|II|2002|2008|Кабриолет|2.8|автомат|256|бензин|79f6cf65a
Saab|9-3|II|2002|2008|Кабриолет|2.8|механика|230|бензин|79f6cf65a
Saab|9-3|II|2002|2008|Кабриолет|2.8|механика|250|бензин|79f6cf65a
Saab|9-3|II|2002|2008|Кабриолет|2.8|механика|256|бензин|79f6cf65a
Saab|9-3|II|2002|2008|Седан|1.8|механика|122|бензин|6f722e6cc
Saab|9-3|II|2002|2008|Седан|1.9|автомат|150|дизель|6f722e6cc
Saab|9-3|II|2002|2008|Седан|1.9|механика|120|дизель|6f722e6cc
Saab|9-3|II|2002|2008|Седан|1.9|механика|150|дизель|6f722e6cc
Saab|9-3|II|2002|2008|Седан|2.0|автомат|150|бензин|6f722e6cc
Saab|9-3|II|2002|2008|Седан|2.0|автомат|175|бензин|6f722e6cc
Saab|9-3|II|2002|2008|Седан|2.0|автомат|210|бензин|6f722e6cc
Saab|9-3|II|2002|2008|Седан|2.0|механика|150|бензин|6f722e6cc
Saab|9-3|II|2002|2008|Седан|2.0|механика|175|бензин|6f722e6cc
Saab|9-3|II|2002|2008|Седан|2.0|механика|210|бензин|6f722e6cc
Saab|9-3|II|2002|2008|Седан|2.2|автомат|125|дизель|6f722e6cc
Saab|9-3|II|2002|2008|Седан|2.2|механика|125|дизель|6f722e6cc
Saab|9-3|II|2002|2008|Седан|2.8|автомат|230|бензин|6f722e6cc
Saab|9-3|II|2002|2008|Седан|2.8|автомат|250|бензин|6f722e6cc
Saab|9-3|II|2002|2008|Седан|2.8|механика|230|бензин|6f722e6cc
Saab|9-3|II|2002|2008|Седан|2.8|механика|250|бензин|6f722e6cc
Saab|9-3|II|2002|2008|Универсал 5 дв.|1.8|механика|122|бензин|1a4bca1b6
Saab|9-3|II|2002|2008|Универсал 5 дв.|1.9|автомат|150|дизель|1a4bca1b6
Saab|9-3|II|2002|2008|Универсал 5 дв.|1.9|автомат|180|дизель|1a4bca1b6
Saab|9-3|II|2002|2008|Универсал 5 дв.|1.9|механика|120|дизель|1a4bca1b6
Saab|9-3|II|2002|2008|Универсал 5 дв.|1.9|механика|150|дизель|1a4bca1b6
Saab|9-3|II|2002|2008|Универсал 5 дв.|1.9|механика|180|дизель|1a4bca1b6
Saab|9-3|II|2002|2008|Универсал 5 дв.|2.0|автомат|150|бензин|1a4bca1b6
Saab|9-3|II|2002|2008|Универсал 5 дв.|2.0|автомат|175|бензин|1a4bca1b6
Saab|9-3|II|2002|2008|Универсал 5 дв.|2.0|автомат|200|бензин|1a4bca1b6
Saab|9-3|II|2002|2008|Универсал 5 дв.|2.0|автомат|210|бензин|1a4bca1b6
Saab|9-3|II|2002|2008|Универсал 5 дв.|2.0|механика|150|бензин|1a4bca1b6
Saab|9-3|II|2002|2008|Универсал 5 дв.|2.0|механика|175|бензин|1a4bca1b6
Saab|9-3|II|2002|2008|Универсал 5 дв.|2.0|механика|200|бензин|1a4bca1b6
Saab|9-3|II|2002|2008|Универсал 5 дв.|2.0|механика|210|бензин|1a4bca1b6
Saab|9-3|II|2002|2008|Универсал 5 дв.|2.8|автомат|230|бензин|1a4bca1b6
Saab|9-3|II|2002|2008|Универсал 5 дв.|2.8|автомат|250|бензин|1a4bca1b6
Saab|9-3|II|2002|2008|Универсал 5 дв.|2.8|автомат|256|бензин|1a4bca1b6
Saab|9-3|II|2002|2008|Универсал 5 дв.|2.8|механика|230|бензин|1a4bca1b6
Saab|9-3|II|2002|2008|Универсал 5 дв.|2.8|механика|250|бензин|1a4bca1b6
Saab|9-3|II|2002|2008|Универсал 5 дв.|2.8|механика|256|бензин|1a4bca1b6
Saab|9-3|I|1998|2003|Кабриолет|2.0|автомат|130|бензин|1b0529a01
Saab|9-3|I|1998|2003|Кабриолет|2.0|автомат|150|бензин|1b0529a01
Saab|9-3|I|1998|2003|Кабриолет|2.0|автомат|154|бензин|1b0529a01
Saab|9-3|I|1998|2003|Кабриолет|2.0|автомат|185|бензин|1b0529a01
Saab|9-3|I|1998|2003|Кабриолет|2.0|автомат|200|бензин|1b0529a01
Saab|9-3|I|1998|2003|Кабриолет|2.0|автомат|205|бензин|1b0529a01
Saab|9-3|I|1998|2003|Кабриолет|2.0|механика|130|бензин|1b0529a01
Saab|9-3|I|1998|2003|Кабриолет|2.0|механика|150|бензин|1b0529a01
Saab|9-3|I|1998|2003|Кабриолет|2.0|механика|154|бензин|1b0529a01
Saab|9-3|I|1998|2003|Кабриолет|2.0|механика|185|бензин|1b0529a01
Saab|9-3|I|1998|2003|Кабриолет|2.0|механика|200|бензин|1b0529a01
Saab|9-3|I|1998|2003|Кабриолет|2.0|механика|205|бензин|1b0529a01
Saab|9-3|I|1998|2003|Кабриолет|2.2|механика|116|дизель|1b0529a01
Saab|9-3|I|1998|2003|Кабриолет|2.2|механика|125|дизель|1b0529a01
Saab|9-3|I|1998|2003|Кабриолет|2.3|автомат|150|бензин|1b0529a01
Saab|9-3|I|1998|2003|Кабриолет|2.3|механика|150|бензин|1b0529a01
Saab|9-3|I|1998|2003|Кабриолет|2.3|механика|225|бензин|1b0529a01
Saab|9-3|I|1998|2003|Хэтчбек 3 дв.|2.0|автомат|131|бензин|77b15a035
Saab|9-3|I|1998|2003|Хэтчбек 3 дв.|2.0|автомат|150|бензин|77b15a035
Saab|9-3|I|1998|2003|Хэтчбек 3 дв.|2.0|автомат|154|бензин|77b15a035
Saab|9-3|I|1998|2003|Хэтчбек 3 дв.|2.0|автомат|185|бензин|77b15a035
Saab|9-3|I|1998|2003|Хэтчбек 3 дв.|2.0|автомат|205|бензин|77b15a035
Saab|9-3|I|1998|2003|Хэтчбек 3 дв.|2.0|механика|131|бензин|77b15a035
Saab|9-3|I|1998|2003|Хэтчбек 3 дв.|2.0|механика|150|бензин|77b15a035
Saab|9-3|I|1998|2003|Хэтчбек 3 дв.|2.0|механика|154|бензин|77b15a035
Saab|9-3|I|1998|2003|Хэтчбек 3 дв.|2.0|механика|185|бензин|77b15a035
Saab|9-3|I|1998|2003|Хэтчбек 3 дв.|2.0|механика|200|бензин|77b15a035
Saab|9-3|I|1998|2003|Хэтчбек 3 дв.|2.0|механика|205|бензин|77b15a035
Saab|9-3|I|1998|2003|Хэтчбек 3 дв.|2.2|механика|115|дизель|77b15a035
Saab|9-3|I|1998|2003|Хэтчбек 3 дв.|2.2|механика|125|дизель|77b15a035
Saab|9-3|I|1998|2003|Хэтчбек 3 дв.|2.3|механика|225|бензин|77b15a035
Saab|9-3|I|1998|2003|Хэтчбек 5 дв.|2.0|автомат|131|бензин|e38c5383e
Saab|9-3|I|1998|2003|Хэтчбек 5 дв.|2.0|автомат|150|бензин|e38c5383e
Saab|9-3|I|1998|2003|Хэтчбек 5 дв.|2.0|автомат|154|бензин|e38c5383e
Saab|9-3|I|1998|2003|Хэтчбек 5 дв.|2.0|автомат|185|бензин|e38c5383e
Saab|9-3|I|1998|2003|Хэтчбек 5 дв.|2.0|автомат|205|бензин|e38c5383e
Saab|9-3|I|1998|2003|Хэтчбек 5 дв.|2.0|механика|131|бензин|e38c5383e
Saab|9-3|I|1998|2003|Хэтчбек 5 дв.|2.0|механика|150|бензин|e38c5383e
Saab|9-3|I|1998|2003|Хэтчбек 5 дв.|2.0|механика|154|бензин|e38c5383e
Saab|9-3|I|1998|2003|Хэтчбек 5 дв.|2.0|механика|185|бензин|e38c5383e
Saab|9-3|I|1998|2003|Хэтчбек 5 дв.|2.0|механика|200|бензин|e38c5383e
Saab|9-3|I|1998|2003|Хэтчбек 5 дв.|2.0|механика|205|бензин|e38c5383e
Saab|9-3|I|1998|2003|Хэтчбек 5 дв.|2.2|механика|115|дизель|e38c5383e
Saab|9-3|I|1998|2003|Хэтчбек 5 дв.|2.2|механика|125|дизель|e38c5383e
Saab|9-3|I|1998|2003|Хэтчбек 5 дв.|2.3|механика|150|бензин|e38c5383e
Saab|9-3|I|1998|2003|Хэтчбек 5 дв.|2.3|механика|225|бензин|e38c5383e
Saab|9-4X||2011|2011|Внедорожник 5 дв.|2.8|автомат|300|бензин|3f46d7ad5
Saab|9-4X||2011|2011|Внедорожник 5 дв.|3.0|автомат|265|бензин|3f46d7ad5
Saab|9-5|I Рестайлинг 2|2005|2010|Седан|1.9|автомат|150|дизель|c3ad9c84e
Saab|9-5|I Рестайлинг 2|2005|2010|Седан|1.9|механика|150|дизель|c3ad9c84e
Saab|9-5|I Рестайлинг 2|2005|2010|Седан|2.0|автомат|150|бензин|c3ad9c84e
Saab|9-5|I Рестайлинг 2|2005|2010|Седан|2.0|автомат|185|бензин|c3ad9c84e
Saab|9-5|I Рестайлинг 2|2005|2010|Седан|2.0|механика|150|бензин|c3ad9c84e
Saab|9-5|I Рестайлинг 2|2005|2010|Седан|2.0|механика|185|бензин|c3ad9c84e
Saab|9-5|I Рестайлинг 2|2005|2010|Седан|2.2|автомат|120|дизель|c3ad9c84e
Saab|9-5|I Рестайлинг 2|2005|2010|Седан|2.2|механика|120|дизель|c3ad9c84e
Saab|9-5|I Рестайлинг 2|2005|2010|Седан|2.3|автомат|185|бензин|c3ad9c84e
Saab|9-5|I Рестайлинг 2|2005|2010|Седан|2.3|автомат|220|бензин|c3ad9c84e
Saab|9-5|I Рестайлинг 2|2005|2010|Седан|2.3|автомат|260|бензин|c3ad9c84e
Saab|9-5|I Рестайлинг 2|2005|2010|Седан|2.3|механика|185|бензин|c3ad9c84e
Saab|9-5|I Рестайлинг 2|2005|2010|Седан|2.3|механика|220|бензин|c3ad9c84e
Saab|9-5|I Рестайлинг 2|2005|2010|Седан|2.3|механика|260|бензин|c3ad9c84e
Saab|9-5|I Рестайлинг 2|2005|2010|Седан|3.0|автомат|200|бензин|c3ad9c84e
Saab|9-5|I Рестайлинг 2|2005|2010|Седан|3.0|механика|176|дизель|c3ad9c84e
Saab|9-5|I Рестайлинг 2|2005|2010|Универсал 5 дв.|1.9|автомат|150|дизель|2aa5fa068
Saab|9-5|I Рестайлинг 2|2005|2010|Универсал 5 дв.|1.9|механика|150|дизель|2aa5fa068
Saab|9-5|I Рестайлинг 2|2005|2010|Универсал 5 дв.|2.0|автомат|150|бензин|2aa5fa068
Saab|9-5|I Рестайлинг 2|2005|2010|Универсал 5 дв.|2.0|механика|150|бензин|2aa5fa068
Saab|9-5|I Рестайлинг 2|2005|2010|Универсал 5 дв.|2.0|механика|192|бензин|2aa5fa068
Saab|9-5|I Рестайлинг 2|2005|2010|Универсал 5 дв.|2.2|автомат|120|дизель|2aa5fa068
Saab|9-5|I Рестайлинг 2|2005|2010|Универсал 5 дв.|2.2|механика|120|дизель|2aa5fa068
Saab|9-5|I Рестайлинг 2|2005|2010|Универсал 5 дв.|2.3|автомат|170|бензин|2aa5fa068
Saab|9-5|I Рестайлинг 2|2005|2010|Универсал 5 дв.|2.3|автомат|185|бензин|2aa5fa068
Saab|9-5|I Рестайлинг 2|2005|2010|Универсал 5 дв.|2.3|автомат|220|бензин|2aa5fa068
Saab|9-5|I Рестайлинг 2|2005|2010|Универсал 5 дв.|2.3|автомат|260|бензин|2aa5fa068
Saab|9-5|I Рестайлинг 2|2005|2010|Универсал 5 дв.|2.3|механика|170|бензин|2aa5fa068
Saab|9-5|I Рестайлинг 2|2005|2010|Универсал 5 дв.|2.3|механика|185|бензин|2aa5fa068
Saab|9-5|I Рестайлинг 2|2005|2010|Универсал 5 дв.|2.3|механика|210|бензин|2aa5fa068
Saab|9-5|I Рестайлинг 2|2005|2010|Универсал 5 дв.|2.3|механика|220|бензин|2aa5fa068
Saab|9-5|I Рестайлинг 2|2005|2010|Универсал 5 дв.|2.3|механика|260|бензин|2aa5fa068
Saab|9-5|I Рестайлинг 2|2005|2010|Универсал 5 дв.|3.0|автомат|200|бензин|2aa5fa068
Saab|9-5|I Рестайлинг 2|2005|2010|Универсал 5 дв.|3.0|механика|176|дизель|2aa5fa068
Saab|9-5|I Рестайлинг|2001|2005|Седан|2.0|автомат|150|бензин|ec6b70b0d
Saab|9-5|I Рестайлинг|2001|2005|Седан|2.0|механика|150|бензин|ec6b70b0d
Saab|9-5|I Рестайлинг|2001|2005|Седан|2.2|автомат|120|дизель|ec6b70b0d
Saab|9-5|I Рестайлинг|2001|2005|Седан|2.2|механика|120|дизель|ec6b70b0d
Saab|9-5|I Рестайлинг|2001|2005|Седан|2.3|автомат|185|бензин|ec6b70b0d
Saab|9-5|I Рестайлинг|2001|2005|Седан|2.3|автомат|220|бензин|ec6b70b0d
Saab|9-5|I Рестайлинг|2001|2005|Седан|2.3|автомат|250|бензин|ec6b70b0d
Saab|9-5|I Рестайлинг|2001|2005|Седан|2.3|механика|185|бензин|ec6b70b0d
Saab|9-5|I Рестайлинг|2001|2005|Седан|2.3|механика|220|бензин|ec6b70b0d
Saab|9-5|I Рестайлинг|2001|2005|Седан|2.3|механика|250|бензин|ec6b70b0d
Saab|9-5|I Рестайлинг|2001|2005|Седан|3.0|автомат|200|бензин|ec6b70b0d
Saab|9-5|I Рестайлинг|2001|2005|Седан|3.0|механика|176|дизель|ec6b70b0d
Saab|9-5|I Рестайлинг|2001|2005|Универсал 5 дв.|2.0|автомат|150|бензин|1075fe4f4
Saab|9-5|I Рестайлинг|2001|2005|Универсал 5 дв.|2.0|механика|150|бензин|1075fe4f4
Saab|9-5|I Рестайлинг|2001|2005|Универсал 5 дв.|2.0|механика|192|бензин|1075fe4f4
Saab|9-5|I Рестайлинг|2001|2005|Универсал 5 дв.|2.2|автомат|120|дизель|1075fe4f4
Saab|9-5|I Рестайлинг|2001|2005|Универсал 5 дв.|2.2|механика|120|дизель|1075fe4f4
Saab|9-5|I Рестайлинг|2001|2005|Универсал 5 дв.|2.3|автомат|185|бензин|1075fe4f4
Saab|9-5|I Рестайлинг|2001|2005|Универсал 5 дв.|2.3|автомат|220|бензин|1075fe4f4
Saab|9-5|I Рестайлинг|2001|2005|Универсал 5 дв.|2.3|автомат|250|бензин|1075fe4f4
Saab|9-5|I Рестайлинг|2001|2005|Универсал 5 дв.|2.3|механика|185|бензин|1075fe4f4
Saab|9-5|I Рестайлинг|2001|2005|Универсал 5 дв.|2.3|механика|220|бензин|1075fe4f4
Saab|9-5|I Рестайлинг|2001|2005|Универсал 5 дв.|2.3|механика|250|бензин|1075fe4f4
Saab|9-5|I Рестайлинг|2001|2005|Универсал 5 дв.|3.0|автомат|200|бензин|1075fe4f4
Saab|9-5|I Рестайлинг|2001|2005|Универсал 5 дв.|3.0|механика|176|дизель|1075fe4f4
Saab|9-5|II|2010|2012|Седан|1.6|механика|180|бензин|d11a5742c
Saab|9-5|II|2010|2012|Седан|2.0|автомат|150|бензин|d11a5742c
Saab|9-5|II|2010|2012|Седан|2.0|автомат|160|дизель|d11a5742c
Saab|9-5|II|2010|2012|Седан|2.0|автомат|190|дизель|d11a5742c
Saab|9-5|II|2010|2012|Седан|2.0|автомат|220|бензин|d11a5742c
Saab|9-5|II|2010|2012|Седан|2.0|механика|150|бензин|d11a5742c
Saab|9-5|II|2010|2012|Седан|2.0|механика|160|дизель|d11a5742c
Saab|9-5|II|2010|2012|Седан|2.0|механика|190|дизель|d11a5742c
Saab|9-5|II|2010|2012|Седан|2.0|механика|220|бензин|d11a5742c
Saab|9-5|II|2010|2012|Седан|2.3|автомат|185|бензин|d11a5742c
Saab|9-5|II|2010|2012|Седан|2.3|автомат|260|бензин|d11a5742c
Saab|9-5|II|2010|2012|Седан|2.3|механика|185|бензин|d11a5742c
Saab|9-5|II|2010|2012|Седан|2.3|механика|260|бензин|d11a5742c
Saab|9-5|II|2010|2012|Седан|2.8|автомат|301|бензин|d11a5742c
Saab|9-5|II|2010|2012|Универсал 5 дв. SportCombi|1.6|механика|180|бензин|9eefc7b70
Saab|9-5|II|2010|2012|Универсал 5 дв. SportCombi|2.0|автомат|160|дизель|9eefc7b70
Saab|9-5|II|2010|2012|Универсал 5 дв. SportCombi|2.0|автомат|220|бензин|9eefc7b70
Saab|9-5|II|2010|2012|Универсал 5 дв. SportCombi|2.0|механика|160|дизель|9eefc7b70
Saab|9-5|II|2010|2012|Универсал 5 дв. SportCombi|2.0|механика|190|дизель|9eefc7b70
Saab|9-5|II|2010|2012|Универсал 5 дв. SportCombi|2.0|механика|220|бензин|9eefc7b70
Saab|9-5|II|2010|2012|Универсал 5 дв. SportCombi|2.8|автомат|300|бензин|9eefc7b70
Saab|9-5|I|1997|2001|Седан|2.0|автомат|150|бензин|ef8cb0d06
Saab|9-5|I|1997|2001|Седан|2.0|механика|150|бензин|ef8cb0d06
Saab|9-5|I|1997|2001|Седан|2.0|механика|192|бензин|ef8cb0d06
Saab|9-5|I|1997|2001|Седан|2.3|автомат|170|бензин|ef8cb0d06
Saab|9-5|I|1997|2001|Седан|2.3|автомат|185|бензин|ef8cb0d06
Saab|9-5|I|1997|2001|Седан|2.3|автомат|230|бензин|ef8cb0d06
Saab|9-5|I|1997|2001|Седан|2.3|механика|170|бензин|ef8cb0d06
Saab|9-5|I|1997|2001|Седан|2.3|механика|185|бензин|ef8cb0d06
Saab|9-5|I|1997|2001|Седан|2.3|механика|230|бензин|ef8cb0d06
Saab|9-5|I|1997|2001|Седан|3.0|автомат|200|бензин|ef8cb0d06
Saab|9-5|I|1997|2001|Универсал 5 дв.|2.0|автомат|150|бензин|94e258cc5
Saab|9-5|I|1997|2001|Универсал 5 дв.|2.0|механика|150|бензин|94e258cc5
Saab|9-5|I|1997|2001|Универсал 5 дв.|2.0|механика|192|бензин|94e258cc5
Saab|9-5|I|1997|2001|Универсал 5 дв.|2.3|автомат|170|бензин|94e258cc5
Saab|9-5|I|1997|2001|Универсал 5 дв.|2.3|автомат|185|бензин|94e258cc5
Saab|9-5|I|1997|2001|Универсал 5 дв.|2.3|автомат|230|бензин|94e258cc5
Saab|9-5|I|1997|2001|Универсал 5 дв.|2.3|механика|170|бензин|94e258cc5
Saab|9-5|I|1997|2001|Универсал 5 дв.|2.3|механика|185|бензин|94e258cc5
Saab|9-5|I|1997|2001|Универсал 5 дв.|2.3|механика|230|бензин|94e258cc5
Saab|9-5|I|1997|2001|Универсал 5 дв.|3.0|автомат|200|бензин|94e258cc5
Saab|9-7X||2005|2009|Внедорожник 5 дв.|4.2|автомат|279|бензин|d70152416
Saab|9-7X||2005|2009|Внедорожник 5 дв.|5.3|автомат|304|бензин|d70152416
Saab|9-7X||2005|2009|Внедорожник 5 дв.|6.0|автомат|390|бензин|d70152416
Saab|9000|I Рестайлинг|1991|1998|Лифтбек|2.0|автомат|128|бензин|c36754618
Saab|9000|I Рестайлинг|1991|1998|Лифтбек|2.0|автомат|150|бензин|c36754618
Saab|9000|I Рестайлинг|1991|1998|Лифтбек|2.0|автомат|163|бензин|c36754618
Saab|9000|I Рестайлинг|1991|1998|Лифтбек|2.0|автомат|175|бензин|c36754618
Saab|9000|I Рестайлинг|1991|1998|Лифтбек|2.0|автомат|185|бензин|c36754618
Saab|9000|I Рестайлинг|1991|1998|Лифтбек|2.0|механика|128|бензин|c36754618
Saab|9000|I Рестайлинг|1991|1998|Лифтбек|2.0|механика|131|бензин|c36754618
Saab|9000|I Рестайлинг|1991|1998|Лифтбек|2.0|механика|150|бензин|c36754618
Saab|9000|I Рестайлинг|1991|1998|Лифтбек|2.0|механика|163|бензин|c36754618
Saab|9000|I Рестайлинг|1991|1998|Лифтбек|2.0|механика|175|бензин|c36754618
Saab|9000|I Рестайлинг|1991|1998|Лифтбек|2.0|механика|185|бензин|c36754618
Saab|9000|I Рестайлинг|1991|1998|Лифтбек|2.3|автомат|147|бензин|c36754618
Saab|9000|I Рестайлинг|1991|1998|Лифтбек|2.3|автомат|170|бензин|c36754618
Saab|9000|I Рестайлинг|1991|1998|Лифтбек|2.3|автомат|194|бензин|c36754618
Saab|9000|I Рестайлинг|1991|1998|Лифтбек|2.3|автомат|200|бензин|c36754618
Saab|9000|I Рестайлинг|1991|1998|Лифтбек|2.3|автомат|220|бензин|c36754618
Saab|9000|I Рестайлинг|1991|1998|Лифтбек|2.3|автомат|225|бензин|c36754618
Saab|9000|I Рестайлинг|1991|1998|Лифтбек|2.3|механика|147|бензин|c36754618
Saab|9000|I Рестайлинг|1991|1998|Лифтбек|2.3|механика|170|бензин|c36754618
Saab|9000|I Рестайлинг|1991|1998|Лифтбек|2.3|механика|194|бензин|c36754618
Saab|9000|I Рестайлинг|1991|1998|Лифтбек|2.3|механика|200|бензин|c36754618
Saab|9000|I Рестайлинг|1991|1998|Лифтбек|2.3|механика|220|бензин|c36754618
Saab|9000|I Рестайлинг|1991|1998|Лифтбек|2.3|механика|225|бензин|c36754618
Saab|9000|I Рестайлинг|1991|1998|Лифтбек|3.0|автомат|211|бензин|c36754618
Saab|9000|I Рестайлинг|1991|1998|Лифтбек|3.0|механика|211|бензин|c36754618
Saab|9000|I Рестайлинг|1991|1998|Седан|2.0|автомат|131|бензин|c5048553a
Saab|9000|I Рестайлинг|1991|1998|Седан|2.0|автомат|147|бензин|c5048553a
Saab|9000|I Рестайлинг|1991|1998|Седан|2.0|автомат|150|бензин|c5048553a
Saab|9000|I Рестайлинг|1991|1998|Седан|2.0|механика|131|бензин|c5048553a
Saab|9000|I Рестайлинг|1991|1998|Седан|2.0|механика|147|бензин|c5048553a
Saab|9000|I Рестайлинг|1991|1998|Седан|2.0|механика|150|бензин|c5048553a
Saab|9000|I Рестайлинг|1991|1998|Седан|2.3|автомат|147|бензин|c5048553a
Saab|9000|I Рестайлинг|1991|1998|Седан|2.3|автомат|170|бензин|c5048553a
Saab|9000|I Рестайлинг|1991|1998|Седан|2.3|автомат|200|бензин|c5048553a
Saab|9000|I Рестайлинг|1991|1998|Седан|2.3|механика|147|бензин|c5048553a
Saab|9000|I Рестайлинг|1991|1998|Седан|2.3|механика|170|бензин|c5048553a
Saab|9000|I Рестайлинг|1991|1998|Седан|2.3|механика|200|бензин|c5048553a
Saab|9000|I Рестайлинг|1991|1998|Седан|3.0|автомат|211|бензин|c5048553a
Saab|9000|I Рестайлинг|1991|1998|Седан|3.0|механика|211|бензин|c5048553a
Saab|9000|I|1984|1994|Лифтбек|2.0|автомат|126|бензин|960ec4f17
Saab|9000|I|1984|1994|Лифтбек|2.0|автомат|128|бензин|960ec4f17
Saab|9000|I|1984|1994|Лифтбек|2.0|автомат|160|бензин|960ec4f17
Saab|9000|I|1984|1994|Лифтбек|2.0|автомат|175|бензин|960ec4f17
Saab|9000|I|1984|1994|Лифтбек|2.0|механика|126|бензин|960ec4f17
Saab|9000|I|1984|1994|Лифтбек|2.0|механика|128|бензин|960ec4f17
Saab|9000|I|1984|1994|Лифтбек|2.0|механика|137|бензин|960ec4f17
Saab|9000|I|1984|1994|Лифтбек|2.0|механика|160|бензин|960ec4f17
Saab|9000|I|1984|1994|Лифтбек|2.0|механика|175|бензин|960ec4f17
Saab|9000|I|1984|1994|Лифтбек|2.3|автомат|146|бензин|960ec4f17
Saab|9000|I|1984|1994|Лифтбек|2.3|автомат|200|бензин|960ec4f17
Saab|9000|I|1984|1994|Лифтбек|2.3|механика|146|бензин|960ec4f17
Saab|9000|I|1984|1994|Лифтбек|2.3|механика|152|бензин|960ec4f17
Saab|9000|I|1984|1994|Лифтбек|2.3|механика|200|бензин|960ec4f17
Saab|9000|I|1984|1994|Седан|2.0|автомат|128|бензин|c85390f05
Saab|9000|I|1984|1994|Седан|2.0|автомат|160|бензин|c85390f05
Saab|9000|I|1984|1994|Седан|2.0|автомат|163|бензин|c85390f05
Saab|9000|I|1984|1994|Седан|2.0|автомат|175|бензин|c85390f05
Saab|9000|I|1984|1994|Седан|2.0|автомат|185|бензин|c85390f05
Saab|9000|I|1984|1994|Седан|2.0|механика|128|бензин|c85390f05
Saab|9000|I|1984|1994|Седан|2.0|механика|137|бензин|c85390f05
Saab|9000|I|1984|1994|Седан|2.0|механика|160|бензин|c85390f05
Saab|9000|I|1984|1994|Седан|2.0|механика|163|бензин|c85390f05
Saab|9000|I|1984|1994|Седан|2.0|механика|175|бензин|c85390f05
Saab|9000|I|1984|1994|Седан|2.0|механика|185|бензин|c85390f05
Saab|9000|I|1984|1994|Седан|2.3|автомат|146|бензин|c85390f05
Saab|9000|I|1984|1994|Седан|2.3|автомат|194|бензин|c85390f05
Saab|9000|I|1984|1994|Седан|2.3|механика|146|бензин|c85390f05
Saab|9000|I|1984|1994|Седан|2.3|механика|152|бензин|c85390f05
Saab|9000|I|1984|1994|Седан|2.3|механика|194|бензин|c85390f05
Saab|9000|I|1984|1994|Седан|2.3|механика|200|бензин|c85390f05
Saab|900|II|1993|1998|Кабриолет|2.0|автомат|131|бензин|5f72b8682
Saab|900|II|1993|1998|Кабриолет|2.0|автомат|185|бензин|5f72b8682
Saab|900|II|1993|1998|Кабриолет|2.0|механика|131|бензин|5f72b8682
Saab|900|II|1993|1998|Кабриолет|2.0|механика|185|бензин|5f72b8682
Saab|900|II|1993|1998|Кабриолет|2.3|автомат|150|бензин|5f72b8682
Saab|900|II|1993|1998|Кабриолет|2.3|механика|150|бензин|5f72b8682
Saab|900|II|1993|1998|Кабриолет|2.5|автомат|170|бензин|5f72b8682
Saab|900|II|1993|1998|Кабриолет|2.5|механика|170|бензин|5f72b8682
Saab|900|II|1993|1998|Хэтчбек 3 дв.|2.0|автомат|131|бензин|80ab4e727
Saab|900|II|1993|1998|Хэтчбек 3 дв.|2.0|автомат|185|бензин|80ab4e727
Saab|900|II|1993|1998|Хэтчбек 3 дв.|2.0|механика|131|бензин|80ab4e727
Saab|900|II|1993|1998|Хэтчбек 3 дв.|2.0|механика|185|бензин|80ab4e727
Saab|900|II|1993|1998|Хэтчбек 3 дв.|2.3|автомат|150|бензин|80ab4e727
Saab|900|II|1993|1998|Хэтчбек 3 дв.|2.3|механика|150|бензин|80ab4e727
Saab|900|II|1993|1998|Хэтчбек 3 дв.|2.5|автомат|170|бензин|80ab4e727
Saab|900|II|1993|1998|Хэтчбек 3 дв.|2.5|механика|170|бензин|80ab4e727
Saab|900|II|1993|1998|Хэтчбек 5 дв.|2.0|автомат|131|бензин|32371eb8b
Saab|900|II|1993|1998|Хэтчбек 5 дв.|2.0|автомат|185|бензин|32371eb8b
Saab|900|II|1993|1998|Хэтчбек 5 дв.|2.0|механика|131|бензин|32371eb8b
Saab|900|II|1993|1998|Хэтчбек 5 дв.|2.0|механика|185|бензин|32371eb8b
Saab|900|II|1993|1998|Хэтчбек 5 дв.|2.3|автомат|150|бензин|32371eb8b
Saab|900|II|1993|1998|Хэтчбек 5 дв.|2.3|механика|150|бензин|32371eb8b
Saab|900|II|1993|1998|Хэтчбек 5 дв.|2.5|автомат|170|бензин|32371eb8b
Saab|900|II|1993|1998|Хэтчбек 5 дв.|2.5|механика|170|бензин|32371eb8b
Saab|900|I|1978|1994|Кабриолет|2.0|автомат|126|бензин|07a4bad68
Saab|900|I|1978|1994|Кабриолет|2.0|автомат|141|бензин|07a4bad68
Saab|900|I|1978|1994|Кабриолет|2.0|механика|126|бензин|07a4bad68
Saab|900|I|1978|1994|Кабриолет|2.0|механика|141|бензин|07a4bad68
Saab|900|I|1978|1994|Кабриолет|2.0|механика|160|бензин|07a4bad68
Saab|900|I|1978|1994|Кабриолет|2.0|механика|175|бензин|07a4bad68
Saab|900|I|1978|1994|Кабриолет|2.1|автомат|136|бензин|07a4bad68
Saab|900|I|1978|1994|Кабриолет|2.1|механика|136|бензин|07a4bad68
Saab|900|I|1978|1994|Седан 2 дв.|2.0|автомат|126|бензин|04485acca
Saab|900|I|1978|1994|Седан 2 дв.|2.0|механика|107|бензин|04485acca
Saab|900|I|1978|1994|Седан 2 дв.|2.0|механика|126|бензин|04485acca
Saab|900|I|1978|1994|Седан 2 дв.|2.0|механика|160|бензин|04485acca
Saab|900|I|1978|1994|Седан|2.0|автомат|126|бензин|bddae4bbe
Saab|900|I|1978|1994|Седан|2.0|автомат|141|бензин|bddae4bbe
Saab|900|I|1978|1994|Седан|2.0|механика|107|бензин|bddae4bbe
Saab|900|I|1978|1994|Седан|2.0|механика|118|бензин|bddae4bbe
Saab|900|I|1978|1994|Седан|2.0|механика|126|бензин|bddae4bbe
Saab|900|I|1978|1994|Седан|2.0|механика|141|бензин|bddae4bbe
Saab|900|I|1978|1994|Седан|2.0|механика|160|бензин|bddae4bbe
Saab|900|I|1978|1994|Седан|2.0|механика|175|бензин|bddae4bbe
Saab|900|I|1978|1994|Седан|2.1|автомат|136|бензин|bddae4bbe
Saab|900|I|1978|1994|Седан|2.1|механика|136|бензин|bddae4bbe
Saab|900|I|1978|1994|Хэтчбек 3 дв.|2.0|автомат|118|бензин|84cff8336
Saab|900|I|1978|1994|Хэтчбек 3 дв.|2.0|автомат|147|бензин|84cff8336
Saab|900|I|1978|1994|Хэтчбек 3 дв.|2.0|автомат|160|бензин|84cff8336
Saab|900|I|1978|1994|Хэтчбек 3 дв.|2.0|механика|100|бензин|84cff8336
Saab|900|I|1978|1994|Хэтчбек 3 дв.|2.0|механика|108|бензин|84cff8336
Saab|900|I|1978|1994|Хэтчбек 3 дв.|2.0|механика|118|бензин|84cff8336
Saab|900|I|1978|1994|Хэтчбек 3 дв.|2.0|механика|126|бензин|84cff8336
Saab|900|I|1978|1994|Хэтчбек 3 дв.|2.0|механика|141|бензин|84cff8336
Saab|900|I|1978|1994|Хэтчбек 3 дв.|2.0|механика|147|бензин|84cff8336
Saab|900|I|1978|1994|Хэтчбек 3 дв.|2.0|механика|160|бензин|84cff8336
Saab|900|I|1978|1994|Хэтчбек 3 дв.|2.0|механика|175|бензин|84cff8336
Saab|900|I|1978|1994|Хэтчбек 3 дв.|2.1|механика|136|бензин|84cff8336
Saab|900|I|1978|1994|Хэтчбек 5 дв.|2.0|автомат|100|бензин|9f1cac626
Saab|900|I|1978|1994|Хэтчбек 5 дв.|2.0|автомат|118|бензин|9f1cac626
Saab|900|I|1978|1994|Хэтчбек 5 дв.|2.0|механика|100|бензин|9f1cac626
Saab|900|I|1978|1994|Хэтчбек 5 дв.|2.0|механика|107|бензин|9f1cac626
Saab|900|I|1978|1994|Хэтчбек 5 дв.|2.0|механика|118|бензин|9f1cac626
Saab|900|I|1978|1994|Хэтчбек 5 дв.|2.0|механика|141|бензин|9f1cac626
Saab|900|I|1978|1994|Хэтчбек 5 дв.|2.0|механика|147|бензин|9f1cac626
Saab|900|I|1978|1994|Хэтчбек 5 дв.|2.0|механика|160|бензин|9f1cac626
Saab|90||1984|1987|Купе|2.0|механика|100|бензин|65dcffdae
Saab|93||1956|1960|Купе|0.8|механика|33|бензин|985ccb74f
Saab|95||1959|1978|Универсал 3 дв.|0.8|механика|38|бензин|72696db71
Saab|95||1959|1978|Универсал 3 дв.|1.5|механика|65|бензин|72696db71
Saab|95||1959|1978|Универсал 3 дв.|1.5|механика|68|бензин|72696db71
Saab|96||1960|1980|Купе|0.8|механика|38|бензин|b30447e6d
Saab|96||1960|1980|Купе|1.5|механика|63|бензин|b30447e6d
Saab|96||1960|1980|Купе|1.5|механика|65|бензин|b30447e6d
Saab|96||1960|1980|Купе|1.5|механика|68|бензин|b30447e6d
Saab|99||1967|1984|Седан 2 дв.|1.7|механика|81|бензин|1ebb48025
Saab|99||1967|1984|Седан 2 дв.|1.9|автомат|87|бензин|1ebb48025
Saab|99||1967|1984|Седан 2 дв.|1.9|механика|87|бензин|1ebb48025
Saab|99||1967|1984|Седан 2 дв.|1.9|механика|95|бензин|1ebb48025
Saab|99||1967|1984|Седан 2 дв.|2.0|автомат|100|бензин|1ebb48025
Saab|99||1967|1984|Седан 2 дв.|2.0|автомат|110|бензин|1ebb48025
Saab|99||1967|1984|Седан 2 дв.|2.0|автомат|120|бензин|1ebb48025
Saab|99||1967|1984|Седан 2 дв.|2.0|механика|100|бензин|1ebb48025
Saab|99||1967|1984|Седан 2 дв.|2.0|механика|110|бензин|1ebb48025
Saab|99||1967|1984|Седан 2 дв.|2.0|механика|120|бензин|1ebb48025
Saab|99||1967|1984|Седан 2 дв.|2.0|механика|145|бензин|1ebb48025
Saab|99||1967|1984|Седан 2 дв.|2.0|механика|95|бензин|1ebb48025
Saab|99||1967|1984|Седан|1.7|механика|81|бензин|cf7b8d85e
Saab|99||1967|1984|Седан|1.8|механика|87|бензин|cf7b8d85e
Saab|99||1967|1984|Седан|2.0|автомат|100|бензин|cf7b8d85e
Saab|99||1967|1984|Седан|2.0|механика|100|бензин|cf7b8d85e
Saab|99||1967|1984|Седан|2.0|механика|107|бензин|cf7b8d85e
Saab|99||1967|1984|Седан|2.0|механика|118|бензин|cf7b8d85e
Saab|99||1967|1984|Седан|2.0|механика|147|бензин|cf7b8d85e
Saab|99||1967|1984|Седан|2.0|механика|95|бензин|cf7b8d85e
Saab|99||1967|1984|Хэтчбек 3 дв.|2.0|механика|107|бензин|682947f1e
Saab|99||1967|1984|Хэтчбек 3 дв.|2.0|механика|147|бензин|682947f1e
Saab|Sonett|III|1970|1974|Купе|1.5|механика|55|бензин|61c9c4faf
Saab|Sonett|III|1970|1974|Купе|1.7|механика|65|бензин|61c9c4faf