Santana|PS-10||2007|2011|Внедорожник 3 дв.|2.8|механика|133|дизель|bd068ec94
Santana|PS-10||2007|2011|Внедорожник 3 дв.|3.0|механика|146|дизель|bd068ec94
Santana|PS-10||2007|2011|Внедорожник 3 дв.|3.0|механика|176|дизель|bd068ec94
Santana|PS-10||2007|2011|Внедорожник 5 дв.|2.8|механика|133|дизель|3be405093
Santana|PS-10||2007|2011|Внедорожник 5 дв.|3.0|механика|146|дизель|3be405093
Santana|PS-10||2007|2011|Внедорожник 5 дв.|3.0|механика|176|дизель|3be405093
Santana|PS-10||2007|2011|Пикап Одинарная кабина|2.8|механика|133|дизель|e54807591
Santana|PS-10||2007|2011|Пикап Одинарная кабина|3.0|механика|146|дизель|e54807591
Santana|PS-10||2007|2011|Пикап Одинарная кабина|3.0|механика|176|дизель|e54807591