Smart|Forfour|II|2014|н.в.|Хэтчбек 5 дв.|0.9|механика|90|бензин|9dd1f7ec6
Smart|Forfour|II|2014|н.в.|Хэтчбек 5 дв.|0.9|робот|109|бензин|9dd1f7ec6
Smart|Forfour|II|2014|н.в.|Хэтчбек 5 дв.|0.9|робот|90|бензин|9dd1f7ec6
Smart|Forfour|II|2014|н.в.|Хэтчбек 5 дв.|1.0|механика|61|бензин|9dd1f7ec6
Smart|Forfour|II|2014|н.в.|Хэтчбек 5 дв.|1.0|механика|71|бензин|9dd1f7ec6
Smart|Forfour|II|2014|н.в.|Хэтчбек 5 дв.|1.0|робот|71|бензин|9dd1f7ec6
Smart|Forfour|II|2014|н.в.|Хэтчбек 5 дв.||автомат|82|электро|9dd1f7ec6
Smart|Forfour|I|2004|2006|Хэтчбек 5 дв.|1.1|механика|64|бензин|da59106ad
Smart|Forfour|I|2004|2006|Хэтчбек 5 дв.|1.1|механика|75|бензин|da59106ad
Smart|Forfour|I|2004|2006|Хэтчбек 5 дв.|1.1|робот|75|бензин|da59106ad
Smart|Forfour|I|2004|2006|Хэтчбек 5 дв.|1.3|механика|95|бензин|da59106ad
Smart|Forfour|I|2004|2006|Хэтчбек 5 дв.|1.3|робот|95|бензин|da59106ad
Smart|Forfour|I|2004|2006|Хэтчбек 5 дв.|1.5|механика|109|бензин|da59106ad
Smart|Forfour|I|2004|2006|Хэтчбек 5 дв.|1.5|механика|177|бензин|da59106ad
Smart|Forfour|I|2004|2006|Хэтчбек 5 дв.|1.5|механика|68|дизель|da59106ad
Smart|Forfour|I|2004|2006|Хэтчбек 5 дв.|1.5|механика|95|дизель|da59106ad
Smart|Forfour|I|2004|2006|Хэтчбек 5 дв.|1.5|робот|109|бензин|da59106ad
Smart|Forfour|I|2004|2006|Хэтчбек 5 дв.|1.5|робот|68|дизель|da59106ad
Smart|Forfour|I|2004|2006|Хэтчбек 5 дв.|1.5|робот|95|дизель|da59106ad
Smart|Fortwo|I Рестайлинг|2003|2007|Кабриолет|0.7|робот|50|бензин|31febd308
Smart|Fortwo|I Рестайлинг|2003|2007|Кабриолет|0.7|робот|61|бензин|31febd308
Smart|Fortwo|I Рестайлинг|2003|2007|Кабриолет|0.7|робот|75|бензин|31febd308
Smart|Fortwo|I Рестайлинг|2003|2007|Кабриолет|0.8|робот|41|дизель|31febd308
Smart|Fortwo|I Рестайлинг|2003|2007|Хэтчбек 3 дв.|0.6|робот|45|бензин|644094faf
Smart|Fortwo|I Рестайлинг|2003|2007|Хэтчбек 3 дв.|0.7|робот|50|бензин|644094faf
Smart|Fortwo|I Рестайлинг|2003|2007|Хэтчбек 3 дв.|0.7|робот|61|бензин|644094faf
Smart|Fortwo|I Рестайлинг|2003|2007|Хэтчбек 3 дв.|0.7|робот|75|бензин|644094faf
Smart|Fortwo|I Рестайлинг|2003|2007|Хэтчбек 3 дв.|0.8|робот|41|дизель|644094faf
Smart|Fortwo|III|2014|н.в.|Кабриолет|0.9|механика|90|бензин|a4c345a17
Smart|Fortwo|III|2014|н.в.|Кабриолет|0.9|робот|109|бензин|a4c345a17
Smart|Fortwo|III|2014|н.в.|Кабриолет|0.9|робот|90|бензин|a4c345a17
Smart|Fortwo|III|2014|н.в.|Кабриолет|1.0|механика|71|бензин|a4c345a17
Smart|Fortwo|III|2014|н.в.|Кабриолет|1.0|робот|71|бензин|a4c345a17
Smart|Fortwo|III|2014|н.в.|Кабриолет||автомат|81|электро|a4c345a17
Smart|Fortwo|III|2014|н.в.|Хэтчбек 3 дв.|0.9|механика|90|бензин|0ca07c080
Smart|Fortwo|III|2014|н.в.|Хэтчбек 3 дв.|0.9|робот|109|бензин|0ca07c080
Smart|Fortwo|III|2014|н.в.|Хэтчбек 3 дв.|0.9|робот|90|бензин|0ca07c080
Smart|Fortwo|III|2014|н.в.|Хэтчбек 3 дв.|1.0|механика|61|бензин|0ca07c080
Smart|Fortwo|III|2014|н.в.|Хэтчбек 3 дв.|1.0|механика|71|бензин|0ca07c080
Smart|Fortwo|III|2014|н.в.|Хэтчбек 3 дв.|1.0|робот|71|бензин|0ca07c080
Smart|Fortwo|III|2014|н.в.|Хэтчбек 3 дв.||автомат|81|электро|0ca07c080
Smart|Fortwo|II|2007|2015|Кабриолет|0.8|робот|45|дизель|b047bdfbe
Smart|Fortwo|II|2007|2015|Кабриолет|0.8|робот|54|дизель|b047bdfbe
Smart|Fortwo|II|2007|2015|Кабриолет|1.0|робот|102|бензин|b047bdfbe
Smart|Fortwo|II|2007|2015|Кабриолет|1.0|робот|71|бензин|b047bdfbe
Smart|Fortwo|II|2007|2015|Кабриолет|1.0|робот|84|бензин|b047bdfbe
Smart|Fortwo|II|2007|2015|Кабриолет|1.0|робот|98|бензин|b047bdfbe
Smart|Fortwo|II|2007|2015|Кабриолет||автомат|75|электро|b047bdfbe
Smart|Fortwo|II|2007|2015|Хэтчбек 3 дв.|0.8|робот|45|дизель|b026b2f4f
Smart|Fortwo|II|2007|2015|Хэтчбек 3 дв.|0.8|робот|54|дизель|b026b2f4f
Smart|Fortwo|II|2007|2015|Хэтчбек 3 дв.|1.0|робот|102|бензин|b026b2f4f
Smart|Fortwo|II|2007|2015|Хэтчбек 3 дв.|1.0|робот|61|бензин|b026b2f4f
Smart|Fortwo|II|2007|2015|Хэтчбек 3 дв.|1.0|робот|71|бензин|b026b2f4f
Smart|Fortwo|II|2007|2015|Хэтчбек 3 дв.|1.0|робот|84|бензин|b026b2f4f
Smart|Fortwo|II|2007|2015|Хэтчбек 3 дв.|1.0|робот|98|бензин|b026b2f4f
Smart|Fortwo|II|2007|2015|Хэтчбек 3 дв.||автомат|75|электро|b026b2f4f
Smart|Fortwo|I|1998|2004|Кабриолет|0.6|робот|55|бензин|0654814d3
Smart|Fortwo|I|1998|2004|Кабриолет|0.6|робот|61|бензин|0654814d3
Smart|Fortwo|I|1998|2004|Кабриолет|0.7|робот|50|бензин|0654814d3
Smart|Fortwo|I|1998|2004|Кабриолет|0.7|робот|61|бензин|0654814d3
Smart|Fortwo|I|1998|2004|Кабриолет|0.7|робот|75|бензин|0654814d3
Smart|Fortwo|I|1998|2004|Кабриолет|0.8|робот|41|дизель|0654814d3
Smart|Fortwo|I|1998|2004|Спидстер Crossblade|0.6|робот|70|бензин|54c7b55ac
Smart|Fortwo|I|1998|2004|Хэтчбек 3 дв.|0.6|робот|45|бензин|6bcbfc8c1
Smart|Fortwo|I|1998|2004|Хэтчбек 3 дв.|0.6|робот|55|бензин|6bcbfc8c1
Smart|Fortwo|I|1998|2004|Хэтчбек 3 дв.|0.6|робот|61|бензин|6bcbfc8c1
Smart|Fortwo|I|1998|2004|Хэтчбек 3 дв.|0.7|робот|50|бензин|6bcbfc8c1
Smart|Fortwo|I|1998|2004|Хэтчбек 3 дв.|0.7|робот|61|бензин|6bcbfc8c1
Smart|Fortwo|I|1998|2004|Хэтчбек 3 дв.|0.7|робот|75|бензин|6bcbfc8c1
Smart|Fortwo|I|1998|2004|Хэтчбек 3 дв.|0.8|робот|41|дизель|6bcbfc8c1
Smart|Roadster||2002|2006|Родстер|0.7|робот|101|бензин|e3878ab1a
Smart|Roadster||2002|2006|Родстер|0.7|робот|61|бензин|e3878ab1a
Smart|Roadster||2002|2006|Родстер|0.7|робот|82|бензин|e3878ab1a