Subaru|1000|I|1965|1969|Седан 2 дв.|1.1|механика|60|бензин|0dfbe205b
Subaru|1000|I|1965|1969|Седан|1.1|механика|60|бензин|f93703171
Subaru|1000|I|1965|1969|Универсал 5 дв.|1.1|механика|60|бензин|40808b92d
Subaru|360||1958|1971|Купе|0.4|механика|16|бензин|00e13b43e
Subaru|Alcyone|II|1991|1996|Купе SVX|3.3|автомат|230|бензин|30df6cb79
Subaru|Alcyone|I|1985|1991|Купе|1.8|автомат|120|бензин|4c43de712
Subaru|Alcyone|I|1985|1991|Купе|1.8|автомат|135|бензин|4c43de712
Subaru|Alcyone|I|1985|1991|Купе|1.8|механика|120|бензин|4c43de712
Subaru|Alcyone|I|1985|1991|Купе|1.8|механика|135|бензин|4c43de712
Subaru|Alcyone|I|1985|1991|Купе|2.7|механика|150|бензин|4c43de712
Subaru|Ascent|I|2017|н.в.|Внедорожник 5 дв.|2.4|вариатор|260|бензин|82a2415c3
Subaru|BRZ|II|2020|н.в.|Купе|2.4|автомат|231|бензин|3b3dc50fa
Subaru|BRZ|II|2020|н.в.|Купе|2.4|механика|231|бензин|3b3dc50fa
Subaru|BRZ|I|2012|2020|Купе|2.0|автомат|200|бензин|7cba959ad
Subaru|BRZ|I|2012|2020|Купе|2.0|механика|200|бензин|7cba959ad
Subaru|Baja||2002|2006|Пикап Двойная кабина|2.5|автомат|165|бензин|8b2db54a3
Subaru|Baja||2002|2006|Пикап Двойная кабина|2.5|автомат|210|бензин|8b2db54a3
Subaru|Baja||2002|2006|Пикап Двойная кабина|2.5|механика|165|бензин|8b2db54a3
Subaru|Baja||2002|2006|Пикап Двойная кабина|2.5|механика|210|бензин|8b2db54a3
Subaru|Bighorn|II|1991|1992|Внедорожник 5 дв.|2.8|автомат|115|дизель|4d95d951f
Subaru|Bighorn|II|1991|1992|Внедорожник 5 дв.|2.8|механика|115|дизель|4d95d951f
Subaru|Bighorn|I|1990|1991|Внедорожник 5 дв.|2.8|механика|115|дизель|6ac49545c
Subaru|Bistro|I|1995|1998|Хэтчбек 5 дв.|0.7|вариатор|64|бензин|d18990bab
Subaru|Bistro|I|1995|1998|Хэтчбек 5 дв.|0.7|механика|64|бензин|d18990bab
Subaru|Brat|I|1978|1994|Пикап Одинарная кабина|1.6|автомат|67|бензин|11e383880
Subaru|Brat|I|1978|1994|Пикап Одинарная кабина|1.6|механика|67|бензин|11e383880
Subaru|Brat|I|1978|1994|Пикап Одинарная кабина|1.8|автомат|94|бензин|11e383880
Subaru|Brat|I|1978|1994|Пикап Одинарная кабина|1.8|механика|94|бензин|11e383880
Subaru|Dex||2008|2010|Хэтчбек 5 дв.|1.3|автомат|94|бензин|dadbf2b48
Subaru|Dias Wagon|II|2009|н.в.|Минивэн|0.7|автомат|64|бензин|b58770131
Subaru|Dias Wagon|I|2003|2009|Минивэн|0.7|автомат|48|бензин|182def3ab
Subaru|Dias Wagon|I|2003|2009|Минивэн|0.7|автомат|58|бензин|182def3ab
Subaru|Dias Wagon|I|2003|2009|Минивэн|0.7|механика|48|бензин|182def3ab
Subaru|Dias Wagon|I|2003|2009|Минивэн|0.7|механика|58|бензин|182def3ab
Subaru|Domingo|II|1994|1998|Микровэн|1.2|вариатор|61|бензин|77d554553
Subaru|Domingo|II|1994|1998|Микровэн|1.2|механика|61|бензин|77d554553
Subaru|Domingo|I|1983|1994|Микровэн|1.0|механика|48|бензин|37275c496
Subaru|Domingo|I|1983|1994|Микровэн|1.2|механика|52|бензин|37275c496
Subaru|Exiga||2008|2018|Универсал 5 дв. Crossover 7|2.5|вариатор|173|бензин|e105be64f
Subaru|Exiga||2008|2018|Универсал 5 дв.|2.0|автомат|148|бензин|629d6927c
Subaru|Exiga||2008|2018|Универсал 5 дв.|2.0|автомат|225|бензин|629d6927c
Subaru|Exiga||2008|2018|Универсал 5 дв.|2.0|вариатор|150|бензин|629d6927c
Subaru|Exiga||2008|2018|Универсал 5 дв.|2.5|вариатор|170|бензин|629d6927c
Subaru|Forester|I Рестайлинг|2000|2002|Универсал 5 дв.|2.0|автомат|125|бензин|646abe895
Subaru|Forester|I Рестайлинг|2000|2002|Универсал 5 дв.|2.0|автомат|137|бензин|646abe895
Subaru|Forester|I Рестайлинг|2000|2002|Универсал 5 дв.|2.0|автомат|170|бензин|646abe895
Subaru|Forester|I Рестайлинг|2000|2002|Универсал 5 дв.|2.0|автомат|241|бензин|646abe895
Subaru|Forester|I Рестайлинг|2000|2002|Универсал 5 дв.|2.0|автомат|250|бензин|646abe895
Subaru|Forester|I Рестайлинг|2000|2002|Универсал 5 дв.|2.0|механика|125|бензин|646abe895
Subaru|Forester|I Рестайлинг|2000|2002|Универсал 5 дв.|2.0|механика|137|бензин|646abe895
Subaru|Forester|I Рестайлинг|2000|2002|Универсал 5 дв.|2.0|механика|170|бензин|646abe895
Subaru|Forester|I Рестайлинг|2000|2002|Универсал 5 дв.|2.0|механика|241|бензин|646abe895
Subaru|Forester|I Рестайлинг|2000|2002|Универсал 5 дв.|2.0|механика|250|бензин|646abe895
Subaru|Forester|I Рестайлинг|2000|2002|Универсал 5 дв.|2.5|автомат|150|бензин|646abe895
Subaru|Forester|I Рестайлинг|2000|2002|Универсал 5 дв.|2.5|автомат|165|бензин|646abe895
Subaru|Forester|I Рестайлинг|2000|2002|Универсал 5 дв.|2.5|механика|150|бензин|646abe895
Subaru|Forester|I Рестайлинг|2000|2002|Универсал 5 дв.|2.5|механика|165|бензин|646abe895
Subaru|Forester|II Рестайлинг|2005|2008|Внедорожник 5 дв.|2.0|автомат|140|бензин|f419ecce6
Subaru|Forester|II Рестайлинг|2005|2008|Внедорожник 5 дв.|2.0|автомат|158|бензин|f419ecce6
Subaru|Forester|II Рестайлинг|2005|2008|Внедорожник 5 дв.|2.0|автомат|220|бензин|f419ecce6
Subaru|Forester|II Рестайлинг|2005|2008|Внедорожник 5 дв.|2.0|механика|140|бензин|f419ecce6
Subaru|Forester|II Рестайлинг|2005|2008|Внедорожник 5 дв.|2.0|механика|158|бензин|f419ecce6
Subaru|Forester|II Рестайлинг|2005|2008|Внедорожник 5 дв.|2.0|механика|220|бензин|f419ecce6
Subaru|Forester|II Рестайлинг|2005|2008|Внедорожник 5 дв.|2.5|автомат|173|бензин|f419ecce6
Subaru|Forester|II Рестайлинг|2005|2008|Внедорожник 5 дв.|2.5|автомат|230|бензин|f419ecce6
Subaru|Forester|II Рестайлинг|2005|2008|Внедорожник 5 дв.|2.5|механика|173|бензин|f419ecce6
Subaru|Forester|II Рестайлинг|2005|2008|Внедорожник 5 дв.|2.5|механика|230|бензин|f419ecce6
Subaru|Forester|II Рестайлинг|2005|2008|Внедорожник 5 дв.|2.5|механика|265|бензин|f419ecce6
Subaru|Forester|III Рестайлинг|2011|2013|Внедорожник 5 дв. tS|2.5|автомат|263|бензин|4ed40ae9a
Subaru|Forester|III Рестайлинг|2011|2013|Внедорожник 5 дв.|2.0|автомат|150|бензин|a80363508
Subaru|Forester|III Рестайлинг|2011|2013|Внедорожник 5 дв.|2.0|автомат|230|бензин|a80363508
Subaru|Forester|III Рестайлинг|2011|2013|Внедорожник 5 дв.|2.0|механика|147|дизель|a80363508
Subaru|Forester|III Рестайлинг|2011|2013|Внедорожник 5 дв.|2.0|механика|150|бензин|a80363508
Subaru|Forester|III Рестайлинг|2011|2013|Внедорожник 5 дв.|2.0|механика|230|бензин|a80363508
Subaru|Forester|III Рестайлинг|2011|2013|Внедорожник 5 дв.|2.5|автомат|172|бензин|a80363508
Subaru|Forester|III Рестайлинг|2011|2013|Внедорожник 5 дв.|2.5|автомат|230|бензин|a80363508
Subaru|Forester|III Рестайлинг|2011|2013|Внедорожник 5 дв.|2.5|автомат|263|бензин|a80363508
Subaru|Forester|III Рестайлинг|2011|2013|Внедорожник 5 дв.|2.5|механика|172|бензин|a80363508
Subaru|Forester|III Рестайлинг|2011|2013|Внедорожник 5 дв.|2.5|механика|230|бензин|a80363508
Subaru|Forester|III|2007|2011|Внедорожник 5 дв.|2.0|автомат|150|бензин|b0666d171
Subaru|Forester|III|2007|2011|Внедорожник 5 дв.|2.0|автомат|230|бензин|b0666d171
Subaru|Forester|III|2007|2011|Внедорожник 5 дв.|2.0|механика|147|дизель|b0666d171
Subaru|Forester|III|2007|2011|Внедорожник 5 дв.|2.0|механика|150|бензин|b0666d171
Subaru|Forester|III|2007|2011|Внедорожник 5 дв.|2.0|механика|230|бензин|b0666d171
Subaru|Forester|III|2007|2011|Внедорожник 5 дв.|2.5|автомат|173|бензин|b0666d171
Subaru|Forester|III|2007|2011|Внедорожник 5 дв.|2.5|автомат|230|бензин|b0666d171
Subaru|Forester|III|2007|2011|Внедорожник 5 дв.|2.5|механика|173|бензин|b0666d171
Subaru|Forester|III|2007|2011|Внедорожник 5 дв.|2.5|механика|230|бензин|b0666d171
Subaru|Forester|II|2002|2005|Внедорожник 5 дв.|2.0|автомат|125|бензин|4972b4517
Subaru|Forester|II|2002|2005|Внедорожник 5 дв.|2.0|автомат|140|бензин|4972b4517
Subaru|Forester|II|2002|2005|Внедорожник 5 дв.|2.0|автомат|177|бензин|4972b4517
Subaru|Forester|II|2002|2005|Внедорожник 5 дв.|2.0|автомат|220|бензин|4972b4517
Subaru|Forester|II|2002|2005|Внедорожник 5 дв.|2.0|механика|125|бензин|4972b4517
Subaru|Forester|II|2002|2005|Внедорожник 5 дв.|2.0|механика|140|бензин|4972b4517
Subaru|Forester|II|2002|2005|Внедорожник 5 дв.|2.0|механика|177|бензин|4972b4517
Subaru|Forester|II|2002|2005|Внедорожник 5 дв.|2.0|механика|220|бензин|4972b4517
Subaru|Forester|II|2002|2005|Внедорожник 5 дв.|2.5|автомат|152|бензин|4972b4517
Subaru|Forester|II|2002|2005|Внедорожник 5 дв.|2.5|автомат|165|бензин|4972b4517
Subaru|Forester|II|2002|2005|Внедорожник 5 дв.|2.5|автомат|211|бензин|4972b4517
Subaru|Forester|II|2002|2005|Внедорожник 5 дв.|2.5|автомат|230|бензин|4972b4517
Subaru|Forester|II|2002|2005|Внедорожник 5 дв.|2.5|механика|152|бензин|4972b4517
Subaru|Forester|II|2002|2005|Внедорожник 5 дв.|2.5|механика|165|бензин|4972b4517
Subaru|Forester|II|2002|2005|Внедорожник 5 дв.|2.5|механика|211|бензин|4972b4517
Subaru|Forester|II|2002|2005|Внедорожник 5 дв.|2.5|механика|230|бензин|4972b4517
Subaru|Forester|II|2002|2005|Внедорожник 5 дв.|2.5|механика|265|бензин|4972b4517
Subaru|Forester|IV Рестайлинг 2|2016|2018|Внедорожник 5 дв.|2.0|вариатор|147|дизель|f0feab2af
Subaru|Forester|IV Рестайлинг 2|2016|2018|Внедорожник 5 дв.|2.0|вариатор|150|бензин|f0feab2af
Subaru|Forester|IV Рестайлинг 2|2016|2018|Внедорожник 5 дв.|2.0|вариатор|241|бензин|f0feab2af
Subaru|Forester|IV Рестайлинг 2|2016|2018|Внедорожник 5 дв.|2.0|механика|147|дизель|f0feab2af
Subaru|Forester|IV Рестайлинг 2|2016|2018|Внедорожник 5 дв.|2.0|механика|150|бензин|f0feab2af
Subaru|Forester|IV Рестайлинг 2|2016|2018|Внедорожник 5 дв.|2.5|вариатор|171|бензин|f0feab2af
Subaru|Forester|IV Рестайлинг 2|2016|2018|Внедорожник 5 дв.|2.5|механика|171|бензин|f0feab2af
Subaru|Forester|IV Рестайлинг|2015|2016|Внедорожник 5 дв.|2.0|вариатор|150|бензин|2f31059ce
Subaru|Forester|IV Рестайлинг|2015|2016|Внедорожник 5 дв.|2.0|вариатор|241|бензин|2f31059ce
Subaru|Forester|IV Рестайлинг|2015|2016|Внедорожник 5 дв.|2.0|механика|148|дизель|2f31059ce
Subaru|Forester|IV Рестайлинг|2015|2016|Внедорожник 5 дв.|2.0|механика|150|бензин|2f31059ce
Subaru|Forester|IV Рестайлинг|2015|2016|Внедорожник 5 дв.|2.5|вариатор|171|бензин|2f31059ce
Subaru|Forester|IV|2012|2015|Внедорожник 5 дв.|2.0|вариатор|150|бензин|54ddf109e
Subaru|Forester|IV|2012|2015|Внедорожник 5 дв.|2.0|вариатор|241|бензин|54ddf109e
Subaru|Forester|IV|2012|2015|Внедорожник 5 дв.|2.0|вариатор|280|бензин|54ddf109e
Subaru|Forester|IV|2012|2015|Внедорожник 5 дв.|2.0|механика|147|дизель|54ddf109e
Subaru|Forester|IV|2012|2015|Внедорожник 5 дв.|2.0|механика|150|бензин|54ddf109e
Subaru|Forester|IV|2012|2015|Внедорожник 5 дв.|2.5|вариатор|171|бензин|54ddf109e
Subaru|Forester|IV|2012|2015|Внедорожник 5 дв.|2.5|вариатор|175|бензин|54ddf109e
Subaru|Forester|I|1997|2000|Универсал 5 дв.|2.0|автомат|122|бензин|12bb3b201
Subaru|Forester|I|1997|2000|Универсал 5 дв.|2.0|автомат|125|бензин|12bb3b201
Subaru|Forester|I|1997|2000|Универсал 5 дв.|2.0|автомат|138|бензин|12bb3b201
Subaru|Forester|I|1997|2000|Универсал 5 дв.|2.0|автомат|170|бензин|12bb3b201
Subaru|Forester|I|1997|2000|Универсал 5 дв.|2.0|автомат|177|бензин|12bb3b201
Subaru|Forester|I|1997|2000|Универсал 5 дв.|2.0|автомат|241|бензин|12bb3b201
Subaru|Forester|I|1997|2000|Универсал 5 дв.|2.0|автомат|250|бензин|12bb3b201
Subaru|Forester|I|1997|2000|Универсал 5 дв.|2.0|механика|122|бензин|12bb3b201
Subaru|Forester|I|1997|2000|Универсал 5 дв.|2.0|механика|125|бензин|12bb3b201
Subaru|Forester|I|1997|2000|Универсал 5 дв.|2.0|механика|138|бензин|12bb3b201
Subaru|Forester|I|1997|2000|Универсал 5 дв.|2.0|механика|170|бензин|12bb3b201
Subaru|Forester|I|1997|2000|Универсал 5 дв.|2.0|механика|177|бензин|12bb3b201
Subaru|Forester|I|1997|2000|Универсал 5 дв.|2.0|механика|241|бензин|12bb3b201
Subaru|Forester|I|1997|2000|Универсал 5 дв.|2.0|механика|250|бензин|12bb3b201
Subaru|Forester|I|1997|2000|Универсал 5 дв.|2.5|автомат|150|бензин|12bb3b201
Subaru|Forester|I|1997|2000|Универсал 5 дв.|2.5|автомат|165|бензин|12bb3b201
Subaru|Forester|I|1997|2000|Универсал 5 дв.|2.5|механика|150|бензин|12bb3b201
Subaru|Forester|I|1997|2000|Универсал 5 дв.|2.5|механика|165|бензин|12bb3b201
Subaru|Forester|V|2018|н.в.|Внедорожник 5 дв.|1.8|вариатор|177|бензин|641b0f52d
Subaru|Forester|V|2018|н.в.|Внедорожник 5 дв.|2.0|вариатор|145|гибрид|641b0f52d
Subaru|Forester|V|2018|н.в.|Внедорожник 5 дв.|2.0|вариатор|150|бензин|641b0f52d
Subaru|Forester|V|2018|н.в.|Внедорожник 5 дв.|2.5|вариатор|185|бензин|641b0f52d
Subaru|Impreza WRX STi|II Рестайлинг 1|2002|2005|Седан|2.0|механика|265|бензин|7074e7a47
Subaru|Impreza WRX STi|II Рестайлинг 1|2002|2005|Седан|2.0|механика|280|бензин|7074e7a47
Subaru|Impreza WRX STi|II Рестайлинг 1|2002|2005|Седан|2.5|механика|300|бензин|7074e7a47
Subaru|Impreza WRX STi|II Рестайлинг 2|2005|2007|Седан|2.0|механика|280|бензин|e0ef67801
Subaru|Impreza WRX STi|II Рестайлинг 2|2005|2007|Седан|2.5|механика|280|бензин|e0ef67801
Subaru|Impreza WRX STi|III|2007|2014|Седан|2.0|механика|308|бензин|b6bb50ae6
Subaru|Impreza WRX STi|III|2007|2014|Седан|2.5|автомат|300|бензин|b6bb50ae6
Subaru|Impreza WRX STi|III|2007|2014|Седан|2.5|механика|300|бензин|b6bb50ae6
Subaru|Impreza WRX STi|III|2007|2014|Хэтчбек 5 дв.|2.0|механика|308|бензин|18ba1b7e9
Subaru|Impreza WRX STi|III|2007|2014|Хэтчбек 5 дв.|2.5|автомат|300|бензин|18ba1b7e9
Subaru|Impreza WRX STi|III|2007|2014|Хэтчбек 5 дв.|2.5|механика|300|бензин|18ba1b7e9
Subaru|Impreza WRX STi|III|2007|2014|Хэтчбек 5 дв.|2.5|механика|330|бензин|18ba1b7e9
Subaru|Impreza WRX STi|III|2007|2014|Хэтчбек 5 дв.|2.5|механика|400|бензин|18ba1b7e9
Subaru|Impreza WRX STi|II|2000|2002|Седан|2.0|механика|265|бензин|3581d64c7
Subaru|Impreza WRX STi|II|2000|2002|Седан|2.0|механика|280|бензин|3581d64c7
Subaru|Impreza WRX STi|II|2000|2002|Универсал 5 дв.|2.0|механика|280|бензин|79a9db869
Subaru|Impreza WRX STi|I|1994|2000|Купе|2.0|механика|250|бензин|aeeb3b52d
Subaru|Impreza WRX STi|I|1994|2000|Купе|2.0|механика|275|бензин|aeeb3b52d
Subaru|Impreza WRX STi|I|1994|2000|Купе|2.0|механика|280|бензин|aeeb3b52d
Subaru|Impreza WRX STi|I|1994|2000|Седан|2.0|механика|250|бензин|960dd6ea9
Subaru|Impreza WRX STi|I|1994|2000|Седан|2.0|механика|275|бензин|960dd6ea9
Subaru|Impreza WRX STi|I|1994|2000|Седан|2.0|механика|280|бензин|960dd6ea9
Subaru|Impreza WRX STi|I|1994|2000|Седан|2.0|механика|300|бензин|960dd6ea9
Subaru|Impreza WRX STi|I|1994|2000|Универсал 5 дв.|2.0|механика|250|бензин|044d315f2
Subaru|Impreza WRX STi|I|1994|2000|Универсал 5 дв.|2.0|механика|260|бензин|044d315f2
Subaru|Impreza WRX STi|I|1994|2000|Универсал 5 дв.|2.0|механика|280|бензин|044d315f2
Subaru|Impreza WRX|II Рестайлинг 1|2002|2005|Седан|2.0|автомат|225|бензин|8ad413a02
Subaru|Impreza WRX|II Рестайлинг 1|2002|2005|Седан|2.0|автомат|250|бензин|8ad413a02
Subaru|Impreza WRX|II Рестайлинг 1|2002|2005|Седан|2.0|механика|225|бензин|8ad413a02
Subaru|Impreza WRX|II Рестайлинг 1|2002|2005|Седан|2.0|механика|250|бензин|8ad413a02
Subaru|Impreza WRX|II Рестайлинг 1|2002|2005|Универсал 5 дв.|2.0|автомат|225|бензин|536ce0794
Subaru|Impreza WRX|II Рестайлинг 1|2002|2005|Универсал 5 дв.|2.0|механика|225|бензин|536ce0794
Subaru|Impreza WRX|II Рестайлинг 2|2005|2007|Седан|2.5|механика|230|бензин|a6f83bce9
Subaru|Impreza WRX|II Рестайлинг 2|2005|2007|Универсал 5 дв.|2.5|механика|230|бензин|15163f6d2
Subaru|Impreza WRX|III Рестайлинг|2010|2014|Седан|2.5|механика|224|бензин|55545e76d
Subaru|Impreza WRX|III Рестайлинг|2010|2014|Седан|2.5|механика|265|бензин|55545e76d
Subaru|Impreza WRX|III Рестайлинг|2010|2014|Хэтчбек 5 дв.|2.5|автомат|224|бензин|e88a048e1
Subaru|Impreza WRX|III Рестайлинг|2010|2014|Хэтчбек 5 дв.|2.5|механика|224|бензин|e88a048e1
Subaru|Impreza WRX|III Рестайлинг|2010|2014|Хэтчбек 5 дв.|2.5|механика|230|бензин|e88a048e1
Subaru|Impreza WRX|III Рестайлинг|2010|2014|Хэтчбек 5 дв.|2.5|механика|265|бензин|e88a048e1
Subaru|Impreza WRX|III|2007|2010|Седан|2.5|механика|230|бензин|61e629346
Subaru|Impreza WRX|III|2007|2010|Седан|2.5|механика|265|бензин|61e629346
Subaru|Impreza WRX|III|2007|2010|Хэтчбек 5 дв.|2.5|механика|230|бензин|6c5ce15cd
Subaru|Impreza WRX|III|2007|2010|Хэтчбек 5 дв.|2.5|механика|265|бензин|6c5ce15cd
Subaru|Impreza WRX|II|2000|2002|Седан|2.0|автомат|218|бензин|9ba5acb4d
Subaru|Impreza WRX|II|2000|2002|Седан|2.0|механика|218|бензин|9ba5acb4d
Subaru|Impreza WRX|II|2000|2002|Седан|2.0|механика|225|бензин|9ba5acb4d
Subaru|Impreza WRX|II|2000|2002|Седан|2.0|механика|250|бензин|9ba5acb4d
Subaru|Impreza WRX|II|2000|2002|Универсал 5 дв.|2.0|автомат|218|бензин|4551056c1
Subaru|Impreza WRX|II|2000|2002|Универсал 5 дв.|2.0|автомат|225|бензин|4551056c1
Subaru|Impreza WRX|II|2000|2002|Универсал 5 дв.|2.0|автомат|250|бензин|4551056c1
Subaru|Impreza WRX|II|2000|2002|Универсал 5 дв.|2.0|механика|218|бензин|4551056c1
Subaru|Impreza WRX|II|2000|2002|Универсал 5 дв.|2.0|механика|225|бензин|4551056c1
Subaru|Impreza WRX|II|2000|2002|Универсал 5 дв.|2.0|механика|250|бензин|4551056c1
Subaru|Impreza WRX|I|1992|2000|Купе|2.0|автомат|280|бензин|49878a966
Subaru|Impreza WRX|I|1992|2000|Купе|2.0|механика|240|бензин|49878a966
Subaru|Impreza WRX|I|1992|2000|Купе|2.0|механика|260|бензин|49878a966
Subaru|Impreza WRX|I|1992|2000|Купе|2.0|механика|280|бензин|49878a966
Subaru|Impreza WRX|I|1992|2000|Седан|2.0|механика|211|бензин|35fee127c
Subaru|Impreza WRX|I|1992|2000|Седан|2.0|механика|218|бензин|35fee127c
Subaru|Impreza WRX|I|1992|2000|Седан|2.0|механика|240|бензин|35fee127c
Subaru|Impreza WRX|I|1992|2000|Седан|2.0|механика|250|бензин|35fee127c
Subaru|Impreza WRX|I|1992|2000|Седан|2.0|механика|260|бензин|35fee127c
Subaru|Impreza WRX|I|1992|2000|Седан|2.0|механика|280|бензин|35fee127c
Subaru|Impreza WRX|I|1992|2000|Универсал 5 дв.|2.0|автомат|218|бензин|0d6a84e0d
Subaru|Impreza WRX|I|1992|2000|Универсал 5 дв.|2.0|автомат|220|бензин|0d6a84e0d
Subaru|Impreza WRX|I|1992|2000|Универсал 5 дв.|2.0|автомат|240|бензин|0d6a84e0d
Subaru|Impreza WRX|I|1992|2000|Универсал 5 дв.|2.0|автомат|250|бензин|0d6a84e0d
Subaru|Impreza WRX|I|1992|2000|Универсал 5 дв.|2.0|механика|211|бензин|0d6a84e0d
Subaru|Impreza WRX|I|1992|2000|Универсал 5 дв.|2.0|механика|218|бензин|0d6a84e0d
Subaru|Impreza WRX|I|1992|2000|Универсал 5 дв.|2.0|механика|220|бензин|0d6a84e0d
Subaru|Impreza WRX|I|1992|2000|Универсал 5 дв.|2.0|механика|240|бензин|0d6a84e0d
Subaru|Impreza WRX|I|1992|2000|Универсал 5 дв.|2.0|механика|250|бензин|0d6a84e0d
Subaru|Impreza|II Рестайлинг 1|2002|2005|Седан|1.5|автомат|100|бензин|8c938975d
Subaru|Impreza|II Рестайлинг 1|2002|2005|Седан|1.5|механика|100|бензин|8c938975d
Subaru|Impreza|II Рестайлинг 1|2002|2005|Седан|1.6|автомат|95|бензин|8c938975d
Subaru|Impreza|II Рестайлинг 1|2002|2005|Седан|1.6|механика|95|бензин|8c938975d
Subaru|Impreza|II Рестайлинг 1|2002|2005|Седан|2.0|автомат|125|бензин|8c938975d
Subaru|Impreza|II Рестайлинг 1|2002|2005|Седан|2.0|автомат|155|бензин|8c938975d
Subaru|Impreza|II Рестайлинг 1|2002|2005|Седан|2.0|механика|125|бензин|8c938975d
Subaru|Impreza|II Рестайлинг 1|2002|2005|Седан|2.0|механика|155|бензин|8c938975d
Subaru|Impreza|II Рестайлинг 1|2002|2005|Седан|2.5|автомат|167|бензин|8c938975d
Subaru|Impreza|II Рестайлинг 1|2002|2005|Седан|2.5|механика|167|бензин|8c938975d
Subaru|Impreza|II Рестайлинг 1|2002|2005|Универсал 5 дв.|1.5|автомат|100|бензин|fde1aba0f
Subaru|Impreza|II Рестайлинг 1|2002|2005|Универсал 5 дв.|1.5|механика|100|бензин|fde1aba0f
Subaru|Impreza|II Рестайлинг 1|2002|2005|Универсал 5 дв.|1.6|автомат|95|бензин|fde1aba0f
Subaru|Impreza|II Рестайлинг 1|2002|2005|Универсал 5 дв.|1.6|механика|95|бензин|fde1aba0f
Subaru|Impreza|II Рестайлинг 1|2002|2005|Универсал 5 дв.|2.0|автомат|125|бензин|fde1aba0f
Subaru|Impreza|II Рестайлинг 1|2002|2005|Универсал 5 дв.|2.0|автомат|155|бензин|fde1aba0f
Subaru|Impreza|II Рестайлинг 1|2002|2005|Универсал 5 дв.|2.0|механика|125|бензин|fde1aba0f
Subaru|Impreza|II Рестайлинг 1|2002|2005|Универсал 5 дв.|2.0|механика|155|бензин|fde1aba0f
Subaru|Impreza|II Рестайлинг 1|2002|2005|Универсал 5 дв.|2.5|автомат|165|бензин|fde1aba0f
Subaru|Impreza|II Рестайлинг 1|2002|2005|Универсал 5 дв.|2.5|механика|165|бензин|fde1aba0f
Subaru|Impreza|II Рестайлинг 2|2005|2007|Седан|1.5|автомат|100|бензин|d61105743
Subaru|Impreza|II Рестайлинг 2|2005|2007|Седан|1.5|автомат|105|бензин|d61105743
Subaru|Impreza|II Рестайлинг 2|2005|2007|Седан|1.5|механика|100|бензин|d61105743
Subaru|Impreza|II Рестайлинг 2|2005|2007|Седан|1.5|механика|105|бензин|d61105743
Subaru|Impreza|II Рестайлинг 2|2005|2007|Седан|2.0|автомат|160|бензин|d61105743
Subaru|Impreza|II Рестайлинг 2|2005|2007|Седан|2.0|механика|160|бензин|d61105743
Subaru|Impreza|II Рестайлинг 2|2005|2007|Седан|2.5|автомат|175|бензин|d61105743
Subaru|Impreza|II Рестайлинг 2|2005|2007|Седан|2.5|механика|175|бензин|d61105743
Subaru|Impreza|II Рестайлинг 2|2005|2007|Универсал 5 дв.|1.5|автомат|100|бензин|143e8d6ce
Subaru|Impreza|II Рестайлинг 2|2005|2007|Универсал 5 дв.|1.5|автомат|105|бензин|143e8d6ce
Subaru|Impreza|II Рестайлинг 2|2005|2007|Универсал 5 дв.|1.5|механика|100|бензин|143e8d6ce
Subaru|Impreza|II Рестайлинг 2|2005|2007|Универсал 5 дв.|1.5|механика|105|бензин|143e8d6ce
Subaru|Impreza|II Рестайлинг 2|2005|2007|Универсал 5 дв.|2.0|автомат|160|бензин|143e8d6ce
Subaru|Impreza|II Рестайлинг 2|2005|2007|Универсал 5 дв.|2.0|механика|160|бензин|143e8d6ce
Subaru|Impreza|II Рестайлинг 2|2005|2007|Универсал 5 дв.|2.5|автомат|173|бензин|143e8d6ce
Subaru|Impreza|II Рестайлинг 2|2005|2007|Универсал 5 дв.|2.5|механика|173|бензин|143e8d6ce
Subaru|Impreza|III|2007|2011|Седан|1.5|автомат|107|бензин|0243ad889
Subaru|Impreza|III|2007|2011|Седан|1.5|механика|107|бензин|0243ad889
Subaru|Impreza|III|2007|2011|Седан|2.0|автомат|140|бензин|0243ad889
Subaru|Impreza|III|2007|2011|Седан|2.0|автомат|150|бензин|0243ad889
Subaru|Impreza|III|2007|2011|Седан|2.0|механика|150|бензин|0243ad889
Subaru|Impreza|III|2007|2011|Седан|2.5|автомат|170|бензин|0243ad889
Subaru|Impreza|III|2007|2011|Седан|2.5|механика|170|бензин|0243ad889
Subaru|Impreza|III|2007|2011|Хэтчбек 5 дв. XV|1.5|автомат|110|бензин|7407ea7ff
Subaru|Impreza|III|2007|2011|Хэтчбек 5 дв. XV|1.5|механика|110|бензин|7407ea7ff
Subaru|Impreza|III|2007|2011|Хэтчбек 5 дв. XV|2.0|автомат|140|бензин|7407ea7ff
Subaru|Impreza|III|2007|2011|Хэтчбек 5 дв. XV|2.0|автомат|150|бензин|7407ea7ff
Subaru|Impreza|III|2007|2011|Хэтчбек 5 дв. XV|2.0|механика|150|бензин|7407ea7ff
Subaru|Impreza|III|2007|2011|Хэтчбек 5 дв.|1.5|автомат|107|бензин|1aacf5ba8
Subaru|Impreza|III|2007|2011|Хэтчбек 5 дв.|1.5|автомат|110|бензин|1aacf5ba8
Subaru|Impreza|III|2007|2011|Хэтчбек 5 дв.|1.5|механика|107|бензин|1aacf5ba8
Subaru|Impreza|III|2007|2011|Хэтчбек 5 дв.|1.5|механика|110|бензин|1aacf5ba8
Subaru|Impreza|III|2007|2011|Хэтчбек 5 дв.|2.0|автомат|140|бензин|1aacf5ba8
Subaru|Impreza|III|2007|2011|Хэтчбек 5 дв.|2.0|автомат|150|бензин|1aacf5ba8
Subaru|Impreza|III|2007|2011|Хэтчбек 5 дв.|2.0|автомат|250|бензин|1aacf5ba8
Subaru|Impreza|III|2007|2011|Хэтчбек 5 дв.|2.0|механика|150|бензин|1aacf5ba8
Subaru|Impreza|III|2007|2011|Хэтчбек 5 дв.|2.0|механика|250|бензин|1aacf5ba8
Subaru|Impreza|III|2007|2011|Хэтчбек 5 дв.|2.5|автомат|170|бензин|1aacf5ba8
Subaru|Impreza|III|2007|2011|Хэтчбек 5 дв.|2.5|механика|170|бензин|1aacf5ba8
Subaru|Impreza|II|2000|2002|Седан|1.5|автомат|100|бензин|d27d89f04
Subaru|Impreza|II|2000|2002|Седан|1.5|механика|100|бензин|d27d89f04
Subaru|Impreza|II|2000|2002|Седан|1.6|автомат|95|бензин|d27d89f04
Subaru|Impreza|II|2000|2002|Седан|1.6|механика|95|бензин|d27d89f04
Subaru|Impreza|II|2000|2002|Седан|2.0|автомат|125|бензин|d27d89f04
Subaru|Impreza|II|2000|2002|Седан|2.0|автомат|155|бензин|d27d89f04
Subaru|Impreza|II|2000|2002|Седан|2.0|механика|125|бензин|d27d89f04
Subaru|Impreza|II|2000|2002|Седан|2.0|механика|155|бензин|d27d89f04
Subaru|Impreza|II|2000|2002|Седан|2.5|автомат|167|бензин|d27d89f04
Subaru|Impreza|II|2000|2002|Седан|2.5|механика|167|бензин|d27d89f04
Subaru|Impreza|II|2000|2002|Универсал 5 дв.|1.5|автомат|100|бензин|1075e86be
Subaru|Impreza|II|2000|2002|Универсал 5 дв.|1.5|механика|100|бензин|1075e86be
Subaru|Impreza|II|2000|2002|Универсал 5 дв.|1.6|автомат|95|бензин|1075e86be
Subaru|Impreza|II|2000|2002|Универсал 5 дв.|1.6|механика|95|бензин|1075e86be
Subaru|Impreza|II|2000|2002|Универсал 5 дв.|2.0|автомат|125|бензин|1075e86be
Subaru|Impreza|II|2000|2002|Универсал 5 дв.|2.0|автомат|155|бензин|1075e86be
Subaru|Impreza|II|2000|2002|Универсал 5 дв.|2.0|механика|125|бензин|1075e86be
Subaru|Impreza|II|2000|2002|Универсал 5 дв.|2.0|механика|155|бензин|1075e86be
Subaru|Impreza|II|2000|2002|Универсал 5 дв.|2.5|автомат|167|бензин|1075e86be
Subaru|Impreza|II|2000|2002|Универсал 5 дв.|2.5|механика|167|бензин|1075e86be
Subaru|Impreza|IV Рестайлинг|2014|2016|Седан|1.6|вариатор|114|бензин|3075ee214
Subaru|Impreza|IV Рестайлинг|2014|2016|Седан|2.0|вариатор|150|бензин|3075ee214
Subaru|Impreza|IV Рестайлинг|2014|2016|Седан|2.0|механика|150|бензин|3075ee214
Subaru|Impreza|IV Рестайлинг|2014|2016|Хэтчбек 5 дв.|1.6|вариатор|114|бензин|a4ea89508
Subaru|Impreza|IV Рестайлинг|2014|2016|Хэтчбек 5 дв.|1.6|механика|114|бензин|a4ea89508
Subaru|Impreza|IV Рестайлинг|2014|2016|Хэтчбек 5 дв.|2.0|вариатор|150|бензин|a4ea89508
Subaru|Impreza|IV Рестайлинг|2014|2016|Хэтчбек 5 дв.|2.0|вариатор|150|гибрид|a4ea89508
Subaru|Impreza|IV Рестайлинг|2014|2016|Хэтчбек 5 дв.|2.0|механика|150|бензин|a4ea89508
Subaru|Impreza|IV|2011|2015|Седан|1.6|вариатор|114|бензин|b287df070
Subaru|Impreza|IV|2011|2015|Седан|1.6|механика|114|бензин|b287df070
Subaru|Impreza|IV|2011|2015|Седан|2.0|вариатор|150|бензин|b287df070
Subaru|Impreza|IV|2011|2015|Седан|2.0|механика|150|бензин|b287df070
Subaru|Impreza|IV|2011|2015|Хэтчбек 5 дв.|1.6|вариатор|114|бензин|01cadfcc6
Subaru|Impreza|IV|2011|2015|Хэтчбек 5 дв.|1.6|механика|114|бензин|01cadfcc6
Subaru|Impreza|IV|2011|2015|Хэтчбек 5 дв.|2.0|вариатор|150|бензин|01cadfcc6
Subaru|Impreza|IV|2011|2015|Хэтчбек 5 дв.|2.0|механика|150|бензин|01cadfcc6
Subaru|Impreza|I|1992|2000|Купе|1.5|автомат|97|бензин|0c83f9b1d
Subaru|Impreza|I|1992|2000|Купе|1.5|механика|97|бензин|0c83f9b1d
Subaru|Impreza|I|1992|2000|Купе|1.6|автомат|100|бензин|0c83f9b1d
Subaru|Impreza|I|1992|2000|Купе|1.6|автомат|90|бензин|0c83f9b1d
Subaru|Impreza|I|1992|2000|Купе|1.6|механика|100|бензин|0c83f9b1d
Subaru|Impreza|I|1992|2000|Купе|1.6|механика|90|бензин|0c83f9b1d
Subaru|Impreza|I|1992|2000|Купе|2.0|механика|115|бензин|0c83f9b1d
Subaru|Impreza|I|1992|2000|Купе|2.0|механика|211|бензин|0c83f9b1d
Subaru|Impreza|I|1992|2000|Купе|2.2|автомат|135|бензин|0c83f9b1d
Subaru|Impreza|I|1992|2000|Купе|2.2|механика|135|бензин|0c83f9b1d
Subaru|Impreza|I|1992|2000|Купе|2.5|автомат|167|бензин|0c83f9b1d
Subaru|Impreza|I|1992|2000|Купе|2.5|механика|167|бензин|0c83f9b1d
Subaru|Impreza|I|1992|2000|Седан|1.5|автомат|100|бензин|cd8c93434
Subaru|Impreza|I|1992|2000|Седан|1.5|автомат|102|бензин|cd8c93434
Subaru|Impreza|I|1992|2000|Седан|1.5|автомат|95|бензин|cd8c93434
Subaru|Impreza|I|1992|2000|Седан|1.5|автомат|97|бензин|cd8c93434
Subaru|Impreza|I|1992|2000|Седан|1.5|механика|100|бензин|cd8c93434
Subaru|Impreza|I|1992|2000|Седан|1.5|механика|102|бензин|cd8c93434
Subaru|Impreza|I|1992|2000|Седан|1.5|механика|95|бензин|cd8c93434
Subaru|Impreza|I|1992|2000|Седан|1.5|механика|97|бензин|cd8c93434
Subaru|Impreza|I|1992|2000|Седан|1.6|автомат|100|бензин|cd8c93434
Subaru|Impreza|I|1992|2000|Седан|1.6|автомат|90|бензин|cd8c93434
Subaru|Impreza|I|1992|2000|Седан|1.6|механика|100|бензин|cd8c93434
Subaru|Impreza|I|1992|2000|Седан|1.6|механика|90|бензин|cd8c93434
Subaru|Impreza|I|1992|2000|Седан|1.6|механика|95|бензин|cd8c93434
Subaru|Impreza|I|1992|2000|Седан|1.8|автомат|103|бензин|cd8c93434
Subaru|Impreza|I|1992|2000|Седан|1.8|механика|103|бензин|cd8c93434
Subaru|Impreza|I|1992|2000|Седан|2.0|автомат|115|бензин|cd8c93434
Subaru|Impreza|I|1992|2000|Седан|2.0|автомат|125|бензин|cd8c93434
Subaru|Impreza|I|1992|2000|Седан|2.0|автомат|135|бензин|cd8c93434
Subaru|Impreza|I|1992|2000|Седан|2.0|автомат|140|бензин|cd8c93434
Subaru|Impreza|I|1992|2000|Седан|2.0|автомат|155|бензин|cd8c93434
Subaru|Impreza|I|1992|2000|Седан|2.0|механика|115|бензин|cd8c93434
Subaru|Impreza|I|1992|2000|Седан|2.0|механика|125|бензин|cd8c93434
Subaru|Impreza|I|1992|2000|Седан|2.0|механика|135|бензин|cd8c93434
Subaru|Impreza|I|1992|2000|Седан|2.0|механика|140|бензин|cd8c93434
Subaru|Impreza|I|1992|2000|Седан|2.0|механика|155|бензин|cd8c93434
Subaru|Impreza|I|1992|2000|Седан|2.2|автомат|143|бензин|cd8c93434
Subaru|Impreza|I|1992|2000|Универсал 5 дв.|1.5|автомат|102|бензин|5580e2c03
Subaru|Impreza|I|1992|2000|Универсал 5 дв.|1.5|автомат|95|бензин|5580e2c03
Subaru|Impreza|I|1992|2000|Универсал 5 дв.|1.5|автомат|97|бензин|5580e2c03
Subaru|Impreza|I|1992|2000|Универсал 5 дв.|1.5|механика|102|бензин|5580e2c03
Subaru|Impreza|I|1992|2000|Универсал 5 дв.|1.5|механика|95|бензин|5580e2c03
Subaru|Impreza|I|1992|2000|Универсал 5 дв.|1.5|механика|97|бензин|5580e2c03
Subaru|Impreza|I|1992|2000|Универсал 5 дв.|1.6|автомат|100|бензин|5580e2c03
Subaru|Impreza|I|1992|2000|Универсал 5 дв.|1.6|автомат|90|бензин|5580e2c03
Subaru|Impreza|I|1992|2000|Универсал 5 дв.|1.6|механика|100|бензин|5580e2c03
Subaru|Impreza|I|1992|2000|Универсал 5 дв.|1.6|механика|90|бензин|5580e2c03
Subaru|Impreza|I|1992|2000|Универсал 5 дв.|1.6|механика|95|бензин|5580e2c03
Subaru|Impreza|I|1992|2000|Универсал 5 дв.|1.8|автомат|103|бензин|5580e2c03
Subaru|Impreza|I|1992|2000|Универсал 5 дв.|1.8|автомат|115|бензин|5580e2c03
Subaru|Impreza|I|1992|2000|Универсал 5 дв.|1.8|автомат|120|бензин|5580e2c03
Subaru|Impreza|I|1992|2000|Универсал 5 дв.|1.8|механика|103|бензин|5580e2c03
Subaru|Impreza|I|1992|2000|Универсал 5 дв.|1.8|механика|115|бензин|5580e2c03
Subaru|Impreza|I|1992|2000|Универсал 5 дв.|1.8|механика|120|бензин|5580e2c03
Subaru|Impreza|I|1992|2000|Универсал 5 дв.|2.0|автомат|115|бензин|5580e2c03
Subaru|Impreza|I|1992|2000|Универсал 5 дв.|2.0|автомат|135|бензин|5580e2c03
Subaru|Impreza|I|1992|2000|Универсал 5 дв.|2.0|автомат|155|бензин|5580e2c03
Subaru|Impreza|I|1992|2000|Универсал 5 дв.|2.0|механика|115|бензин|5580e2c03
Subaru|Impreza|I|1992|2000|Универсал 5 дв.|2.0|механика|125|бензин|5580e2c03
Subaru|Impreza|I|1992|2000|Универсал 5 дв.|2.0|механика|135|бензин|5580e2c03
Subaru|Impreza|I|1992|2000|Универсал 5 дв.|2.0|механика|155|бензин|5580e2c03
Subaru|Impreza|I|1992|2000|Универсал 5 дв.|2.0|механика|211|бензин|5580e2c03
Subaru|Impreza|I|1992|2000|Универсал 5 дв.|2.2|автомат|142|бензин|5580e2c03
Subaru|Impreza|I|1992|2000|Универсал 5 дв.|2.2|механика|137|бензин|5580e2c03
Subaru|Impreza|I|1992|2000|Универсал 5 дв.|2.2|механика|142|бензин|5580e2c03
Subaru|Impreza|V|2016|н.в.|Седан|1.6|вариатор|115|бензин|aa2a3a109
Subaru|Impreza|V|2016|н.в.|Седан|2.0|вариатор|152|бензин|aa2a3a109
Subaru|Impreza|V|2016|н.в.|Седан|2.0|вариатор|154|бензин|aa2a3a109
Subaru|Impreza|V|2016|н.в.|Хэтчбек 5 дв.|1.6|вариатор|115|бензин|ae7478838
Subaru|Impreza|V|2016|н.в.|Хэтчбек 5 дв.|2.0|вариатор|152|бензин|ae7478838
Subaru|Impreza|V|2016|н.в.|Хэтчбек 5 дв.|2.0|вариатор|154|бензин|ae7478838
Subaru|Justy|I Рестайлинг|1987|1995|Хэтчбек 3 дв.|1.0|механика|50|бензин|7bf1b1616
Subaru|Justy|I Рестайлинг|1987|1995|Хэтчбек 3 дв.|1.2|механика|74|бензин|7bf1b1616
Subaru|Justy|I Рестайлинг|1987|1995|Хэтчбек 5 дв.|1.0|механика|50|бензин|da3f17029
Subaru|Justy|I Рестайлинг|1987|1995|Хэтчбек 5 дв.|1.2|механика|67|бензин|da3f17029
Subaru|Justy|I Рестайлинг|1987|1995|Хэтчбек 5 дв.|1.2|механика|74|бензин|da3f17029
Subaru|Justy|III|2003|2007|Хэтчбек 5 дв.|1.3|механика|69|дизель|d044138ea
Subaru|Justy|III|2003|2007|Хэтчбек 5 дв.|1.3|механика|94|бензин|d044138ea
Subaru|Justy|III|2003|2007|Хэтчбек 5 дв.|1.5|механика|99|бензин|d044138ea
Subaru|Justy|II|1995|2003|Хэтчбек 3 дв.|1.3|механика|68|бензин|58ed2c818
Subaru|Justy|II|1995|2003|Хэтчбек 3 дв.|1.3|механика|85|бензин|58ed2c818
Subaru|Justy|II|1995|2003|Хэтчбек 5 дв.|1.3|механика|68|бензин|56a07ea1f
Subaru|Justy|II|1995|2003|Хэтчбек 5 дв.|1.3|механика|85|бензин|56a07ea1f
Subaru|Justy|IV|2007|2011|Хэтчбек 5 дв.|1.0|механика|70|бензин|b4402fbc6
Subaru|Justy|I|1984|1991|Хэтчбек 3 дв.|1.0|механика|55|бензин|ed89e41af
Subaru|Justy|I|1984|1991|Хэтчбек 3 дв.|1.2|вариатор|73|бензин|ed89e41af
Subaru|Justy|I|1984|1991|Хэтчбек 3 дв.|1.2|механика|73|бензин|ed89e41af
Subaru|Justy|I|1984|1991|Хэтчбек 5 дв.|1.0|механика|55|бензин|193f57c6a
Subaru|Justy|I|1984|1991|Хэтчбек 5 дв.|1.2|вариатор|67|бензин|193f57c6a
Subaru|Justy|I|1984|1991|Хэтчбек 5 дв.|1.2|механика|61|бензин|193f57c6a
Subaru|Justy|V|2016|н.в.|Микровэн|1.0|вариатор|69|бензин|1e5d11e27
Subaru|Justy|V|2016|н.в.|Микровэн|1.0|вариатор|98|бензин|1e5d11e27
Subaru|Legacy Lancaster|II Рестайлинг|2001|2003|Универсал 5 дв.|2.5|автомат|170|бензин|b62be2313
Subaru|Legacy Lancaster|II Рестайлинг|2001|2003|Универсал 5 дв.|2.5|механика|170|бензин|b62be2313
Subaru|Legacy Lancaster|II Рестайлинг|2001|2003|Универсал 5 дв.|3.0|автомат|220|бензин|b62be2313
Subaru|Legacy Lancaster|II|1998|2001|Универсал 5 дв.|2.5|автомат|167|бензин|df1d48c76
Subaru|Legacy Lancaster|II|1998|2001|Универсал 5 дв.|2.5|механика|167|бензин|df1d48c76
Subaru|Legacy Lancaster|II|1998|2001|Универсал 5 дв.|3.0|автомат|220|бензин|df1d48c76
Subaru|Legacy Lancaster|I|1995|1998|Универсал 5 дв.|2.5|автомат|160|бензин|e9e6052bb
Subaru|Legacy Lancaster|I|1995|1998|Универсал 5 дв.|2.5|автомат|175|бензин|e9e6052bb
Subaru|Legacy Lancaster|I|1995|1998|Универсал 5 дв.|2.5|механика|175|бензин|e9e6052bb
Subaru|Legacy|III|1998|2004|Седан|2.0|автомат|125|бензин|3be91a6ba
Subaru|Legacy|III|1998|2004|Седан|2.0|автомат|137|бензин|3be91a6ba
Subaru|Legacy|III|1998|2004|Седан|2.0|автомат|155|бензин|3be91a6ba
Subaru|Legacy|III|1998|2004|Седан|2.0|автомат|260|бензин|3be91a6ba
Subaru|Legacy|III|1998|2004|Седан|2.0|механика|125|бензин|3be91a6ba
Subaru|Legacy|III|1998|2004|Седан|2.0|механика|137|бензин|3be91a6ba
Subaru|Legacy|III|1998|2004|Седан|2.0|механика|155|бензин|3be91a6ba
Subaru|Legacy|III|1998|2004|Седан|2.0|механика|280|бензин|3be91a6ba
Subaru|Legacy|III|1998|2004|Седан|2.5|автомат|156|бензин|3be91a6ba
Subaru|Legacy|III|1998|2004|Седан|2.5|автомат|167|бензин|3be91a6ba
Subaru|Legacy|III|1998|2004|Седан|2.5|автомат|170|бензин|3be91a6ba
Subaru|Legacy|III|1998|2004|Седан|2.5|механика|156|бензин|3be91a6ba
Subaru|Legacy|III|1998|2004|Седан|2.5|механика|167|бензин|3be91a6ba
Subaru|Legacy|III|1998|2004|Седан|3.0|автомат|220|бензин|3be91a6ba
Subaru|Legacy|III|1998|2004|Универсал 5 дв.|2.0|автомат|125|бензин|301823332
Subaru|Legacy|III|1998|2004|Универсал 5 дв.|2.0|автомат|137|бензин|301823332
Subaru|Legacy|III|1998|2004|Универсал 5 дв.|2.0|автомат|155|бензин|301823332
Subaru|Legacy|III|1998|2004|Универсал 5 дв.|2.0|автомат|260|бензин|301823332
Subaru|Legacy|III|1998|2004|Универсал 5 дв.|2.0|механика|125|бензин|301823332
Subaru|Legacy|III|1998|2004|Универсал 5 дв.|2.0|механика|137|бензин|301823332
Subaru|Legacy|III|1998|2004|Универсал 5 дв.|2.0|механика|155|бензин|301823332
Subaru|Legacy|III|1998|2004|Универсал 5 дв.|2.0|механика|280|бензин|301823332
Subaru|Legacy|III|1998|2004|Универсал 5 дв.|2.5|автомат|156|бензин|301823332
Subaru|Legacy|III|1998|2004|Универсал 5 дв.|2.5|автомат|167|бензин|301823332
Subaru|Legacy|III|1998|2004|Универсал 5 дв.|2.5|автомат|170|бензин|301823332
Subaru|Legacy|III|1998|2004|Универсал 5 дв.|2.5|механика|156|бензин|301823332
Subaru|Legacy|III|1998|2004|Универсал 5 дв.|2.5|механика|167|бензин|301823332
Subaru|Legacy|III|1998|2004|Универсал 5 дв.|2.5|механика|170|бензин|301823332
Subaru|Legacy|III|1998|2004|Универсал 5 дв.|3.0|автомат|220|бензин|301823332
Subaru|Legacy|II|1993|1999|Седан|1.8|автомат|115|бензин|4b5ada673
Subaru|Legacy|II|1993|1999|Седан|1.8|автомат|120|бензин|4b5ada673
Subaru|Legacy|II|1993|1999|Седан|1.8|механика|115|бензин|4b5ada673
Subaru|Legacy|II|1993|1999|Седан|1.8|механика|120|бензин|4b5ada673
Subaru|Legacy|II|1993|1999|Седан|2.0|автомат|115|бензин|4b5ada673
Subaru|Legacy|II|1993|1999|Седан|2.0|автомат|135|бензин|4b5ada673
Subaru|Legacy|II|1993|1999|Седан|2.0|автомат|150|бензин|4b5ada673
Subaru|Legacy|II|1993|1999|Седан|2.0|автомат|155|бензин|4b5ada673
Subaru|Legacy|II|1993|1999|Седан|2.0|автомат|250|бензин|4b5ada673
Subaru|Legacy|II|1993|1999|Седан|2.0|автомат|260|бензин|4b5ada673
Subaru|Legacy|II|1993|1999|Седан|2.0|автомат|280|бензин|4b5ada673
Subaru|Legacy|II|1993|1999|Седан|2.0|механика|115|бензин|4b5ada673
Subaru|Legacy|II|1993|1999|Седан|2.0|механика|135|бензин|4b5ada673
Subaru|Legacy|II|1993|1999|Седан|2.0|механика|155|бензин|4b5ada673
Subaru|Legacy|II|1993|1999|Седан|2.0|механика|200|бензин|4b5ada673
Subaru|Legacy|II|1993|1999|Седан|2.0|механика|250|бензин|4b5ada673
Subaru|Legacy|II|1993|1999|Седан|2.0|механика|280|бензин|4b5ada673
Subaru|Legacy|II|1993|1999|Седан|2.2|автомат|128|бензин|4b5ada673
Subaru|Legacy|II|1993|1999|Седан|2.2|механика|128|бензин|4b5ada673
Subaru|Legacy|II|1993|1999|Седан|2.2|механика|131|бензин|4b5ada673
Subaru|Legacy|II|1993|1999|Седан|2.5|автомат|150|бензин|4b5ada673
Subaru|Legacy|II|1993|1999|Седан|2.5|автомат|160|бензин|4b5ada673
Subaru|Legacy|II|1993|1999|Седан|2.5|автомат|175|бензин|4b5ada673
Subaru|Legacy|II|1993|1999|Седан|2.5|механика|150|бензин|4b5ada673
Subaru|Legacy|II|1993|1999|Универсал 5 дв.|1.8|автомат|115|бензин|194799c96
Subaru|Legacy|II|1993|1999|Универсал 5 дв.|1.8|автомат|120|бензин|194799c96
Subaru|Legacy|II|1993|1999|Универсал 5 дв.|1.8|механика|115|бензин|194799c96
Subaru|Legacy|II|1993|1999|Универсал 5 дв.|1.8|механика|120|бензин|194799c96
Subaru|Legacy|II|1993|1999|Универсал 5 дв.|2.0|автомат|116|бензин|194799c96
Subaru|Legacy|II|1993|1999|Универсал 5 дв.|2.0|автомат|125|бензин|194799c96
Subaru|Legacy|II|1993|1999|Универсал 5 дв.|2.0|автомат|135|бензин|194799c96
Subaru|Legacy|II|1993|1999|Универсал 5 дв.|2.0|автомат|150|бензин|194799c96
Subaru|Legacy|II|1993|1999|Универсал 5 дв.|2.0|автомат|155|бензин|194799c96
Subaru|Legacy|II|1993|1999|Универсал 5 дв.|2.0|автомат|250|бензин|194799c96
Subaru|Legacy|II|1993|1999|Универсал 5 дв.|2.0|автомат|260|бензин|194799c96
Subaru|Legacy|II|1993|1999|Универсал 5 дв.|2.0|автомат|280|бензин|194799c96
Subaru|Legacy|II|1993|1999|Универсал 5 дв.|2.0|механика|116|бензин|194799c96
Subaru|Legacy|II|1993|1999|Универсал 5 дв.|2.0|механика|125|бензин|194799c96
Subaru|Legacy|II|1993|1999|Универсал 5 дв.|2.0|механика|135|бензин|194799c96
Subaru|Legacy|II|1993|1999|Универсал 5 дв.|2.0|механика|150|бензин|194799c96
Subaru|Legacy|II|1993|1999|Универсал 5 дв.|2.0|механика|155|бензин|194799c96
Subaru|Legacy|II|1993|1999|Универсал 5 дв.|2.0|механика|250|бензин|194799c96
Subaru|Legacy|II|1993|1999|Универсал 5 дв.|2.0|механика|260|бензин|194799c96
Subaru|Legacy|II|1993|1999|Универсал 5 дв.|2.0|механика|280|бензин|194799c96
Subaru|Legacy|II|1993|1999|Универсал 5 дв.|2.2|автомат|128|бензин|194799c96
Subaru|Legacy|II|1993|1999|Универсал 5 дв.|2.2|автомат|131|бензин|194799c96
Subaru|Legacy|II|1993|1999|Универсал 5 дв.|2.2|механика|128|бензин|194799c96
Subaru|Legacy|II|1993|1999|Универсал 5 дв.|2.2|механика|131|бензин|194799c96
Subaru|Legacy|II|1993|1999|Универсал 5 дв.|2.5|автомат|150|бензин|194799c96
Subaru|Legacy|II|1993|1999|Универсал 5 дв.|2.5|автомат|160|бензин|194799c96
Subaru|Legacy|II|1993|1999|Универсал 5 дв.|2.5|автомат|175|бензин|194799c96
Subaru|Legacy|II|1993|1999|Универсал 5 дв.|2.5|механика|150|бензин|194799c96
Subaru|Legacy|II|1993|1999|Универсал 5 дв.|2.5|механика|175|бензин|194799c96
Subaru|Legacy|IV Рестайлинг|2006|2009|Седан|2.0|автомат|150|бензин|6fe40d3b9
Subaru|Legacy|IV Рестайлинг|2006|2009|Седан|2.0|автомат|164|бензин|6fe40d3b9
Subaru|Legacy|IV Рестайлинг|2006|2009|Седан|2.0|автомат|190|бензин|6fe40d3b9
Subaru|Legacy|IV Рестайлинг|2006|2009|Седан|2.0|автомат|260|бензин|6fe40d3b9
Subaru|Legacy|IV Рестайлинг|2006|2009|Седан|2.0|автомат|280|бензин|6fe40d3b9
Subaru|Legacy|IV Рестайлинг|2006|2009|Седан|2.0|механика|150|бензин|6fe40d3b9
Subaru|Legacy|IV Рестайлинг|2006|2009|Седан|2.0|механика|150|дизель|6fe40d3b9
Subaru|Legacy|IV Рестайлинг|2006|2009|Седан|2.0|механика|164|бензин|6fe40d3b9
Subaru|Legacy|IV Рестайлинг|2006|2009|Седан|2.0|механика|190|бензин|6fe40d3b9
Subaru|Legacy|IV Рестайлинг|2006|2009|Седан|2.0|механика|260|бензин|6fe40d3b9
Subaru|Legacy|IV Рестайлинг|2006|2009|Седан|2.0|механика|280|бензин|6fe40d3b9
Subaru|Legacy|IV Рестайлинг|2006|2009|Седан|2.5|автомат|173|бензин|6fe40d3b9
Subaru|Legacy|IV Рестайлинг|2006|2009|Седан|2.5|автомат|250|бензин|6fe40d3b9
Subaru|Legacy|IV Рестайлинг|2006|2009|Седан|2.5|механика|173|бензин|6fe40d3b9
Subaru|Legacy|IV Рестайлинг|2006|2009|Седан|2.5|механика|250|бензин|6fe40d3b9
Subaru|Legacy|IV Рестайлинг|2006|2009|Седан|3.0|автомат|245|бензин|6fe40d3b9
Subaru|Legacy|IV Рестайлинг|2006|2009|Седан|3.0|механика|245|бензин|6fe40d3b9
Subaru|Legacy|IV Рестайлинг|2006|2009|Универсал 5 дв.|2.0|автомат|138|бензин|0a705ef0c
Subaru|Legacy|IV Рестайлинг|2006|2009|Универсал 5 дв.|2.0|автомат|150|бензин|0a705ef0c
Subaru|Legacy|IV Рестайлинг|2006|2009|Универсал 5 дв.|2.0|автомат|260|бензин|0a705ef0c
Subaru|Legacy|IV Рестайлинг|2006|2009|Универсал 5 дв.|2.0|механика|138|бензин|0a705ef0c
Subaru|Legacy|IV Рестайлинг|2006|2009|Универсал 5 дв.|2.0|механика|150|бензин|0a705ef0c
Subaru|Legacy|IV Рестайлинг|2006|2009|Универсал 5 дв.|2.0|механика|150|дизель|0a705ef0c
Subaru|Legacy|IV Рестайлинг|2006|2009|Универсал 5 дв.|2.0|механика|165|бензин|0a705ef0c
Subaru|Legacy|IV Рестайлинг|2006|2009|Универсал 5 дв.|2.0|механика|260|бензин|0a705ef0c
Subaru|Legacy|IV Рестайлинг|2006|2009|Универсал 5 дв.|2.0|механика|280|бензин|0a705ef0c
Subaru|Legacy|IV Рестайлинг|2006|2009|Универсал 5 дв.|2.5|автомат|165|бензин|0a705ef0c
Subaru|Legacy|IV Рестайлинг|2006|2009|Универсал 5 дв.|2.5|автомат|250|бензин|0a705ef0c
Subaru|Legacy|IV Рестайлинг|2006|2009|Универсал 5 дв.|2.5|механика|165|бензин|0a705ef0c
Subaru|Legacy|IV Рестайлинг|2006|2009|Универсал 5 дв.|2.5|механика|250|бензин|0a705ef0c
Subaru|Legacy|IV Рестайлинг|2006|2009|Универсал 5 дв.|3.0|автомат|245|бензин|0a705ef0c
Subaru|Legacy|IV Рестайлинг|2006|2009|Универсал 5 дв.|3.0|механика|245|бензин|0a705ef0c
Subaru|Legacy|IV|2003|2006|Седан|2.0|автомат|138|бензин|05ad53840
Subaru|Legacy|IV|2003|2006|Седан|2.0|автомат|140|бензин|05ad53840
Subaru|Legacy|IV|2003|2006|Седан|2.0|автомат|150|СУГ|05ad53840
Subaru|Legacy|IV|2003|2006|Седан|2.0|автомат|164|бензин|05ad53840
Subaru|Legacy|IV|2003|2006|Седан|2.0|автомат|180|бензин|05ad53840
Subaru|Legacy|IV|2003|2006|Седан|2.0|автомат|260|бензин|05ad53840
Subaru|Legacy|IV|2003|2006|Седан|2.0|автомат|280|бензин|05ad53840
Subaru|Legacy|IV|2003|2006|Седан|2.0|механика|138|бензин|05ad53840
Subaru|Legacy|IV|2003|2006|Седан|2.0|механика|164|бензин|05ad53840
Subaru|Legacy|IV|2003|2006|Седан|2.0|механика|190|бензин|05ad53840
Subaru|Legacy|IV|2003|2006|Седан|2.0|механика|260|бензин|05ad53840
Subaru|Legacy|IV|2003|2006|Седан|2.0|механика|280|бензин|05ad53840
Subaru|Legacy|IV|2003|2006|Седан|2.5|автомат|165|бензин|05ad53840
Subaru|Legacy|IV|2003|2006|Седан|2.5|автомат|250|бензин|05ad53840
Subaru|Legacy|IV|2003|2006|Седан|2.5|механика|165|бензин|05ad53840
Subaru|Legacy|IV|2003|2006|Седан|2.5|механика|250|бензин|05ad53840
Subaru|Legacy|IV|2003|2006|Седан|3.0|автомат|245|бензин|05ad53840
Subaru|Legacy|IV|2003|2006|Седан|3.0|механика|245|бензин|05ad53840
Subaru|Legacy|IV|2003|2006|Универсал 5 дв.|2.0|автомат|138|бензин|95fa1575e
Subaru|Legacy|IV|2003|2006|Универсал 5 дв.|2.0|автомат|140|бензин|95fa1575e
Subaru|Legacy|IV|2003|2006|Универсал 5 дв.|2.0|автомат|180|бензин|95fa1575e
Subaru|Legacy|IV|2003|2006|Универсал 5 дв.|2.0|автомат|260|бензин|95fa1575e
Subaru|Legacy|IV|2003|2006|Универсал 5 дв.|2.0|механика|138|бензин|95fa1575e
Subaru|Legacy|IV|2003|2006|Универсал 5 дв.|2.0|механика|190|бензин|95fa1575e
Subaru|Legacy|IV|2003|2006|Универсал 5 дв.|2.0|механика|260|бензин|95fa1575e
Subaru|Legacy|IV|2003|2006|Универсал 5 дв.|2.0|механика|280|бензин|95fa1575e
Subaru|Legacy|IV|2003|2006|Универсал 5 дв.|2.5|автомат|165|бензин|95fa1575e
Subaru|Legacy|IV|2003|2006|Универсал 5 дв.|2.5|автомат|250|бензин|95fa1575e
Subaru|Legacy|IV|2003|2006|Универсал 5 дв.|2.5|механика|165|бензин|95fa1575e
Subaru|Legacy|IV|2003|2006|Универсал 5 дв.|2.5|механика|250|бензин|95fa1575e
Subaru|Legacy|IV|2003|2006|Универсал 5 дв.|3.0|автомат|245|бензин|95fa1575e
Subaru|Legacy|IV|2003|2006|Универсал 5 дв.|3.0|механика|245|бензин|95fa1575e
Subaru|Legacy|I|1989|1994|Седан|1.8|автомат|103|бензин|ee8ab4491
Subaru|Legacy|I|1989|1994|Седан|1.8|автомат|110|бензин|ee8ab4491
Subaru|Legacy|I|1989|1994|Седан|1.8|механика|103|бензин|ee8ab4491
Subaru|Legacy|I|1989|1994|Седан|1.8|механика|110|бензин|ee8ab4491
Subaru|Legacy|I|1989|1994|Седан|2.0|автомат|116|бензин|ee8ab4491
Subaru|Legacy|I|1989|1994|Седан|2.0|автомат|125|бензин|ee8ab4491
Subaru|Legacy|I|1989|1994|Седан|2.0|автомат|140|бензин|ee8ab4491
Subaru|Legacy|I|1989|1994|Седан|2.0|автомат|150|бензин|ee8ab4491
Subaru|Legacy|I|1989|1994|Седан|2.0|автомат|200|бензин|ee8ab4491
Subaru|Legacy|I|1989|1994|Седан|2.0|механика|116|бензин|ee8ab4491
Subaru|Legacy|I|1989|1994|Седан|2.0|механика|125|бензин|ee8ab4491
Subaru|Legacy|I|1989|1994|Седан|2.0|механика|150|бензин|ee8ab4491
Subaru|Legacy|I|1989|1994|Седан|2.0|механика|200|бензин|ee8ab4491
Subaru|Legacy|I|1989|1994|Седан|2.0|механика|220|бензин|ee8ab4491
Subaru|Legacy|I|1989|1994|Седан|2.2|автомат|136|бензин|ee8ab4491
Subaru|Legacy|I|1989|1994|Седан|2.2|автомат|163|бензин|ee8ab4491
Subaru|Legacy|I|1989|1994|Седан|2.2|механика|136|бензин|ee8ab4491
Subaru|Legacy|I|1989|1994|Седан|2.2|механика|163|бензин|ee8ab4491
Subaru|Legacy|I|1989|1994|Универсал 5 дв.|1.8|автомат|103|бензин|27d936200
Subaru|Legacy|I|1989|1994|Универсал 5 дв.|1.8|автомат|110|бензин|27d936200
Subaru|Legacy|I|1989|1994|Универсал 5 дв.|1.8|механика|103|бензин|27d936200
Subaru|Legacy|I|1989|1994|Универсал 5 дв.|1.8|механика|110|бензин|27d936200
Subaru|Legacy|I|1989|1994|Универсал 5 дв.|2.0|автомат|116|бензин|27d936200
Subaru|Legacy|I|1989|1994|Универсал 5 дв.|2.0|автомат|125|бензин|27d936200
Subaru|Legacy|I|1989|1994|Универсал 5 дв.|2.0|автомат|140|бензин|27d936200
Subaru|Legacy|I|1989|1994|Универсал 5 дв.|2.0|автомат|150|бензин|27d936200
Subaru|Legacy|I|1989|1994|Универсал 5 дв.|2.0|автомат|200|бензин|27d936200
Subaru|Legacy|I|1989|1994|Универсал 5 дв.|2.0|механика|116|бензин|27d936200
Subaru|Legacy|I|1989|1994|Универсал 5 дв.|2.0|механика|150|бензин|27d936200
Subaru|Legacy|I|1989|1994|Универсал 5 дв.|2.0|механика|200|бензин|27d936200
Subaru|Legacy|I|1989|1994|Универсал 5 дв.|2.0|механика|220|бензин|27d936200
Subaru|Legacy|I|1989|1994|Универсал 5 дв.|2.2|автомат|136|бензин|27d936200
Subaru|Legacy|I|1989|1994|Универсал 5 дв.|2.2|механика|136|бензин|27d936200
Subaru|Legacy|V Рестайлинг|2012|2014|Седан|2.0|вариатор|150|бензин|0efac4da1
Subaru|Legacy|V Рестайлинг|2012|2014|Седан|2.0|механика|150|бензин|0efac4da1
Subaru|Legacy|V Рестайлинг|2012|2014|Седан|2.0|механика|150|дизель|0efac4da1
Subaru|Legacy|V Рестайлинг|2012|2014|Седан|2.5|автомат|265|бензин|0efac4da1
Subaru|Legacy|V Рестайлинг|2012|2014|Седан|2.5|автомат|285|бензин|0efac4da1
Subaru|Legacy|V Рестайлинг|2012|2014|Седан|2.5|вариатор|167|бензин|0efac4da1
Subaru|Legacy|V Рестайлинг|2012|2014|Седан|2.5|механика|285|бензин|0efac4da1
Subaru|Legacy|V Рестайлинг|2012|2014|Седан|3.6|автомат|256|бензин|0efac4da1
Subaru|Legacy|V Рестайлинг|2012|2014|Универсал 5 дв.|2.0|вариатор|150|бензин|11713c20f
Subaru|Legacy|V Рестайлинг|2012|2014|Универсал 5 дв.|2.0|вариатор|300|бензин|11713c20f
Subaru|Legacy|V Рестайлинг|2012|2014|Универсал 5 дв.|2.0|механика|150|бензин|11713c20f
Subaru|Legacy|V Рестайлинг|2012|2014|Универсал 5 дв.|2.0|механика|150|дизель|11713c20f
Subaru|Legacy|V Рестайлинг|2012|2014|Универсал 5 дв.|2.5|автомат|265|бензин|11713c20f
Subaru|Legacy|V Рестайлинг|2012|2014|Универсал 5 дв.|2.5|автомат|285|бензин|11713c20f
Subaru|Legacy|V Рестайлинг|2012|2014|Универсал 5 дв.|2.5|вариатор|167|бензин|11713c20f
Subaru|Legacy|V Рестайлинг|2012|2014|Универсал 5 дв.|2.5|вариатор|173|бензин|11713c20f
Subaru|Legacy|V Рестайлинг|2012|2014|Универсал 5 дв.|2.5|механика|285|бензин|11713c20f
Subaru|Legacy|VI Рестайлинг|2017|2020|Седан|2.5|вариатор|175|бензин|7ce6766f3
Subaru|Legacy|VII|2019|н.в.|Седан|2.4|вариатор|260|бензин|b1e053291
Subaru|Legacy|VII|2019|н.в.|Седан|2.5|вариатор|182|бензин|b1e053291
Subaru|Legacy|VI|2014|2017|Седан|2.5|вариатор|175|бензин|7de2b9be5
Subaru|Legacy|VI|2014|2017|Седан|3.6|вариатор|256|бензин|7de2b9be5
Subaru|Legacy|V|2009|2012|Седан|2.0|вариатор|150|бензин|4c74abaf6
Subaru|Legacy|V|2009|2012|Седан|2.0|механика|150|бензин|4c74abaf6
Subaru|Legacy|V|2009|2012|Седан|2.0|механика|150|дизель|4c74abaf6
Subaru|Legacy|V|2009|2012|Седан|2.5|автомат|265|бензин|4c74abaf6
Subaru|Legacy|V|2009|2012|Седан|2.5|автомат|285|бензин|4c74abaf6
Subaru|Legacy|V|2009|2012|Седан|2.5|вариатор|167|бензин|4c74abaf6
Subaru|Legacy|V|2009|2012|Седан|2.5|механика|167|бензин|4c74abaf6
Subaru|Legacy|V|2009|2012|Седан|2.5|механика|285|бензин|4c74abaf6
Subaru|Legacy|V|2009|2012|Седан|3.6|автомат|256|бензин|4c74abaf6
Subaru|Legacy|V|2009|2012|Универсал 5 дв.|2.0|вариатор|150|бензин|0259461de
Subaru|Legacy|V|2009|2012|Универсал 5 дв.|2.0|механика|150|бензин|0259461de
Subaru|Legacy|V|2009|2012|Универсал 5 дв.|2.0|механика|150|дизель|0259461de
Subaru|Legacy|V|2009|2012|Универсал 5 дв.|2.5|автомат|265|бензин|0259461de
Subaru|Legacy|V|2009|2012|Универсал 5 дв.|2.5|автомат|285|бензин|0259461de
Subaru|Legacy|V|2009|2012|Универсал 5 дв.|2.5|вариатор|167|бензин|0259461de
Subaru|Legacy|V|2009|2012|Универсал 5 дв.|2.5|механика|285|бензин|0259461de
Subaru|Leone|III|1984|1994|Купе|1.8|автомат|117|бензин|8472140c2
Subaru|Leone|III|1984|1994|Купе|1.8|автомат|131|бензин|8472140c2
Subaru|Leone|III|1984|1994|Купе|1.8|автомат|136|бензин|8472140c2
Subaru|Leone|III|1984|1994|Купе|1.8|автомат|90|бензин|8472140c2
Subaru|Leone|III|1984|1994|Купе|1.8|автомат|95|бензин|8472140c2
Subaru|Leone|III|1984|1994|Купе|1.8|автомат|98|бензин|8472140c2
Subaru|Leone|III|1984|1994|Купе|1.8|механика|117|бензин|8472140c2
Subaru|Leone|III|1984|1994|Купе|1.8|механика|131|бензин|8472140c2
Subaru|Leone|III|1984|1994|Купе|1.8|механика|136|бензин|8472140c2
Subaru|Leone|III|1984|1994|Купе|1.8|механика|90|бензин|8472140c2
Subaru|Leone|III|1984|1994|Купе|1.8|механика|95|бензин|8472140c2
Subaru|Leone|III|1984|1994|Купе|1.8|механика|98|бензин|8472140c2
Subaru|Leone|III|1984|1994|Седан|1.3|автомат|66|бензин|7e181f8c9
Subaru|Leone|III|1984|1994|Седан|1.3|механика|66|бензин|7e181f8c9
Subaru|Leone|III|1984|1994|Седан|1.6|автомат|69|бензин|7e181f8c9
Subaru|Leone|III|1984|1994|Седан|1.6|механика|69|бензин|7e181f8c9
Subaru|Leone|III|1984|1994|Седан|1.8|автомат|117|бензин|7e181f8c9
Subaru|Leone|III|1984|1994|Седан|1.8|автомат|131|бензин|7e181f8c9
Subaru|Leone|III|1984|1994|Седан|1.8|автомат|90|бензин|7e181f8c9
Subaru|Leone|III|1984|1994|Седан|1.8|автомат|95|бензин|7e181f8c9
Subaru|Leone|III|1984|1994|Седан|1.8|автомат|98|бензин|7e181f8c9
Subaru|Leone|III|1984|1994|Седан|1.8|механика|117|бензин|7e181f8c9
Subaru|Leone|III|1984|1994|Седан|1.8|механика|131|бензин|7e181f8c9
Subaru|Leone|III|1984|1994|Седан|1.8|механика|136|бензин|7e181f8c9
Subaru|Leone|III|1984|1994|Седан|1.8|механика|90|бензин|7e181f8c9
Subaru|Leone|III|1984|1994|Седан|1.8|механика|95|бензин|7e181f8c9
Subaru|Leone|III|1984|1994|Седан|1.8|механика|98|бензин|7e181f8c9
Subaru|Leone|III|1984|1994|Универсал 5 дв.|1.8|автомат|117|бензин|a3865f286
Subaru|Leone|III|1984|1994|Универсал 5 дв.|1.8|автомат|131|бензин|a3865f286
Subaru|Leone|III|1984|1994|Универсал 5 дв.|1.8|автомат|136|бензин|a3865f286
Subaru|Leone|III|1984|1994|Универсал 5 дв.|1.8|автомат|90|бензин|a3865f286
Subaru|Leone|III|1984|1994|Универсал 5 дв.|1.8|автомат|95|бензин|a3865f286
Subaru|Leone|III|1984|1994|Универсал 5 дв.|1.8|автомат|98|бензин|a3865f286
Subaru|Leone|III|1984|1994|Универсал 5 дв.|1.8|механика|117|бензин|a3865f286
Subaru|Leone|III|1984|1994|Универсал 5 дв.|1.8|механика|131|бензин|a3865f286
Subaru|Leone|III|1984|1994|Универсал 5 дв.|1.8|механика|136|бензин|a3865f286
Subaru|Leone|III|1984|1994|Универсал 5 дв.|1.8|механика|90|бензин|a3865f286
Subaru|Leone|III|1984|1994|Универсал 5 дв.|1.8|механика|95|бензин|a3865f286
Subaru|Leone|III|1984|1994|Универсал 5 дв.|1.8|механика|98|бензин|a3865f286
Subaru|Leone|II|1979|1984|Купе|1.3|механика|61|бензин|83ed5786a
Subaru|Leone|II|1979|1984|Купе|1.6|механика|71|бензин|83ed5786a
Subaru|Leone|II|1979|1984|Купе|1.6|механика|86|бензин|83ed5786a
Subaru|Leone|II|1979|1984|Купе|1.8|автомат|80|бензин|83ed5786a
Subaru|Leone|II|1979|1984|Купе|1.8|механика|82|бензин|83ed5786a
Subaru|Leone|II|1979|1984|Седан|1.2|механика|61|бензин|f7e42c609
Subaru|Leone|II|1979|1984|Седан|1.6|механика|86|бензин|f7e42c609
Subaru|Leone|II|1979|1984|Седан|1.8|механика|80|бензин|f7e42c609
Subaru|Leone|II|1979|1984|Седан|1.8|механика|82|бензин|f7e42c609
Subaru|Leone|II|1979|1984|Универсал 5 дв.|1.3|механика|61|бензин|a2ba35219
Subaru|Leone|II|1979|1984|Универсал 5 дв.|1.6|автомат|86|бензин|a2ba35219
Subaru|Leone|II|1979|1984|Универсал 5 дв.|1.8|механика|80|бензин|a2ba35219
Subaru|Leone|II|1979|1984|Универсал 5 дв.|1.8|механика|82|бензин|a2ba35219
Subaru|Leone|II|1979|1984|Хэтчбек 3 дв.|1.3|механика|61|бензин|f279bc2dc
Subaru|Leone|II|1979|1984|Хэтчбек 3 дв.|1.6|механика|71|бензин|f279bc2dc
Subaru|Leone|II|1979|1984|Хэтчбек 3 дв.|1.6|механика|86|бензин|f279bc2dc
Subaru|Leone|II|1979|1984|Хэтчбек 3 дв.|1.8|автомат|80|бензин|f279bc2dc
Subaru|Leone|II|1979|1984|Хэтчбек 3 дв.|1.8|механика|82|бензин|f279bc2dc
Subaru|Levorg||2014|н.в.|Универсал 5 дв.|1.6|вариатор|170|бензин|13717388f
Subaru|Levorg||2014|н.в.|Универсал 5 дв.|2.0|вариатор|300|бензин|13717388f
Subaru|Libero||1984|1998|Компактвэн|1.2|механика|54|бензин|f8f45f5e2
Subaru|Lucra||2010|2015|Хэтчбек 5 дв.|0.7|автомат|58|бензин|a09f36a89
Subaru|Lucra||2010|2015|Хэтчбек 5 дв.|0.7|вариатор|58|бензин|a09f36a89
Subaru|Lucra||2010|2015|Хэтчбек 5 дв.|0.7|вариатор|64|бензин|a09f36a89
Subaru|Outback|III Рестайлинг|2006|2009|Универсал 5 дв.|2.0|механика|150|дизель|350404bf4
Subaru|Outback|III Рестайлинг|2006|2009|Универсал 5 дв.|2.5|автомат|165|бензин|350404bf4
Subaru|Outback|III Рестайлинг|2006|2009|Универсал 5 дв.|2.5|автомат|173|бензин|350404bf4
Subaru|Outback|III Рестайлинг|2006|2009|Универсал 5 дв.|2.5|автомат|250|бензин|350404bf4
Subaru|Outback|III Рестайлинг|2006|2009|Универсал 5 дв.|2.5|механика|165|бензин|350404bf4
Subaru|Outback|III Рестайлинг|2006|2009|Универсал 5 дв.|2.5|механика|173|бензин|350404bf4
Subaru|Outback|III Рестайлинг|2006|2009|Универсал 5 дв.|2.5|механика|250|бензин|350404bf4
Subaru|Outback|III Рестайлинг|2006|2009|Универсал 5 дв.|3.0|автомат|245|бензин|350404bf4
Subaru|Outback|III|2003|2006|Седан|2.5|автомат|173|бензин|9b82a3997
Subaru|Outback|III|2003|2006|Седан|2.5|механика|173|бензин|9b82a3997
Subaru|Outback|III|2003|2006|Седан|3.0|автомат|245|бензин|9b82a3997
Subaru|Outback|III|2003|2006|Универсал 5 дв.|2.5|автомат|165|бензин|596566cdc
Subaru|Outback|III|2003|2006|Универсал 5 дв.|2.5|автомат|250|бензин|596566cdc
Subaru|Outback|III|2003|2006|Универсал 5 дв.|2.5|механика|165|бензин|596566cdc
Subaru|Outback|III|2003|2006|Универсал 5 дв.|2.5|механика|250|бензин|596566cdc
Subaru|Outback|III|2003|2006|Универсал 5 дв.|3.0|автомат|245|бензин|596566cdc
Subaru|Outback|II|1998|2004|Седан|2.5|автомат|156|бензин|2c3c0a667
Subaru|Outback|II|1998|2004|Седан|2.5|механика|156|бензин|2c3c0a667
Subaru|Outback|II|1998|2004|Седан|3.0|автомат|209|бензин|2c3c0a667
Subaru|Outback|II|1998|2004|Универсал 5 дв.|2.5|автомат|156|бензин|9f5c34317
Subaru|Outback|II|1998|2004|Универсал 5 дв.|2.5|автомат|165|бензин|9f5c34317
Subaru|Outback|II|1998|2004|Универсал 5 дв.|2.5|механика|156|бензин|9f5c34317
Subaru|Outback|II|1998|2004|Универсал 5 дв.|2.5|механика|165|бензин|9f5c34317
Subaru|Outback|II|1998|2004|Универсал 5 дв.|3.0|автомат|209|бензин|9f5c34317
Subaru|Outback|II|1998|2004|Универсал 5 дв.|3.0|автомат|220|бензин|9f5c34317
Subaru|Outback|IV Рестайлинг|2012|2014|Универсал 5 дв.|2.0|вариатор|150|дизель|6de3c4e6a
Subaru|Outback|IV Рестайлинг|2012|2014|Универсал 5 дв.|2.0|механика|150|дизель|6de3c4e6a
Subaru|Outback|IV Рестайлинг|2012|2014|Универсал 5 дв.|2.5|вариатор|167|бензин|6de3c4e6a
Subaru|Outback|IV Рестайлинг|2012|2014|Универсал 5 дв.|2.5|механика|167|бензин|6de3c4e6a
Subaru|Outback|IV Рестайлинг|2012|2014|Универсал 5 дв.|3.6|автомат|249|бензин|6de3c4e6a
Subaru|Outback|IV|2009|2012|Универсал 5 дв.|2.0|механика|150|дизель|6238dac46
Subaru|Outback|IV|2009|2012|Универсал 5 дв.|2.5|вариатор|167|бензин|6238dac46
Subaru|Outback|IV|2009|2012|Универсал 5 дв.|2.5|вариатор|170|бензин|6238dac46
Subaru|Outback|IV|2009|2012|Универсал 5 дв.|2.5|механика|167|бензин|6238dac46
Subaru|Outback|IV|2009|2012|Универсал 5 дв.|3.6|автомат|249|бензин|6238dac46
Subaru|Outback|IV|2009|2012|Универсал 5 дв.|3.6|автомат|260|бензин|6238dac46
Subaru|Outback|I|1994|1999|Седан|2.5|автомат|156|бензин|bef40bc97
Subaru|Outback|I|1994|1999|Седан|2.5|механика|156|бензин|bef40bc97
Subaru|Outback|I|1994|1999|Универсал 5 дв.|2.2|автомат|135|бензин|7dedc2fba
Subaru|Outback|I|1994|1999|Универсал 5 дв.|2.2|механика|135|бензин|7dedc2fba
Subaru|Outback|I|1994|1999|Универсал 5 дв.|2.5|автомат|150|бензин|7dedc2fba
Subaru|Outback|I|1994|1999|Универсал 5 дв.|2.5|автомат|165|бензин|7dedc2fba
Subaru|Outback|I|1994|1999|Универсал 5 дв.|2.5|механика|150|бензин|7dedc2fba
Subaru|Outback|I|1994|1999|Универсал 5 дв.|2.5|механика|165|бензин|7dedc2fba
Subaru|Outback|V Рестайлинг|2017|н.в.|Универсал 5 дв.|2.5|вариатор|175|бензин|1f5054b3b
Subaru|Outback|V Рестайлинг|2017|н.в.|Универсал 5 дв.|3.6|вариатор|260|бензин|1f5054b3b
Subaru|Outback|VI|2019|н.в.|Универсал 5 дв.|2.4|вариатор|260|бензин|35b38f8f9
Subaru|Outback|VI|2019|н.в.|Универсал 5 дв.|2.5|вариатор|182|бензин|35b38f8f9
Subaru|Outback|VI|2019|н.в.|Универсал 5 дв.|2.5|вариатор|188|бензин|35b38f8f9
Subaru|Outback|V|2014|2018|Универсал 5 дв.|2.0|вариатор|150|дизель|ba0e3bc2f
Subaru|Outback|V|2014|2018|Универсал 5 дв.|2.0|механика|150|дизель|ba0e3bc2f
Subaru|Outback|V|2014|2018|Универсал 5 дв.|2.5|вариатор|175|бензин|ba0e3bc2f
Subaru|Outback|V|2014|2018|Универсал 5 дв.|3.6|вариатор|260|бензин|ba0e3bc2f
Subaru|Pleo Plus|I Рестайлинг|2013|2017|Хэтчбек 5 дв.|0.7|вариатор|49|бензин|2cfcfa37d
Subaru|Pleo Plus|I Рестайлинг|2013|2017|Хэтчбек 5 дв.|0.7|вариатор|52|бензин|2cfcfa37d
Subaru|Pleo Plus|II|2017|н.в.|Хэтчбек 5 дв.|0.7|вариатор|49|бензин|c5d99dbec
Subaru|Pleo Plus|I|2012|2013|Хэтчбек 5 дв.|0.7|вариатор|52|бензин|d60b2209b
Subaru|Pleo|I Рестайлинг 2|2002|2004|Хэтчбек 5 дв.|0.7|вариатор|46|бензин|ba31e6ffb
Subaru|Pleo|I Рестайлинг 2|2002|2004|Хэтчбек 5 дв.|0.7|вариатор|60|бензин|ba31e6ffb
Subaru|Pleo|I Рестайлинг 2|2002|2004|Хэтчбек 5 дв.|0.7|вариатор|64|бензин|ba31e6ffb
Subaru|Pleo|I Рестайлинг 2|2002|2004|Хэтчбек 5 дв.|0.7|механика|46|бензин|ba31e6ffb
Subaru|Pleo|I Рестайлинг 2|2002|2004|Хэтчбек 5 дв.|0.7|механика|60|бензин|ba31e6ffb
Subaru|Pleo|I Рестайлинг 2|2002|2004|Хэтчбек 5 дв.|0.7|механика|64|бензин|ba31e6ffb
Subaru|Pleo|I Рестайлинг 3|2004|2010|Хэтчбек 5 дв.|0.7|вариатор|46|бензин|3fc3b9082
Subaru|Pleo|I Рестайлинг 3|2004|2010|Хэтчбек 5 дв.|0.7|механика|46|бензин|3fc3b9082
Subaru|Pleo|I Рестайлинг|2000|2002|Хэтчбек 5 дв.|0.7|вариатор|46|бензин|b9ed92c64
Subaru|Pleo|I Рестайлинг|2000|2002|Хэтчбек 5 дв.|0.7|вариатор|60|бензин|b9ed92c64
Subaru|Pleo|I Рестайлинг|2000|2002|Хэтчбек 5 дв.|0.7|вариатор|64|бензин|b9ed92c64
Subaru|Pleo|I Рестайлинг|2000|2002|Хэтчбек 5 дв.|0.7|механика|46|бензин|b9ed92c64
Subaru|Pleo|I Рестайлинг|2000|2002|Хэтчбек 5 дв.|0.7|механика|60|бензин|b9ed92c64
Subaru|Pleo|I Рестайлинг|2000|2002|Хэтчбек 5 дв.|0.7|механика|64|бензин|b9ed92c64
Subaru|Pleo|II|2010|2018|Хэтчбек 3 дв.|0.7|автомат|58|бензин|01878367c
Subaru|Pleo|II|2010|2018|Хэтчбек 3 дв.|0.7|вариатор|58|бензин|01878367c
Subaru|Pleo|II|2010|2018|Хэтчбек 3 дв.|0.7|вариатор|64|бензин|01878367c
Subaru|Pleo|II|2010|2018|Хэтчбек 3 дв.|0.7|механика|58|бензин|01878367c
Subaru|Pleo|II|2010|2018|Хэтчбек 5 дв.|0.7|автомат|58|бензин|98076f01e
Subaru|Pleo|II|2010|2018|Хэтчбек 5 дв.|0.7|вариатор|58|бензин|98076f01e
Subaru|Pleo|II|2010|2018|Хэтчбек 5 дв.|0.7|вариатор|64|бензин|98076f01e
Subaru|Pleo|II|2010|2018|Хэтчбек 5 дв.|0.7|механика|58|бензин|98076f01e
Subaru|Pleo|I|1998|2000|Хэтчбек 5 дв.|0.7|вариатор|46|бензин|7fabda8e1
Subaru|Pleo|I|1998|2000|Хэтчбек 5 дв.|0.7|вариатор|58|бензин|7fabda8e1
Subaru|Pleo|I|1998|2000|Хэтчбек 5 дв.|0.7|вариатор|64|бензин|7fabda8e1
Subaru|Pleo|I|1998|2000|Хэтчбек 5 дв.|0.7|механика|46|бензин|7fabda8e1
Subaru|Pleo|I|1998|2000|Хэтчбек 5 дв.|0.7|механика|58|бензин|7fabda8e1
Subaru|Pleo|I|1998|2000|Хэтчбек 5 дв.|0.7|механика|64|бензин|7fabda8e1
Subaru|R1||2005|2010|Хэтчбек 3 дв.|0.7|вариатор|46|бензин|7667df831
Subaru|R1||2005|2010|Хэтчбек 3 дв.|0.7|вариатор|54|бензин|7667df831
Subaru|R1||2005|2010|Хэтчбек 3 дв.|0.7|вариатор|64|бензин|7667df831
Subaru|R2||2003|2010|Хэтчбек 5 дв.|0.7|вариатор|46|бензин|999e1c3bf
Subaru|R2||2003|2010|Хэтчбек 5 дв.|0.7|вариатор|54|бензин|999e1c3bf
Subaru|R2||2003|2010|Хэтчбек 5 дв.|0.7|вариатор|64|бензин|999e1c3bf
Subaru|R2||2003|2010|Хэтчбек 5 дв.|0.7|механика|46|бензин|999e1c3bf
Subaru|R2||2003|2010|Хэтчбек 5 дв.|0.7|механика|54|бензин|999e1c3bf
Subaru|R2||2003|2010|Хэтчбек 5 дв.|0.7|механика|64|бензин|999e1c3bf
Subaru|Rex|III|1986|1992|Хэтчбек 3 дв.|0.6|вариатор|38|бензин|3b5695403
Subaru|Rex|III|1986|1992|Хэтчбек 3 дв.|0.6|вариатор|61|бензин|3b5695403
Subaru|Rex|III|1986|1992|Хэтчбек 3 дв.|0.6|механика|38|бензин|3b5695403
Subaru|Rex|III|1986|1992|Хэтчбек 3 дв.|0.6|механика|61|бензин|3b5695403
Subaru|Rex|III|1986|1992|Хэтчбек 3 дв.|0.7|вариатор|42|бензин|3b5695403
Subaru|Rex|III|1986|1992|Хэтчбек 3 дв.|0.7|вариатор|46|бензин|3b5695403
Subaru|Rex|III|1986|1992|Хэтчбек 3 дв.|0.7|вариатор|64|бензин|3b5695403
Subaru|Rex|III|1986|1992|Хэтчбек 3 дв.|0.7|механика|42|бензин|3b5695403
Subaru|Rex|III|1986|1992|Хэтчбек 3 дв.|0.7|механика|48|бензин|3b5695403
Subaru|Rex|III|1986|1992|Хэтчбек 3 дв.|0.7|механика|64|бензин|3b5695403
Subaru|Rex|III|1986|1992|Хэтчбек 5 дв.|0.6|вариатор|38|бензин|d8b568d57
Subaru|Rex|III|1986|1992|Хэтчбек 5 дв.|0.6|вариатор|61|бензин|d8b568d57
Subaru|Rex|III|1986|1992|Хэтчбек 5 дв.|0.6|механика|38|бензин|d8b568d57
Subaru|Rex|III|1986|1992|Хэтчбек 5 дв.|0.6|механика|61|бензин|d8b568d57
Subaru|Rex|III|1986|1992|Хэтчбек 5 дв.|0.7|вариатор|42|бензин|d8b568d57
Subaru|Rex|III|1986|1992|Хэтчбек 5 дв.|0.7|вариатор|46|бензин|d8b568d57
Subaru|Rex|III|1986|1992|Хэтчбек 5 дв.|0.7|вариатор|64|бензин|d8b568d57
Subaru|Rex|III|1986|1992|Хэтчбек 5 дв.|0.7|механика|42|бензин|d8b568d57
Subaru|Rex|III|1986|1992|Хэтчбек 5 дв.|0.7|механика|48|бензин|d8b568d57
Subaru|Rex|III|1986|1992|Хэтчбек 5 дв.|0.7|механика|64|бензин|d8b568d57
Subaru|Rex|II|1982|1985|Хэтчбек 3 дв.|0.5|механика|31|бензин|e8357f78e
Subaru|Rex|II|1982|1985|Хэтчбек 3 дв.|0.5|механика|41|бензин|e8357f78e
Subaru|Rex|II|1982|1985|Хэтчбек 3 дв.|0.7|механика|37|бензин|e8357f78e
Subaru|Rex|II|1982|1985|Хэтчбек 5 дв.|0.5|механика|31|бензин|535676399
Subaru|Rex|II|1982|1985|Хэтчбек 5 дв.|0.5|механика|41|бензин|535676399
Subaru|Rex|II|1982|1985|Хэтчбек 5 дв.|0.7|механика|37|бензин|535676399
Subaru|Rex|I|1972|1981|Хэтчбек 3 дв.|0.4|механика|31|бензин|e352f0a04
Subaru|Rex|I|1972|1981|Хэтчбек 3 дв.|0.4|механика|37|бензин|e352f0a04
Subaru|Rex|I|1972|1981|Хэтчбек 3 дв.|0.5|механика|31|бензин|e352f0a04
Subaru|SVX||1991|1997|Купе|3.3|автомат|220|бензин|c8283b0a4
Subaru|SVX||1991|1997|Купе|3.3|автомат|230|бензин|c8283b0a4
Subaru|SVX||1991|1997|Купе|3.3|автомат|240|бензин|c8283b0a4
Subaru|SVX||1991|1997|Купе|3.3|автомат|250|бензин|c8283b0a4
Subaru|Sambar|VII|2012|н.в.|Микровэн|0.7|автомат|53|бензин|738e6b687
Subaru|Sambar|VII|2012|н.в.|Микровэн|0.7|автомат|64|бензин|738e6b687
Subaru|Sambar|VII|2012|н.в.|Микровэн|0.7|механика|46|бензин|738e6b687
Subaru|Sambar|VII|2012|н.в.|Микровэн|0.7|механика|50|бензин|738e6b687
Subaru|Sambar|VII|2012|н.в.|Микровэн|0.7|механика|64|бензин|738e6b687
Subaru|Sambar|VI|2009|2012|Микровэн|0.7|автомат|46|бензин|f8e329a36
Subaru|Sambar|VI|2009|2012|Микровэн|0.7|автомат|48|бензин|f8e329a36
Subaru|Sambar|VI|2009|2012|Микровэн|0.7|автомат|58|бензин|f8e329a36
Subaru|Sambar|VI|2009|2012|Микровэн|0.7|автомат|64|бензин|f8e329a36
Subaru|Sambar|VI|2009|2012|Микровэн|0.7|механика|46|бензин|f8e329a36
Subaru|Sambar|VI|2009|2012|Микровэн|0.7|механика|48|бензин|f8e329a36
Subaru|Sambar|VI|2009|2012|Микровэн|0.7|механика|58|бензин|f8e329a36
Subaru|Stella|II Рестайлинг|2013|2014|Минивэн|0.7|вариатор|52|бензин|75d51d85f
Subaru|Stella|II Рестайлинг|2013|2014|Минивэн|0.7|вариатор|64|бензин|75d51d85f
Subaru|Stella|III Рестайлинг|2017|н.в.|Минивэн|0.7|вариатор|52|бензин|e64c58523
Subaru|Stella|III Рестайлинг|2017|н.в.|Минивэн|0.7|вариатор|64|бензин|e64c58523
Subaru|Stella|III|2014|2017|Минивэн|0.7|вариатор|52|бензин|379a3b0f3
Subaru|Stella|III|2014|2017|Минивэн|0.7|вариатор|64|бензин|379a3b0f3
Subaru|Stella|II|2011|2012|Минивэн|0.7|вариатор|52|бензин|4bf026077
Subaru|Stella|II|2011|2012|Минивэн|0.7|вариатор|64|бензин|4bf026077
Subaru|Stella|I|2006|2011|Микровэн|0.7|вариатор|54|бензин|dc9720f0f
Subaru|Stella|I|2006|2011|Микровэн|0.7|вариатор|64|бензин|dc9720f0f
Subaru|Stella|I|2006|2011|Микровэн|0.7|механика|54|бензин|dc9720f0f
Subaru|Traviq||2001|2004|Компактвэн|1.8|автомат|125|бензин|9fd4c8766
Subaru|Traviq||2001|2004|Компактвэн|2.2|автомат|147|бензин|9fd4c8766
Subaru|Trezia||2010|2016|Хэтчбек 5 дв.|1.3|вариатор|95|бензин|5423cb600
Subaru|Trezia||2010|2016|Хэтчбек 5 дв.|1.3|вариатор|99|бензин|5423cb600
Subaru|Trezia||2010|2016|Хэтчбек 5 дв.|1.3|механика|99|бензин|5423cb600
Subaru|Trezia||2010|2016|Хэтчбек 5 дв.|1.4|вариатор|90|дизель|5423cb600
Subaru|Trezia||2010|2016|Хэтчбек 5 дв.|1.4|механика|90|дизель|5423cb600
Subaru|Trezia||2010|2016|Хэтчбек 5 дв.|1.5|вариатор|103|бензин|5423cb600
Subaru|Trezia||2010|2016|Хэтчбек 5 дв.|1.5|вариатор|109|бензин|5423cb600
Subaru|Tribeca|I Рестайлинг|2007|2014|Внедорожник 5 дв.|3.6|автомат|258|бензин|0261a793c
Subaru|Tribeca|I|2004|2007|Внедорожник 5 дв.|3.0|автомат|245|бензин|eb2448e93
Subaru|Tribeca|I|2004|2007|Внедорожник 5 дв.|3.0|автомат|250|бензин|eb2448e93
Subaru|Vivio||1992|1998|Хэтчбек 3 дв.|0.7|вариатор|42|бензин|ec02487f7
Subaru|Vivio||1992|1998|Хэтчбек 3 дв.|0.7|вариатор|48|бензин|ec02487f7
Subaru|Vivio||1992|1998|Хэтчбек 3 дв.|0.7|вариатор|64|бензин|ec02487f7
Subaru|Vivio||1992|1998|Хэтчбек 3 дв.|0.7|механика|42|бензин|ec02487f7
Subaru|Vivio||1992|1998|Хэтчбек 3 дв.|0.7|механика|52|бензин|ec02487f7
Subaru|Vivio||1992|1998|Хэтчбек 3 дв.|0.7|механика|64|бензин|ec02487f7
Subaru|Vivio||1992|1998|Хэтчбек 5 дв.|0.7|автомат|42|бензин|48c5e070b
Subaru|Vivio||1992|1998|Хэтчбек 5 дв.|0.7|вариатор|64|бензин|48c5e070b
Subaru|Vivio||1992|1998|Хэтчбек 5 дв.|0.7|механика|42|бензин|48c5e070b
Subaru|Vivio||1992|1998|Хэтчбек 5 дв.|0.7|механика|54|бензин|48c5e070b
Subaru|Vivio||1992|1998|Хэтчбек 5 дв.|0.7|механика|64|бензин|48c5e070b
Subaru|WRX STi|I Рестайлинг|2016|н.в.|Седан|2.0|механика|308|бензин|3134f3bde
Subaru|WRX STi|I Рестайлинг|2016|н.в.|Седан|2.0|механика|329|бензин|3134f3bde
Subaru|WRX STi|I Рестайлинг|2016|н.в.|Седан|2.5|механика|300|бензин|3134f3bde
Subaru|WRX STi|I|2014|2017|Седан|2.0|механика|305|бензин|e5a78fe2f
Subaru|WRX STi|I|2014|2017|Седан|2.5|механика|300|бензин|e5a78fe2f
Subaru|WRX|I Рестайлинг|2016|н.в.|Седан|2.0|вариатор|268|бензин|6cb6fd215
Subaru|WRX|I Рестайлинг|2016|н.в.|Седан|2.0|вариатор|300|бензин|6cb6fd215
Subaru|WRX|I Рестайлинг|2016|н.в.|Седан|2.0|механика|268|бензин|6cb6fd215
Subaru|WRX|I|2014|2017|Седан|2.0|вариатор|268|бензин|c30f301e1
Subaru|WRX|I|2014|2017|Седан|2.0|вариатор|300|бензин|c30f301e1
Subaru|WRX|I|2014|2017|Седан|2.0|механика|268|бензин|c30f301e1
Subaru|XT||1987|1992|Купе|1.8|механика|120|бензин|6fc78a666
Subaru|XT||1987|1992|Купе|1.8|механика|136|бензин|6fc78a666
Subaru|XT||1987|1992|Купе|1.8|механика|98|бензин|6fc78a666
Subaru|XT||1987|1992|Купе|2.7|механика|150|бензин|6fc78a666
Subaru|XV|I Рестайлинг|2016|2017|Внедорожник 5 дв.|1.6|вариатор|114|бензин|4c7b81023
Subaru|XV|I Рестайлинг|2016|2017|Внедорожник 5 дв.|1.6|механика|114|бензин|4c7b81023
Subaru|XV|I Рестайлинг|2016|2017|Внедорожник 5 дв.|2.0|вариатор|150|бензин|4c7b81023
Subaru|XV|I Рестайлинг|2016|2017|Внедорожник 5 дв.|2.0|механика|147|дизель|4c7b81023
Subaru|XV|I Рестайлинг|2016|2017|Внедорожник 5 дв.|2.0|механика|150|бензин|4c7b81023
Subaru|XV|II Рестайлинг|2021|н.в.|Внедорожник 5 дв.|2.0|вариатор|150|бензин|450e294b8
Subaru|XV|II|2017|н.в.|Внедорожник 5 дв.|1.6|вариатор|114|бензин|bab6c003f
Subaru|XV|II|2017|н.в.|Внедорожник 5 дв.|2.0|вариатор|150|бензин|bab6c003f
Subaru|XV|I|2011|2016|Внедорожник 5 дв.|1.6|вариатор|114|бензин|00e286624
Subaru|XV|I|2011|2016|Внедорожник 5 дв.|1.6|механика|114|бензин|00e286624
Subaru|XV|I|2011|2016|Внедорожник 5 дв.|2.0|вариатор|150|бензин|00e286624
Subaru|XV|I|2011|2016|Внедорожник 5 дв.|2.0|вариатор|150|гибрид|00e286624
Subaru|XV|I|2011|2016|Внедорожник 5 дв.|2.0|механика|147|дизель|00e286624
Subaru|XV|I|2011|2016|Внедорожник 5 дв.|2.0|механика|150|бензин|00e286624