Venturi|210||1984|1995|Кабриолет|2.5|механика|210|бензин|67095b052
Venturi|210||1984|1995|Кабриолет|2.9|механика|260|бензин|67095b052
Venturi|210||1984|1995|Купе|2.5|механика|210|бензин|17000afbc
Venturi|260 LM||1989|1995|Купе|2.9|механика|260|бензин|4ca6efe1e
Venturi|300 Atlantique||1994|2000|Купе|3.0|механика|282|бензин|a58808c77
Venturi|400 GT||1994|1998|Купе|3.0|механика|400|бензин|a99e0006d
Venturi|400 GT||1994|1998|Купе|3.0|механика|408|бензин|a99e0006d