Wiesmann|GT||2003|2013|Купе|4.4|автомат|407|бензин|cb4892024
Wiesmann|GT||2003|2013|Купе|4.4|автомат|555|бензин|cb4892024
Wiesmann|Roadster||1996|2013|Родстер|2.8|механика|193|бензин|75f49352a
Wiesmann|Roadster||1996|2013|Родстер|3.0|механика|231|бензин|75f49352a
Wiesmann|Roadster||1996|2013|Родстер|3.2|механика|321|бензин|75f49352a
Wiesmann|Roadster||1996|2013|Родстер|3.3|механика|325|бензин|75f49352a