mark|logo
AC|b1fb3bec6.jpg
Acura|729ad4308.jpg
Adler|48cee5d1d.jpg
Alfa Romeo|a847d51cd.jpg
Alpina|362f7adc9.jpg
Alpine|846e22b7b.jpg
AM General|d978fac62.jpg
AMC|06f745c5b.jpg
Apal|1625d0ac9.jpg
Ariel|29c4a5c66.jpg
Aro|e3583d80b.jpg
Asia|a173e7256.jpg
Aston Martin|586cf043a.jpg
Auburn|b07d58ba0.jpg
Audi|0fee08a6f.jpg
AURUS|771f2dee7.jpg
Austin|5b06f1f08.jpg
Austin Healey|f27738632.jpg
Autobianchi|4f8c6ff02.jpg
BAIC|9675cad37.jpg
Bajaj|c9fa15eb5.jpg
Baltijas Dzips|419f8cedd.jpg
Batmobile|0d99be30d.jpg
Bentley|5bd25aa68.jpg
Bertone|8a2b8c614.jpg
Bilenkin|8bf816722.jpg
Bio auto|faaea65ef.jpg
Bitter|0a7590ccf.jpg
BMW|dfa36897d.jpg
Borgward|2b489f963.jpg
Brabus|b6072de54.jpg
Brilliance|b251736f4.jpg
Bristol|0f8f98030.jpg
Bufori|806c1a2a2.jpg
Bugatti|a3a73bf29.jpg
Buick|959f473cd.jpg
BYD|6e1d76320.jpg
Byvin|9430bbcba.jpg
Cadillac|8deb83bcf.jpg
Callaway|a06a83448.jpg
Carbodies|f57686758.jpg
Caterham|7cfe496c2.jpg
Chana|79b27d1c6.jpg
Changan|1ee7c5773.jpg
ChangFeng|2ba0a12a4.jpg
Changhe|5119e925e.jpg
Chery|26e13d3cb.jpg
CHERYEXEED|46ee663ad.jpg
Chevrolet|0483ac7d0.jpg
Chrysler|bc265902c.jpg
Citroen|46bf00f71.jpg
Cizeta|08db7e931.jpg
Coggiola|096e874d3.jpg
Cord|7dce3a43c.jpg
Cupra|99704ce57.jpg
Dacia|23b7b6e2c.jpg
Dadi|c62a080b3.jpg
Daewoo|352346c51.jpg
Daihatsu|46c84d8c6.jpg
Daimler|eae043819.jpg
Dallara|d2da4844d.jpg
Datsun|b0a590f38.jpg
De Tomaso|b86d75300.jpg
Deco Rides|85304c6af.jpg
Delage|260596015.jpg
DeLorean|b092c3433.jpg
Derways|45bbf9411.jpg
DeSoto|677f3353d.jpg
DKW|2dd68877d.jpg
Dodge|5f1a7e1f6.jpg
DongFeng|a9d6f66e1.jpg
Doninvest|ebc2836f9.jpg
Donkervoort|eee686224.jpg
DS|2ee0d2dca.jpg
DW Hower|3531ba2b4.jpg
E-Car|d942fd127.jpg
Eagle|0af99bc6a.jpg
Eagle Cars|7f2f85391.jpg
Excalibur|033091d97.jpg
FAW|39368365b.jpg
Ferrari|fb1d9ef6a.jpg
Fiat|46b799ef6.jpg
Fisker|6a3cbb4e0.jpg
Flanker|1b459d29f.jpg
Ford|51aec2b20.jpg
Foton|bc0d446ce.jpg
FSO|99fd3cc18.jpg
Fuqi|53be415ba.jpg
GAC|de57f1f16.jpg
Geely|187c4714d.jpg
Genesis|17b30f8a9.jpg
Geo|8770e1d00.jpg
GMC|3f459e026.jpg
Gonow|e9295c1f7.jpg
Gordon|b6c33e696.jpg
GP|32da67dd4.jpg
Great Wall|fa3acd8f1.jpg
Hafei|854252abf.jpg
Haima|61158a0e0.jpg
Hanomag|904232705.jpg
Haval|ff2eacce8.jpg
Hawtai|735fd4c69.jpg
Heinkel|a2883fe77.jpg
Hennessey|0d6767039.jpg
Hindustan|58833b498.jpg
Hispano-Suiza|0c72920a1.jpg
Holden|0fcc5c098.jpg
Honda|db61627fd.jpg
Horch|d10ec9525.jpg
HuangHai|ce3ed2359.jpg
Hudson|bf119ed6e.jpg
Hummer|ecdfd7524.jpg
Hyundai|f496efcf1.jpg
Infiniti|7f716e882.jpg
Innocenti|23d914074.jpg
International|bc440f645.jpg
Invicta|60c771d90.jpg
Iran Khodro|361a318b9.jpg
Isdera|2ecda5f68.jpg
Isuzu|89bf70ec2.jpg
IVECO|1c04bd198.jpg
JAC|735c92e27.jpg
Jaguar|432f1e4cb.jpg
Jeep|90aae2cd8.jpg
Jensen|e03d6be7b.jpg
Jinbei|dfb57e84a.jpg
JMC|f06ddca8d.jpg
Kia|3ed2a938c.jpg
Koenigsegg|28bca0bb7.jpg
KTM AG|b979f5ffc.jpg
LADA (ВАЗ)|dceecf06a.jpg
Lamborghini|c095d3dae.jpg
Lancia|3da075772.jpg
Land Rover|ede392c86.jpg
Landwind|8ba5e99ac.jpg
Lexus|63b27b91a.jpg
Liebao Motor|5936bcda1.jpg
Lifan|c1f6a17c3.jpg
Ligier|d6b876f09.jpg
Lincoln|9b0ce4280.jpg
LiXiang|dfb490579.jpg
Logem|6879659b6.jpg
Lotus|bfc6ec178.jpg
LTI|52217d7d7.jpg
Lucid|dbeaaaa14.jpg
Luxgen|0882365c2.jpg
Mahindra|fcbd9950e.jpg
Marcos|e59bcef41.jpg
Marlin|e217aadc1.jpg
Marussia|8c0113a5f.jpg
Maruti|5ad5a7e87.jpg
Maserati|ae0b20204.jpg
Maybach|e9397c561.jpg
Mazda|5850c58b0.jpg
McLaren|6f446015b.jpg
Mega|b54062188.jpg
Mercedes-Benz|7b9d5efbc.jpg
Mercury|606cb109e.jpg
Metrocab|66fee8cd7.jpg
MG|bd62be752.jpg
Microcar|e87845363.jpg
Minelli|6ae53dd5e.jpg
MINI|34d5a1dea.jpg
Mitsubishi|ff11cc5c3.jpg
Mitsuoka|875d0bfbf.jpg
Morgan|8e4408b47.jpg
Morris|cff9da22f.jpg
Nash|f87b7f4fa.jpg
Nio|cb15edb17.jpg
Nissan|af541f0e0.jpg
Noble|0bb84abc0.jpg
Oldsmobile|a189f7b18.jpg
Opel|ec009f403.jpg
Osca|6e2493b38.jpg
Packard|c43bf45eb.jpg
Pagani|2245cda90.jpg
Panoz|823001696.jpg
Perodua|e995df65e.jpg
Peugeot|33b871b71.jpg
PGO|bedf2ce3b.jpg
Piaggio|098d84e7e.jpg
Plymouth|679fe35a8.jpg
Polestar|a10f5dfd5.jpg
Pontiac|3282fb5d5.jpg
Porsche|532a0458c.jpg
Premier|83273a18d.jpg
Proton|9ff513209.jpg
PUCH|9b75db9c5.jpg
Puma|8dd8a2602.jpg
Qoros|1d2bd0a3e.jpg
Qvale|a923d22e9.jpg
RAM|ac698b848.jpg
Rambler|39a852d1b.jpg
Ravon|adb6484e8.jpg
Reliant|f55797bd4.jpg
Renaissance|05c0fc89e.jpg
Renault|24b467f5b.jpg
Renault Samsung|318dc3a0b.jpg
Rezvani|01defea19.jpg
Rimac|9eb68a22d.jpg
Rinspeed|a02892d57.jpg
Roewe|8edb9d722.jpg
Rolls-Royce|8cb8daa0f.jpg
Ronart|faac2107f.jpg
Rover|ac54ed2d6.jpg
Saab|b88cdcd42.jpg
Saipa|5b1a54ed6.jpg
Saleen|e39cd6bdd.jpg
Santana|82bd94b5a.jpg
Saturn|7c14ab20f.jpg
Scion|81fe20872.jpg
Sears|4ab92ebbd.jpg
SEAT|5edad5d55.jpg
Shanghai Maple|10a9fd110.jpg
ShuangHuan|99ba35c53.jpg
Simca|fae53ecfb.jpg
Skoda|892eb75f4.jpg
Smart|46b885d1d.jpg
Soueast|d98061e93.jpg
Spectre|b5b98ecb2.jpg
Spyker|1aaceb98d.jpg
SsangYong|d49769013.jpg
Steyr|3117602f7.jpg
Studebaker|26f34c5ba.jpg
Subaru|5fab81072.jpg
Suzuki|cbfe31802.jpg
Talbot|bad6f32c3.jpg
TATA|edb162f71.jpg
Tatra|9f0a7d109.jpg
Tazzari|435412a8d.jpg
Tesla|efd12553d.jpg
Think|64c41fa35.jpg
Tianma|ac5642f3e.jpg
Tianye|5beed116a.jpg
Tofas|f61643db9.jpg
Toyota|5983871b1.jpg
Trabant|f2119d8a7.jpg
Tramontana|226ff9d37.jpg
Triumph|1f04a67e4.jpg
TVR|b1c879ff2.jpg
Ultima|11cd66d96.jpg
Vauxhall|1b43cb35f.jpg
Vector|a57e06f45.jpg
Venturi|34e243e73.jpg
Volkswagen|4cf1eadc9.jpg
Volvo|01f52a562.jpg
Vortex|5a9a2f064.jpg
W Motors|7b1729d50.jpg
Wanderer|ae36a27aa.jpg
Wartburg|c27e5a1fd.jpg
Weltmeister|b73cfde3b.jpg
Westfield|2190a23c7.jpg
Wiesmann|6952b546e.jpg
Willys|6eed23ced.jpg
Xin Kai|08b001d5e.jpg
Xpeng|2d35f3df2.jpg
Yulon|8d78ef871.jpg
Zastava|0376802e9.jpg
Zenos|2ea08f412.jpg
Zenvo|6c5b836e6.jpg
Zibar|44d27f50c.jpg
Zotye|9f74474fe.jpg
ZX|0f462d6b7.jpg
Ё-мобиль|70b203326.jpg
Автокам|172d628f5.jpg
ГАЗ|9ce7a3a92.jpg
ЗАЗ|5ce6d3232.jpg
ЗИЛ|fdbb2c7df.jpg
ЗиС|e7b7c9ebc.jpg
ИЖ|14f8aa402.jpg
Канонир|1bc09f126.jpg
Комбат|730e92ded.jpg
ЛуАЗ|c5a54024b.jpg
Москвич|3554ba280.jpg
СМЗ|2aeca1706.jpg
Спортивные авто и Реплики|065f24e6c.jpg
ТагАЗ|204201408.jpg
УАЗ|eb1c40970.jpg