mark;model
Agromehanika;AGT 850
Agromet;Anna Z-644
Agrostroj;TZ-4K
Ahwi;RT
Amazone;Citan
Amazone;D9
Amazone;DMC
Amazone;EDX
Amazone;UG
Amazone;UX 11200
Bagram;B/6
Bourgault;4100
Bourgault;6000
Bourgault;7200
Brait;135
Brait;135DAE
Brait;135DEB
Brait;135GB
Brait;135GC
Brait;135GD
Brait;BR-75
Brait;BR-80
Branson;1905H
Branson;K78
Branson;Серия 00
Branson;Серия 25C
Branson;Серия 25R
Branson;Серия F
Caiman;Eco Max 50SC2
Caiman;Eco Max 60SC2
Caiman;Mokko 40C2
Caiman;Nano 40K
Caiman;Neo 50SC3
Caiman;Neo 60HC3
Caiman;Quatro Max 60S
Caiman;Quatro Max 70S
Caiman;Terro 50SC2
Caiman;Trio 70C3
Caiman;Turbo 1000
Caiman;Vario 55H
Caiman;Vario 60H
Caiman;Vario 60S
Caiman;Vario 70S
Carver;MT-650
Carver;MT-900
Carver;MTL-650
Case IH;Axial-Flow
Case IH;Farmall
Case IH;Magnum
Case IH;Puma
Case IH;Steiger
Caterpillar;320GC
Caterpillar;525
Caterpillar;Challenger
Catmann;MT-242
Catmann;MT-350
Catmann;T-18
Catmann;XD-150
Catmann;XD-35.3
Catmann;XD-35.4
Catmann;XD-355
Catmann;XD-65.4
Catmann;XD-65.4 XENUM
Challenger;MT 685
Challenger;MT 765
Challenger;MT 855B
Chery;RD
Claas;Axion 850
Claas;Dominator 204
Claas;Jaguar 850
Claas;Lexion 480
Claas;MEGA
Claas;Quadrant
Claas;Tucano
Claas;Xerion
Craftsman;GT6000
Crosser;CR-M12E-1 Premium
Deutz-Fahr;6095HTS
Deutz-Fahr;Agrotron
DongFeng;DF
DongFeng;DFA 1062
ECHO;Bear Cat CH6730H
Energreen;ILF 1000
Energreen;ILF B2000
Energreen;ILF S1500
Energreen;RoboGreen
Fecon;FTX140
Fecon;FTX148-L
Fendt;Favorit 824
Fendt;Vario 716
Fendt;Vario 718
Fendt;Vario 930
Fengshou;150
Fengshou;180
Ferrari;Cromo K60 AR
Ferrari;Cromo K60 RS
Forst;ST6
Forst;ST6P
Forst;ST8
Forst;TR6
Forst;TR8
Forst;XR8
Fortschritt;E281
Fortschritt;E302
Fortschritt;E303
Fortschritt;E516
Forward;FHT-52
Forward;FHT-70
Forward;FHT-950
Forza;FZ-01-6.5F
Forza;FZ-01-6.5FE
Forza;FZ-01-9.0FE
Forza;FZ-02-6.5F
Forza;FZ-02-6.5FE
Forza;FZ-02-9.0FE
Forza;МБ-105/7.0
Forza;МБ-105/9.0
Forza;МБ-105М
Forza;МБД-105
Forza;МБН-02-9.0Е
Foton;TB
Foton;TE
Foton;TG
Franz Kleine;Cleanliner Mega
Franz Kleine;SF 10-2
Garden Scout;GS-T12
Garden Scout;GS-T15
Garden Scout;GS-T24
Garden Scout;MT12
Garden Scout;Скаут Т-15
Garden Scout;Скаут Т-18
Garden Scout;Скаут Т-25
Garden Scout;Скаут Т-254C
Goldoni;Aster
Grimme;DR1500
Grimme;SE75
Hatzenbichler;Terminator TH9
Heizohack;HM14-800
Hinomoto;C174
Hinomoto;CX15
Hinomoto;E204
Hinomoto;E25
Hinomoto;N209
Hinomoto;N249
Hinomoto;NX221
Holmer;Комбайны свеклоуборочные
Honda;Mighty 13R
Honda;TX20
Horsch;Pronto 9RX
Huanghai Jinma;JM - Series
Husqvarna;PF 21 AWD
Husqvarna;TF 230
Husqvarna;TF 338
Husqvarna;TF 434P
Husqvarna;TF 536
Huter;GMC-1.8
Huter;GMC-5.5
Huter;GMC-6.5
Huter;GMC-7.0
Huter;GMC-7.5
Huter;GMC-9.0
Iseki;Sial (U-DX)
Iseki;T625
Iseki;TA227
Iseki;TA235
Iseki;TA247
Iseki;TA267
Iseki;TA275
Iseki;TA295F
Iseki;TF17
Iseki;TF21
Iseki;TL
Iseki;TM17
Iseki;TS2510
Iseki;TU130
Iseki;TU135
Iseki;TU1400
Iseki;TU1600
Iseki;TU1700
Iseki;TU175
Iseki;TU185
Iseki;TU1900
Iseki;TU197
Iseki;TU200
Iseki;TU2100
Iseki;TX1500
Iseki;TX155F
JCB;Fastrac
Jinma;JM-184
Jinma;JM-244
Jinma;JM-354
John Deere;1000 Series
John Deere;1010E
John Deere;1210E
John Deere;1270E
John Deere;1470E
John Deere;1510E
John Deere;1910E
John Deere;5000 Series
John Deere;550
John Deere;6000 Series
John Deere;7000 Series
John Deere;753J
John Deere;8000 Series
John Deere;803M
John Deere;8295R
John Deere;853J
John Deere;9000 Series
John Deere;H Series
John Deere;Посевные комплексы
Kepler;RDT-121E
Kioti;CK22
Kioti;CK35
Kioti;DK551
Kioti;DK904
Kioti;EX40
Kioti;NX4510
Kodiak;B160
Komatsu;835
Komatsu;845
Komatsu;855
Komatsu;860
Komatsu;865
Komatsu;875
Komatsu;890
Komatsu;895
Komatsu;901
Komatsu;911
Komatsu;931
Komatsu;941
Komatsu;951
Komptech;Axtor 8012
Kubota;Aste
Kubota;B1-15D
Kubota;B1-16
Kubota;B1-17
Kubota;B1200
Kubota;B1402-M
Kubota;B1502
Kubota;B1600
Kubota;B5000
Kubota;B6000
Kubota;B7000
Kubota;G1700
Kubota;GB15
Kubota;GL-Series
Kubota;GT3
Kubota;L1
Kubota;L1802
Kubota;L215
Kubota;L2602
Kubota;L3001
Kubota;Saturn
KUHN;FB 119
KUHN;LSB 1290
Lamborghini;DL25
Lamborghini;R8
Lamborghini;Runner
LGMG;MT76
LKT;81
Logset;10H
Lovol;TB504
Lovol;TB804
Lovol;TE244
Lovol;TE354
Massey Ferguson;MF 23
MasterYard;Compact 60RC
MasterYard;Compact 65LC
MasterYard;ECO Max 70RC2
MasterYard;M244
MasterYard;MB 40R
MasterYard;MB 87L
MasterYard;MT70R TWR+
MasterYard;Nano 40R
MasterYard;Quatro Junior Diesel TWK+
MasterYard;Terro 60RC2
MaxCut;MC 1000
MaxCut;MC 750
McCormick;ZTX
McCulloch;M155-107TC
Mitsubishi;D 1550 FD
Mitsubishi;D 1600 FD
Mitsubishi;MT-14
Mitsubishi;MT-15
Mitsubishi;MT-16
Mitsubishi;MT-1601
Mitsubishi;MT-165
Mitsubishi;MT-17
Mitsubishi;MT-18
Mitsubishi;MT-1801
Mitsubishi;MT-180D
Mitsubishi;MT-185
Mitsubishi;MT-20
Mitsubishi;MT-200
Mitsubishi;MT-205
Mitsubishi;MT-23
Mitsubishi;MT-25
Mitsubishi;MT-52
Mitsubishi;MTX-15
Mitsubishi;MTX-225
Morbark;M14R
Morbark;M15R
Morbark;M18R
New Holland;3930
New Holland;CR8070
New Holland;CS6090
New Holland;CX6090
New Holland;CX8080
New Holland;T5
New Holland;T7
New Holland;T7050
New Holland;T8
New Holland;T8040
New Holland;T9040
New Holland;TC5080
New Holland;TD5
New Holland;TG285
New Holland;TJ425
New Holland;TM190
NOE;NF210-6R
Nokamic;NP-8030
Oxbo;9000
Palesse;GS
Patriot;T2030
Patriot;Волга
Patriot;Калуга
Patriot;Калуга М
Patriot;Кама 7
Patriot;Победа
Patriot;Самара
Patriot;Самара М
Pazzaglia;FZ 90
Perard;Interbenne 39
Ponsse;Bear
Ponsse;Buffalo
Ponsse;Elephant
Ponsse;Elk
Ponsse;Ergo
PrimeTech;PT-175
PrimeTech;PT-300
PrimeTech;PT-400
PrimeTech;PT-600
Prorab;GT 120 RDKe
Prorab;GT 750 SU
Prorab;GT 80 RDKe
Pubert;Compact 40B
Pubert;MB Fun 450
Pubert;MB25H
Pubert;Nano 40B
Pubert;Vario 55B
Pubert;Vario 55H
Pubert;Vario 70B
RMH;Mixell-14
RMH;Mixell-24
Ropa;Euro Maus
Rottne;F14
Rottne;H14
Same;Laser
Saturn;HSD1G-75
Saturn;HSD1G-80
Shibaura;P15F
Shibaura;P17F
Shibaura;SD4000
Shibaura;ST333
ShiFeng;SF-240
ShiFeng;SF-244
ShiFeng;SF-254
Skorpion;250 SDT
Skorpion;280 SDB
Skorpion;350 RB
Skorpion;350 SDB
Skorpion;500 SDB
Stara;Imperador 3100
STIGA;Park
Storti;Doberman SW
Storti;Husky
Suokone Mericrusher;MC4
Suokone Mericrusher;MJ
Suokone Mericrusher;MJHS
Suokone Mericrusher;MJS
Swatt;TS
TaiShan;TS-254
Teknamotor;Scorpion 250SD
Terrion;ATM 5280
Terrion;ATM 7360
Terrion;Серия SR3000
Tigercat;H250B
Timberjack;1010B
Timberjack;1110D
Timberjack;1270B
Timberjack;1270C
Timberjack;1410B
Toro;523Dxi
Trucked Vehicles;МГ-4
Trucked Vehicles;МЛП-4 Дозор-4200 Лесопожарная
Trucked Vehicles;МТБ-18
TYM;T194
TYM;T233
TYM;T273
TYM;T433
TYM;T503
TYM;T723
TYM;TS23
Ulan-RT;1304
UM-Forest;ET-240
UM-Forest;ЕТ-330
UM-Forest;ЕТ-360
UM-Forest;ЕТ-400
UNIA;RCW-LBR 5500
Unique;UT1004
Valmet;840
Valmet;860
Valtra;Трактора
Vermeer;TS44A
Versatile;2375
Versatile;305
Versatile;535
Versatile;570
Versatile;620
VHB;Bti Agri RB
Volvo;EC210
Weituo;TY-254
WIC;Комбайн
XCMG;KAT2804
Xingtai;XT
Yanmar;AF-26
Yanmar;AF-290
Yanmar;F-15
Yanmar;F-16
Yanmar;F-165
Yanmar;F-18
Yanmar;F-180
Yanmar;F-195
Yanmar;F-20
Yanmar;F-215
Yanmar;F-22
Yanmar;F-220
Yanmar;F-235
Yanmar;F-455
Yanmar;F-5
Yanmar;F-6
Yanmar;F-7
Yanmar;FX-175
Yanmar;FX-195
Yanmar;FX-20
Yanmar;FX-215
Yanmar;FX-22
Yanmar;FX-24
Yanmar;FX-255
Yanmar;KE-3
Yanmar;KE-50
Yanmar;RS-24
Yanmar;YM1301D
Yanmar;YM1500
Yanmar;YM1820D
Yanmar;YM2010
Yanmar;YM2310D
Yanmar;YM2610D
YTO;YTO-404
YTO;YTO-454
YTO;YTO-X1004
YTO;YTO-X1304
Yukon;W5064
Zetor;Forterra
Zetor;Major
Zetor;Proxima
Авион;4401
Агро-Союз;Cross Slot 5.200
Агромаш;150ТГ
Агромаш;180ТК
Агромаш;30СШ/50СШ
Агромаш;30ТК
Агромаш;30ТК Кабриолет
Агромаш;50ТК
Агромаш;60ТК
Агромаш;60ТК Кабриолет
Агромаш;85ТК
Агромаш;90ТГ
Агромаш;ОП
АЗСМ Прогресс;ЛП-18
АЗСМ Прогресс;ЛТ-187
Алтайлесмаш;МТЧ
Алтайлесмаш;ТЛ-4
Алтайлесмаш;ТЛ-5АЛМ
Алттрак;Гусеничные трактора
Амкодор;2243
Амкодор;2551
Амкодор;2661
Амкодор;2662
Амкодор;2682
АТЗ;Т-4
АТЗ;ТТ-4
АТЗ Гранд;ТСН-4
БАЗ;Т-140
Балтиец;К-700
Балтиец;К-701
Балтиец;К-702
Балтиец;К-703
Балтиец;К-707
Балтиец;К-709
Беларус;132МТ
Бобруйск АгроМаш;ПР-Ф-145
Бобруйск АгроМаш;ПРМ-150
Брянсксельмаш;КЗС-10К-26
Брянсксельмаш;КЗС-1218
БТЗ;243К
Булат;354
ВгТЗ;Агромаш
ВгТЗ;ВТ
ВгТЗ;ДТ-175
ВгТЗ;ДТ-75
Воронежсельмаш;ОВС-25
ВТЗ;ВТЗ-2048А
ВТЗ;Т-16
ВТЗ;Т-25А
ВТЗ;Т-28
ВТЗ;Т-30
ВУАЗ АГРО;1000
ВУАЗ АГРО;1000М
ВУАЗ АГРО;2000М
ГазТурбоСервис;ТС-350
Гомсельмаш;К-Г-6
Гомсельмаш;КВК-800
Гомсельмаш;КДП-3000
Гомсельмаш;КЗР
Гомсельмаш;КЗС-1218
Гомсельмаш;КЗС-1624
Гомсельмаш;КЗС-7
Гомсельмаш;КЗС-812
Гомсельмаш;КСК-600 (Палессе FS60)
Другие;Неизвестна (сельскохозяйственные)
Енисей;Зерноуборочные комбайны
КамАЗ;XTX 185
КамАЗ;XTX 215
КамАЗ;ЗСК-10
КамАЗ;ЗСК-15
КамАЗ;ЗСК-20
КамАЗ;МПД-1800
КамТЗ;ТТХ 215
Кентавр;Т-15
Кентавр;Т-18
Кентавр;Т-24
Кентавр;Т-24 PRO
Кентавр;Т-240
Кентавр;Т-244
Кентавр;Т-654
Киргизстан;ППЛ-Ф-1.6
Кировец;K-744
Кировец;К-3000АТМ
Кировец;К-424
Кировец;К-700
Кировец;К-701
Кировец;К-703
КМЗ;КМЗ-012
КТЗ Траком;Т-54
КТЗ Траком;Т-70
КЭМЗ;Ant Zetor 4050
КЭМЗ;Ant Zetor 4135
ЛесТехКом;ЛП
Лидагропроммаш;Лида
ЛМЗ;704
ЛТЗ;55 А
ЛТЗ;60АВ
ЛТЗ;Т-40АМ
Митракс;T10
МТЗ;320 ПО4
МТЗ;Беларус 622
МТЗ;Беларус 952
МТЗ;МТЗ-082
МТЗ;МТЗ-09
МТЗ;МТЗ-1021
МТЗ;МТЗ-1025
МТЗ;МТЗ-12
МТЗ;МТЗ-1220
МТЗ;МТЗ-1221
МТЗ;МТЗ-132
МТЗ;МТЗ-1523
МТЗ;МТЗ-2022
МТЗ;МТЗ-2522
МТЗ;МТЗ-3022
МТЗ;МТЗ-320
МТЗ;МТЗ-3522
МТЗ;МТЗ-50
МТЗ;МТЗ-52
МТЗ;МТЗ-80
МТЗ;МТЗ-82
МТЗ;МТЗ-826
МТЗ;МТЗ-892
МТЗ;МТЗ-920
МТЗ;ТТР-401
Нева;МБ-23
Нева;МБ-2Б
Нева;МБ-2К
Нева;МБ-2Н
Нева;МБ-2С
НОЭЗНО;КИС-7БМ
ОТЗ;Онежец-390
ОТЗ;ТДТ-55
ОТЗ;ТЛТ-100
Парма;105.3
Парма;168-3 Фаворит
Парма;BT-01-6.5
ПМЗ;МФ-705
Промтехсервис;ШУС-001 Федор
ПТК;К-702МА-ПЛК-6
ПТК;К-703МА (К-703М)
ПТК;К-703МА-12
ПТК;К-703МА-12-01
ПТК;К-703МА-12-02
ПТК;К-703МА-12-03
ПТК;К-703МА-12-04
ПТК;К-703МА-ЛТ-195
ПТК;К-703МА-МЛ-30
ПТК;К-703МА-МЛ-56
РКЗ;КПК-2-01
Ростсельмаш;ACROS
Ростсельмаш;TORUM
Ростсельмаш;VECTOR
Ростсельмаш;ДОН
Ростсельмаш;СК-5 (Нива)
Рубин;Рубин-04
Спецстроймаш;Тракторы
Спецстроймаш;Трелевочные машины
СпецТракАгро;Колумбия Р10
СПК;ХТА-250-13
Техносервис;Т6920
Техстроймаш;МЛ
ТКЗ;КЗС-3 (Русь)
Уралвагонзавод;РТ-М-160
Уралец;160
Уралец;220
Уралец;2204
Уралец;224
Файтер;Т-15
ХТЗ;150К-09
ХТЗ;17221
ХТЗ;2511
ХТЗ;Колесные трактора
ХТЗ;Т-150К
ХТЗ;Т-155
ХТЗ;Т-16
ХТЗ;Т-25
ХТЗ;Т-70
Целина;МБ-501
Целина;МБ-600
Целина;МБ-601
Целина;МБ-610Р
Целина;МБ-700
Целина;МБ-701
Целина;МБ-710Р
Целина;МБ-900
Целина;МБ-901
Целина;МК-380L
Целина;МК-500L
ЧЗТ;Т-10.V.М.Б.0121
Чувашпиллер;120
Чувашпиллер;180
Чувашпиллер;184
Чувашпиллер;220
Чувашпиллер;240
Чувашпиллер;244
Чувашпиллер;354
Чувашпиллер;504
Чувашпиллер;804
Чувашпиллер;Русич Т-12
Чувашпиллер;Русич Т-15
Чувашпиллер;Русич Т-21
Чувашпиллер;Русич Т-224
Чувашпиллер;Русич Т-244
ЭксМаш;M300
ЮМЗ;6
ЮМЗ;6002
ЮМЗ;652
Ярославец;Комбайны самоходные кормоуборочные