{
 "id": "agricultural",
 "name": "Сельскохозяйственный",
 "group": "commercial",
 "list": {
  "Agromehanika": [
   "AGT 850"
  ],
  "Agromet": [
   "Anna Z-644"
  ],
  "Agrostroj": [
   "TZ-4K"
  ],
  "Ahwi": [
   "RT"
  ],
  "Amazone": [
   "Citan",
   "D9",
   "DMC",
   "EDX",
   "UG",
   "UX 11200"
  ],
  "Bagram": [
   "B/6"
  ],
  "Bourgault": [
   "4100",
   "6000",
   "7200"
  ],
  "Brait": [
   "135",
   "135DAE",
   "135DEB",
   "135GB",
   "135GC",
   "135GD",
   "BR-75",
   "BR-80"
  ],
  "Branson": [
   "1905H",
   "K78",
   "Серия 00",
   "Серия 25C",
   "Серия 25R",
   "Серия F"
  ],
  "Caiman": [
   "Eco Max 50SC2",
   "Eco Max 60SC2",
   "Mokko 40C2",
   "Nano 40K",
   "Neo 50SC3",
   "Neo 60HC3",
   "Quatro Max 60S",
   "Quatro Max 70S",
   "Terro 50SC2",
   "Trio 70C3",
   "Turbo 1000",
   "Vario 55H",
   "Vario 60H",
   "Vario 60S",
   "Vario 70S"
  ],
  "Carver": [
   "MT-650",
   "MT-900",
   "MTL-650"
  ],
  "Case IH": [
   "Axial-Flow",
   "Farmall",
   "Magnum",
   "Puma",
   "Steiger"
  ],
  "Caterpillar": [
   "320GC",
   "525",
   "Challenger"
  ],
  "Catmann": [
   "MT-242",
   "MT-350",
   "T-18",
   "XD-150",
   "XD-35.3",
   "XD-35.4",
   "XD-355",
   "XD-65.4",
   "XD-65.4 XENUM"
  ],
  "Challenger": [
   "MT 685",
   "MT 765",
   "MT 855B"
  ],
  "Chery": [
   "RD"
  ],
  "Claas": [
   "Axion 850",
   "Dominator 204",
   "Jaguar 850",
   "Lexion 480",
   "MEGA",
   "Quadrant",
   "Tucano",
   "Xerion"
  ],
  "Craftsman": [
   "GT6000"
  ],
  "Crosser": [
   "CR-M12E-1 Premium"
  ],
  "Deutz-Fahr": [
   "6095HTS",
   "Agrotron"
  ],
  "DongFeng": [
   "DF",
   "DFA 1062"
  ],
  "ECHO": [
   "Bear Cat CH6730H"
  ],
  "Energreen": [
   "ILF 1000",
   "ILF B2000",
   "ILF S1500",
   "RoboGreen"
  ],
  "Fecon": [
   "FTX140",
   "FTX148-L"
  ],
  "Fendt": [
   "Favorit 824",
   "Vario 716",
   "Vario 718",
   "Vario 930"
  ],
  "Fengshou": [
   "150",
   "180"
  ],
  "Ferrari": [
   "Cromo K60 AR",
   "Cromo K60 RS"
  ],
  "Forst": [
   "ST6",
   "ST6P",
   "ST8",
   "TR6",
   "TR8",
   "XR8"
  ],
  "Fortschritt": [
   "E281",
   "E302",
   "E303",
   "E516"
  ],
  "Forward": [
   "FHT-52",
   "FHT-70",
   "FHT-950"
  ],
  "Forza": [
   "FZ-01-6.5F",
   "FZ-01-6.5FE",
   "FZ-01-9.0FE",
   "FZ-02-6.5F",
   "FZ-02-6.5FE",
   "FZ-02-9.0FE",
   "МБ-105/7.0",
   "МБ-105/9.0",
   "МБ-105М",
   "МБД-105",
   "МБН-02-9.0Е"
  ],
  "Foton": [
   "TB",
   "TE",
   "TG"
  ],
  "Franz Kleine": [
   "Cleanliner Mega",
   "SF 10-2"
  ],
  "Garden Scout": [
   "GS-T12",
   "GS-T15",
   "GS-T24",
   "MT12",
   "Скаут Т-15",
   "Скаут Т-18",
   "Скаут Т-25",
   "Скаут Т-254C"
  ],
  "Goldoni": [
   "Aster"
  ],
  "Grimme": [
   "DR1500",
   "SE75"
  ],
  "Hatzenbichler": [
   "Terminator TH9"
  ],
  "Heizohack": [
   "HM14-800"
  ],
  "Hinomoto": [
   "C174",
   "CX15",
   "E204",
   "E25",
   "N209",
   "N249",
   "NX221"
  ],
  "Holmer": [
   "Комбайны свеклоуборочные"
  ],
  "Honda": [
   "Mighty 13R",
   "TX20"
  ],
  "Horsch": [
   "Pronto 9RX"
  ],
  "Huanghai Jinma": [
   "JM - Series"
  ],
  "Husqvarna": [
   "PF 21 AWD",
   "TF 230",
   "TF 338",
   "TF 434P",
   "TF 536"
  ],
  "Huter": [
   "GMC-1.8",
   "GMC-5.5",
   "GMC-6.5",
   "GMC-7.0",
   "GMC-7.5",
   "GMC-9.0"
  ],
  "Iseki": [
   "Sial (U-DX)",
   "T625",
   "TA227",
   "TA235",
   "TA247",
   "TA267",
   "TA275",
   "TA295F",
   "TF17",
   "TF21",
   "TL",
   "TM17",
   "TS2510",
   "TU130",
   "TU135",
   "TU1400",
   "TU1600",
   "TU1700",
   "TU175",
   "TU185",
   "TU1900",
   "TU197",
   "TU200",
   "TU2100",
   "TX1500",
   "TX155F"
  ],
  "JCB": [
   "Fastrac"
  ],
  "Jinma": [
   "JM-184",
   "JM-244",
   "JM-354"
  ],
  "John Deere": [
   "1000 Series",
   "1010E",
   "1210E",
   "1270E",
   "1470E",
   "1510E",
   "1910E",
   "5000 Series",
   "550",
   "6000 Series",
   "7000 Series",
   "753J",
   "8000 Series",
   "803M",
   "8295R",
   "853J",
   "9000 Series",
   "H Series",
   "Посевные комплексы"
  ],
  "Kepler": [
   "RDT-121E"
  ],
  "Kioti": [
   "CK22",
   "CK35",
   "DK551",
   "DK904",
   "EX40",
   "NX4510"
  ],
  "Kodiak": [
   "B160"
  ],
  "Komatsu": [
   "835",
   "845",
   "855",
   "860",
   "865",
   "875",
   "890",
   "895",
   "901",
   "911",
   "931",
   "941",
   "951"
  ],
  "Komptech": [
   "Axtor 8012"
  ],
  "Kubota": [
   "Aste",
   "B1-15D",
   "B1-16",
   "B1-17",
   "B1200",
   "B1402-M",
   "B1502",
   "B1600",
   "B5000",
   "B6000",
   "B7000",
   "G1700",
   "GB15",
   "GL-Series",
   "GT3",
   "L1",
   "L1802",
   "L215",
   "L2602",
   "L3001",
   "Saturn"
  ],
  "KUHN": [
   "FB 119",
   "LSB 1290"
  ],
  "Lamborghini": [
   "DL25",
   "R8",
   "Runner"
  ],
  "LGMG": [
   "MT76"
  ],
  "LKT": [
   "81"
  ],
  "Logset": [
   "10H"
  ],
  "Lovol": [
   "TB504",
   "TB804",
   "TE244",
   "TE354"
  ],
  "Massey Ferguson": [
   "MF 23"
  ],
  "MasterYard": [
   "Compact 60RC",
   "Compact 65LC",
   "ECO Max 70RC2",
   "M244",
   "MB 40R",
   "MB 87L",
   "MT70R TWR+",
   "Nano 40R",
   "Quatro Junior Diesel TWK+",
   "Terro 60RC2"
  ],
  "MaxCut": [
   "MC 1000",
   "MC 750"
  ],
  "McCormick": [
   "ZTX"
  ],
  "McCulloch": [
   "M155-107TC"
  ],
  "Mitsubishi": [
   "D 1550 FD",
   "D 1600 FD",
   "MT-14",
   "MT-15",
   "MT-16",
   "MT-1601",
   "MT-165",
   "MT-17",
   "MT-18",
   "MT-1801",
   "MT-180D",
   "MT-185",
   "MT-20",
   "MT-200",
   "MT-205",
   "MT-23",
   "MT-25",
   "MT-52",
   "MTX-15",
   "MTX-225"
  ],
  "Morbark": [
   "M14R",
   "M15R",
   "M18R"
  ],
  "New Holland": [
   "3930",
   "CR8070",
   "CS6090",
   "CX6090",
   "CX8080",
   "T5",
   "T7",
   "T7050",
   "T8",
   "T8040",
   "T9040",
   "TC5080",
   "TD5",
   "TG285",
   "TJ425",
   "TM190"
  ],
  "NOE": [
   "NF210-6R"
  ],
  "Nokamic": [
   "NP-8030"
  ],
  "Oxbo": [
   "9000"
  ],
  "Palesse": [
   "GS"
  ],
  "Patriot": [
   "T2030",
   "Волга",
   "Калуга",
   "Калуга М",
   "Кама 7",
   "Победа",
   "Самара",
   "Самара М"
  ],
  "Pazzaglia": [
   "FZ 90"
  ],
  "Perard": [
   "Interbenne 39"
  ],
  "Ponsse": [
   "Bear",
   "Buffalo",
   "Elephant",
   "Elk",
   "Ergo"
  ],
  "PrimeTech": [
   "PT-175",
   "PT-300",
   "PT-400",
   "PT-600"
  ],
  "Prorab": [
   "GT 120 RDKe",
   "GT 750 SU",
   "GT 80 RDKe"
  ],
  "Pubert": [
   "Compact 40B",
   "MB Fun 450",
   "MB25H",
   "Nano 40B",
   "Vario 55B",
   "Vario 55H",
   "Vario 70B"
  ],
  "RMH": [
   "Mixell-14",
   "Mixell-24"
  ],
  "Ropa": [
   "Euro Maus"
  ],
  "Rottne": [
   "F14",
   "H14"
  ],
  "Same": [
   "Laser"
  ],
  "Saturn": [
   "HSD1G-75",
   "HSD1G-80"
  ],
  "Shibaura": [
   "P15F",
   "P17F",
   "SD4000",
   "ST333"
  ],
  "ShiFeng": [
   "SF-240",
   "SF-244",
   "SF-254"
  ],
  "Skorpion": [
   "250 SDT",
   "280 SDB",
   "350 RB",
   "350 SDB",
   "500 SDB"
  ],
  "Stara": [
   "Imperador 3100"
  ],
  "STIGA": [
   "Park"
  ],
  "Storti": [
   "Doberman SW",
   "Husky"
  ],
  "Suokone Mericrusher": [
   "MC4",
   "MJ",
   "MJHS",
   "MJS"
  ],
  "Swatt": [
   "TS"
  ],
  "TaiShan": [
   "TS-254"
  ],
  "Teknamotor": [
   "Scorpion 250SD"
  ],
  "Terrion": [
   "ATM 5280",
   "ATM 7360",
   "Серия SR3000"
  ],
  "Tigercat": [
   "H250B"
  ],
  "Timberjack": [
   "1010B",
   "1110D",
   "1270B",
   "1270C",
   "1410B"
  ],
  "Toro": [
   "523Dxi"
  ],
  "Trucked Vehicles": [
   "МГ-4",
   "МЛП-4 Дозор-4200 Лесопожарная",
   "МТБ-18"
  ],
  "TYM": [
   "T194",
   "T233",
   "T273",
   "T433",
   "T503",
   "T723",
   "TS23"
  ],
  "Ulan-RT": [
   "1304"
  ],
  "UM-Forest": [
   "ET-240",
   "ЕТ-330",
   "ЕТ-360",
   "ЕТ-400"
  ],
  "UNIA": [
   "RCW-LBR 5500"
  ],
  "Unique": [
   "UT1004"
  ],
  "Valmet": [
   "840",
   "860"
  ],
  "Valtra": [
   "Трактора"
  ],
  "Vermeer": [
   "TS44A"
  ],
  "Versatile": [
   "2375",
   "305",
   "535",
   "570",
   "620"
  ],
  "VHB": [
   "Bti Agri RB"
  ],
  "Volvo": [
   "EC210"
  ],
  "Weituo": [
   "TY-254"
  ],
  "WIC": [
   "Комбайн"
  ],
  "XCMG": [
   "KAT2804"
  ],
  "Xingtai": [
   "XT"
  ],
  "Yanmar": [
   "AF-26",
   "AF-290",
   "F-15",
   "F-16",
   "F-165",
   "F-18",
   "F-180",
   "F-195",
   "F-20",
   "F-215",
   "F-22",
   "F-220",
   "F-235",
   "F-455",
   "F-5",
   "F-6",
   "F-7",
   "FX-175",
   "FX-195",
   "FX-20",
   "FX-215",
   "FX-22",
   "FX-24",
   "FX-255",
   "KE-3",
   "KE-50",
   "RS-24",
   "YM1301D",
   "YM1500",
   "YM1820D",
   "YM2010",
   "YM2310D",
   "YM2610D"
  ],
  "YTO": [
   "YTO-404",
   "YTO-454",
   "YTO-X1004",
   "YTO-X1304"
  ],
  "Yukon": [
   "W5064"
  ],
  "Zetor": [
   "Forterra",
   "Major",
   "Proxima"
  ],
  "Авион": [
   "4401"
  ],
  "Агро-Союз": [
   "Cross Slot 5.200"
  ],
  "Агромаш": [
   "150ТГ",
   "180ТК",
   "30СШ/50СШ",
   "30ТК",
   "30ТК Кабриолет",
   "50ТК",
   "60ТК",
   "60ТК Кабриолет",
   "85ТК",
   "90ТГ",
   "ОП"
  ],
  "АЗСМ Прогресс": [
   "ЛП-18",
   "ЛТ-187"
  ],
  "Алтайлесмаш": [
   "МТЧ",
   "ТЛ-4",
   "ТЛ-5АЛМ"
  ],
  "Алттрак": [
   "Гусеничные трактора"
  ],
  "Амкодор": [
   "2243",
   "2551",
   "2661",
   "2662",
   "2682"
  ],
  "АТЗ": [
   "Т-4",
   "ТТ-4"
  ],
  "АТЗ Гранд": [
   "ТСН-4"
  ],
  "БАЗ": [
   "Т-140"
  ],
  "Балтиец": [
   "К-700",
   "К-701",
   "К-702",
   "К-703",
   "К-707",
   "К-709"
  ],
  "Беларус": [
   "132МТ"
  ],
  "Бобруйск АгроМаш": [
   "ПР-Ф-145",
   "ПРМ-150"
  ],
  "Брянсксельмаш": [
   "КЗС-10К-26",
   "КЗС-1218"
  ],
  "БТЗ": [
   "243К"
  ],
  "Булат": [
   "354"
  ],
  "ВгТЗ": [
   "Агромаш",
   "ВТ",
   "ДТ-175",
   "ДТ-75"
  ],
  "Воронежсельмаш": [
   "ОВС-25"
  ],
  "ВТЗ": [
   "ВТЗ-2048А",
   "Т-16",
   "Т-25А",
   "Т-28",
   "Т-30"
  ],
  "ВУАЗ АГРО": [
   "1000",
   "1000М",
   "2000М"
  ],
  "ГазТурбоСервис": [
   "ТС-350"
  ],
  "Гомсельмаш": [
   "К-Г-6",
   "КВК-800",
   "КДП-3000",
   "КЗР",
   "КЗС-1218",
   "КЗС-1624",
   "КЗС-7",
   "КЗС-812",
   "КСК-600 (Палессе FS60)"
  ],
  "Другие": [
   "Неизвестна (сельскохозяйственные)"
  ],
  "Енисей": [
   "Зерноуборочные комбайны"
  ],
  "КамАЗ": [
   "XTX 185",
   "XTX 215",
   "ЗСК-10",
   "ЗСК-15",
   "ЗСК-20",
   "МПД-1800"
  ],
  "КамТЗ": [
   "ТТХ 215"
  ],
  "Кентавр": [
   "Т-15",
   "Т-18",
   "Т-24",
   "Т-24 PRO",
   "Т-240",
   "Т-244",
   "Т-654"
  ],
  "Киргизстан": [
   "ППЛ-Ф-1.6"
  ],
  "Кировец": [
   "K-744",
   "К-3000АТМ",
   "К-424",
   "К-700",
   "К-701",
   "К-703"
  ],
  "КМЗ": [
   "КМЗ-012"
  ],
  "КТЗ Траком": [
   "Т-54",
   "Т-70"
  ],
  "КЭМЗ": [
   "Ant Zetor 4050",
   "Ant Zetor 4135"
  ],
  "ЛесТехКом": [
   "ЛП"
  ],
  "Лидагропроммаш": [
   "Лида"
  ],
  "ЛМЗ": [
   "704"
  ],
  "ЛТЗ": [
   "55 А",
   "60АВ",
   "Т-40АМ"
  ],
  "Митракс": [
   "T10"
  ],
  "МТЗ": [
   "320 ПО4",
   "Беларус 622",
   "Беларус 952",
   "МТЗ-082",
   "МТЗ-09",
   "МТЗ-1021",
   "МТЗ-1025",
   "МТЗ-12",
   "МТЗ-1220",
   "МТЗ-1221",
   "МТЗ-132",
   "МТЗ-1523",
   "МТЗ-2022",
   "МТЗ-2522",
   "МТЗ-3022",
   "МТЗ-320",
   "МТЗ-3522",
   "МТЗ-50",
   "МТЗ-52",
   "МТЗ-80",
   "МТЗ-82",
   "МТЗ-826",
   "МТЗ-892",
   "МТЗ-920",
   "ТТР-401"
  ],
  "Нева": [
   "МБ-23",
   "МБ-2Б",
   "МБ-2К",
   "МБ-2Н",
   "МБ-2С"
  ],
  "НОЭЗНО": [
   "КИС-7БМ"
  ],
  "ОТЗ": [
   "Онежец-390",
   "ТДТ-55",
   "ТЛТ-100"
  ],
  "Парма": [
   "105.3",
   "168-3 Фаворит",
   "BT-01-6.5"
  ],
  "ПМЗ": [
   "МФ-705"
  ],
  "Промтехсервис": [
   "ШУС-001 Федор"
  ],
  "ПТК": [
   "К-702МА-ПЛК-6",
   "К-703МА (К-703М)",
   "К-703МА-12",
   "К-703МА-12-01",
   "К-703МА-12-02",
   "К-703МА-12-03",
   "К-703МА-12-04",
   "К-703МА-ЛТ-195",
   "К-703МА-МЛ-30",
   "К-703МА-МЛ-56"
  ],
  "РКЗ": [
   "КПК-2-01"
  ],
  "Ростсельмаш": [
   "ACROS",
   "TORUM",
   "VECTOR",
   "ДОН",
   "СК-5 (Нива)"
  ],
  "Рубин": [
   "Рубин-04"
  ],
  "Спецстроймаш": [
   "Тракторы",
   "Трелевочные машины"
  ],
  "СпецТракАгро": [
   "Колумбия Р10"
  ],
  "СПК": [
   "ХТА-250-13"
  ],
  "Техносервис": [
   "Т6920"
  ],
  "Техстроймаш": [
   "МЛ"
  ],
  "ТКЗ": [
   "КЗС-3 (Русь)"
  ],
  "Уралвагонзавод": [
   "РТ-М-160"
  ],
  "Уралец": [
   "160",
   "220",
   "2204",
   "224"
  ],
  "Файтер": [
   "Т-15"
  ],
  "ХТЗ": [
   "150К-09",
   "17221",
   "2511",
   "Колесные трактора",
   "Т-150К",
   "Т-155",
   "Т-16",
   "Т-25",
   "Т-70"
  ],
  "Целина": [
   "МБ-501",
   "МБ-600",
   "МБ-601",
   "МБ-610Р",
   "МБ-700",
   "МБ-701",
   "МБ-710Р",
   "МБ-900",
   "МБ-901",
   "МК-380L",
   "МК-500L"
  ],
  "ЧЗТ": [
   "Т-10.V.М.Б.0121"
  ],
  "Чувашпиллер": [
   "120",
   "180",
   "184",
   "220",
   "240",
   "244",
   "354",
   "504",
   "804",
   "Русич Т-12",
   "Русич Т-15",
   "Русич Т-21",
   "Русич Т-224",
   "Русич Т-244"
  ],
  "ЭксМаш": [
   "M300"
  ],
  "ЮМЗ": [
   "6",
   "6002",
   "652"
  ],
  "Ярославец": [
   "Комбайны самоходные кормоуборочные"
  ]
 }
}