{
 "id": "artic",
 "name": "Седельный тягач",
 "group": "commercial",
 "list": {
  "Almatruck": [
   "SM321"
  ],
  "Beiben (North Benz)": [
   "ND4250"
  ],
  "CAMC": [
   "4x2",
   "6x4"
  ],
  "Daewoo": [
   "Novus",
   "Prima"
  ],
  "DAF": [
   "95",
   "95XF",
   "CF-series",
   "XF",
   "XF 105",
   "XF 95"
  ],
  "Dayun": [
   "CGC4253"
  ],
  "DongFeng": [
   "DFL-series",
   "EQ4252"
  ],
  "ERF (MAN Truck)": [
   "E-Series"
  ],
  "FAW": [
   "J6 CA4180",
   "J6 CA4250"
  ],
  "Ford": [
   "Cargo",
   "F-Max",
   "L-Series"
  ],
  "Foton": [
   "Auman BJ425x",
   "Auman EST A",
   "Auman H5"
  ],
  "Freightliner": [
   "Argosy",
   "Cascadia",
   "Century Class",
   "Columbia",
   "Coronado",
   "FLA/FLB",
   "FLC",
   "FLD"
  ],
  "Fuso (Mitsubishi)": [
   "Super Great"
  ],
  "Hino": [
   "Series 700 (Profia)"
  ],
  "Howo": [
   "4X2",
   "6X4"
  ],
  "Hyundai": [
   "HD1000",
   "HD450/500/700",
   "Xcient"
  ],
  "International": [
   "5000 Series",
   "7000 Series",
   "9000 Series",
   "LoneStar",
   "ProStar",
   "TranStar"
  ],
  "Isuzu": [
   "Giga (E-series)"
  ],
  "IVECO": [
   "330.30",
   "682",
   "Cursor",
   "EuroCargo",
   "EuroStar",
   "EuroTech",
   "EuroTrakker",
   "PowerStar",
   "Stralis",
   "Trakker",
   "Turbo",
   "TurboTech"
  ],
  "IVECO-Ling Ye": [
   "NJ4250"
  ],
  "Iveco-АМТ": [
   "6339",
   "7339"
  ],
  "JAC": [
   "Gallop"
  ],
  "Kalmar": [
   "TRX"
  ],
  "Kenworth": [
   "C500",
   "T2000",
   "T600",
   "T660",
   "T800",
   "W900"
  ],
  "Mack": [
   "CH",
   "Vision (CX)"
  ],
  "Magirus": [
   "290D"
  ],
  "MAN": [
   "14",
   "17",
   "18",
   "19",
   "22",
   "26",
   "33",
   "48",
   "F 2000",
   "KAT",
   "TGA",
   "TGS",
   "TGX"
  ],
  "Mercedes-Benz": [
   "Actros",
   "Arocs",
   "Atego",
   "Axor",
   "SK",
   "Sprinter"
  ],
  "Nissan": [
   "Diesel"
  ],
  "Peterbilt": [
   "362",
   "386",
   "387",
   "579",
   "587",
   "Class 8"
  ],
  "Renault": [
   "C-Series",
   "K-Series",
   "Kerax",
   "Magnum",
   "Major",
   "Manager",
   "Premium",
   "T-Series"
  ],
  "Scania": [
   "2-Series",
   "3-Series",
   "4-Series",
   "G-series",
   "Griffin",
   "M",
   "P-series",
   "R-Series",
   "S-Series",
   "T-Series"
  ],
  "Shacman (Shaanxi)": [
   "SX4184",
   "SX4188",
   "SX4254",
   "SX4256",
   "SX4258"
  ],
  "Sinotruk Hania (Howo)": [
   "4x2",
   "6x2",
   "6x4"
  ],
  "Sisu": [
   "E18",
   "S-Series"
  ],
  "Skoda LIAZ": [
   "Series 100",
   "Series 300",
   "Series 400"
  ],
  "Sterling": [
   "A-line",
   "Acterra",
   "L-line",
   "SC7000/8000"
  ],
  "Steyr": [
   "33"
  ],
  "Tatra": [
   "T 158",
   "T 815"
  ],
  "Terberg": [
   "RT223"
  ],
  "Tesla": [
   "Semi"
  ],
  "Titan": [
   "Z52",
   "Z64"
  ],
  "Volkswagen": [
   "Constellation"
  ],
  "Volvo": [
   "F-Series",
   "FE",
   "FH",
   "FL",
   "FM",
   "FMX",
   "NFM",
   "NH",
   "VN",
   "VNL",
   "VNM",
   "VT"
  ],
  "Western Star": [
   "4900",
   "6900"
  ],
  "Youngman": [
   "JNP4250"
  ],
  "БЗКТ": [
   "6402",
   "6403"
  ],
  "ГАЗ": [
   "Валдай",
   "ГАЗон Next 10.0"
  ],
  "Другие": [
   "Неизвестна (седельные тягачи)"
  ],
  "ЗИЛ": [
   "131",
   "133",
   "4415",
   "442160",
   "4423",
   "5301"
  ],
  "КамАЗ": [
   "4308",
   "43118",
   "44108",
   "53504",
   "5410",
   "54112",
   "54115",
   "5460",
   "5490",
   "5490 NEO",
   "54901",
   "6460",
   "65116",
   "65206",
   "65209",
   "65221",
   "65225",
   "65226",
   "65659",
   "65806",
   "65808"
  ],
  "КрАЗ": [
   "255",
   "258",
   "260",
   "5444",
   "6140",
   "6443",
   "6444",
   "6446"
  ],
  "МАЗ": [
   "504",
   "5335",
   "537",
   "5429",
   "543/7310",
   "5432",
   "5433",
   "5440",
   "6422",
   "64220",
   "6425",
   "6430",
   "7912/7917"
  ],
  "МАЗ-МАН": [
   "5405",
   "54326",
   "640168",
   "642268",
   "6425"
  ],
  "МЗКТ": [
   "6923",
   "7401",
   "7413",
   "7416",
   "7429"
  ],
  "Русич (КЗКТ)": [
   "7428",
   "8014"
  ],
  "Тонар": [
   "5422",
   "6428"
  ],
  "Урал": [
   "375",
   "4320",
   "44202",
   "5423",
   "55571",
   "6367",
   "6370",
   "6470",
   "Next"
  ],
  "ЯРОВИТ МОТОРС": [
   "Gloros"
  ]
 }
}