mark;model
Almatruck;SM321
Beiben (North Benz);ND4250
CAMC;4x2
CAMC;6x4
Daewoo;Novus
Daewoo;Prima
DAF;95
DAF;95XF
DAF;CF-series
DAF;XF
DAF;XF 105
DAF;XF 95
Dayun;CGC4253
DongFeng;DFL-series
DongFeng;EQ4252
ERF (MAN Truck);E-Series
FAW;J6 CA4180
FAW;J6 CA4250
Ford;Cargo
Ford;F-Max
Ford;L-Series
Foton;Auman BJ425x
Foton;Auman EST A
Foton;Auman H5
Freightliner;Argosy
Freightliner;Cascadia
Freightliner;Century Class
Freightliner;Columbia
Freightliner;Coronado
Freightliner;FLA/FLB
Freightliner;FLC
Freightliner;FLD
Fuso (Mitsubishi);Super Great
Hino;Series 700 (Profia)
Howo;4X2
Howo;6X4
Hyundai;HD1000
Hyundai;HD450/500/700
Hyundai;Xcient
International;5000 Series
International;7000 Series
International;9000 Series
International;LoneStar
International;ProStar
International;TranStar
Isuzu;Giga (E-series)
IVECO;330.30
IVECO;682
IVECO;Cursor
IVECO;EuroCargo
IVECO;EuroStar
IVECO;EuroTech
IVECO;EuroTrakker
IVECO;PowerStar
IVECO;Stralis
IVECO;Trakker
IVECO;Turbo
IVECO;TurboTech
IVECO-Ling Ye;NJ4250
Iveco-АМТ;6339
Iveco-АМТ;7339
JAC;Gallop
Kalmar;TRX
Kenworth;C500
Kenworth;T2000
Kenworth;T600
Kenworth;T660
Kenworth;T800
Kenworth;W900
Mack;CH
Mack;Vision (CX)
Magirus;290D
MAN;14
MAN;17
MAN;18
MAN;19
MAN;22
MAN;26
MAN;33
MAN;48
MAN;F 2000
MAN;KAT
MAN;TGA
MAN;TGS
MAN;TGX
Mercedes-Benz;Actros
Mercedes-Benz;Arocs
Mercedes-Benz;Atego
Mercedes-Benz;Axor
Mercedes-Benz;SK
Mercedes-Benz;Sprinter
Nissan;Diesel
Peterbilt;362
Peterbilt;386
Peterbilt;387
Peterbilt;579
Peterbilt;587
Peterbilt;Class 8
Renault;C-Series
Renault;K-Series
Renault;Kerax
Renault;Magnum
Renault;Major
Renault;Manager
Renault;Premium
Renault;T-Series
Scania;2-Series
Scania;3-Series
Scania;4-Series
Scania;G-series
Scania;Griffin
Scania;M
Scania;P-series
Scania;R-Series
Scania;S-Series
Scania;T-Series
Shacman (Shaanxi);SX4184
Shacman (Shaanxi);SX4188
Shacman (Shaanxi);SX4254
Shacman (Shaanxi);SX4256
Shacman (Shaanxi);SX4258
Sinotruk Hania (Howo);4x2
Sinotruk Hania (Howo);6x2
Sinotruk Hania (Howo);6x4
Sisu;E18
Sisu;S-Series
Skoda LIAZ;Series 100
Skoda LIAZ;Series 300
Skoda LIAZ;Series 400
Sterling;A-line
Sterling;Acterra
Sterling;L-line
Sterling;SC7000/8000
Steyr;33
Tatra;T 158
Tatra;T 815
Terberg;RT223
Tesla;Semi
Titan;Z52
Titan;Z64
Volkswagen;Constellation
Volvo;F-Series
Volvo;FE
Volvo;FH
Volvo;FL
Volvo;FM
Volvo;FMX
Volvo;NFM
Volvo;NH
Volvo;VN
Volvo;VNL
Volvo;VNM
Volvo;VT
Western Star;4900
Western Star;6900
Youngman;JNP4250
БЗКТ;6402
БЗКТ;6403
ГАЗ;Валдай
ГАЗ;ГАЗон Next 10.0
Другие;Неизвестна (седельные тягачи)
ЗИЛ;131
ЗИЛ;133
ЗИЛ;4415
ЗИЛ;442160
ЗИЛ;4423
ЗИЛ;5301
КамАЗ;4308
КамАЗ;43118
КамАЗ;44108
КамАЗ;53504
КамАЗ;5410
КамАЗ;54112
КамАЗ;54115
КамАЗ;5460
КамАЗ;5490
КамАЗ;5490 NEO
КамАЗ;54901
КамАЗ;6460
КамАЗ;65116
КамАЗ;65206
КамАЗ;65209
КамАЗ;65221
КамАЗ;65225
КамАЗ;65226
КамАЗ;65659
КамАЗ;65806
КамАЗ;65808
КрАЗ;255
КрАЗ;258
КрАЗ;260
КрАЗ;5444
КрАЗ;6140
КрАЗ;6443
КрАЗ;6444
КрАЗ;6446
МАЗ;504
МАЗ;5335
МАЗ;537
МАЗ;5429
МАЗ;543/7310
МАЗ;5432
МАЗ;5433
МАЗ;5440
МАЗ;6422
МАЗ;64220
МАЗ;6425
МАЗ;6430
МАЗ;7912/7917
МАЗ-МАН;5405
МАЗ-МАН;54326
МАЗ-МАН;640168
МАЗ-МАН;642268
МАЗ-МАН;6425
МЗКТ;6923
МЗКТ;7401
МЗКТ;7413
МЗКТ;7416
МЗКТ;7429
Русич (КЗКТ);7428
Русич (КЗКТ);8014
Тонар;5422
Тонар;6428
Урал;375
Урал;4320
Урал;44202
Урал;5423
Урал;55571
Урал;6367
Урал;6370
Урал;6470
Урал;Next
ЯРОВИТ МОТОРС;Gloros