mark;model
ABM;Apache 150
ABM;Apache 200
ABM;Apache 400
ABM;ATV-100
ABM;ATV-150
ABM;ATV-90
ABM;Ninja
ABM;Scorpion 110
ABM;Scorpion 125
ABM;Scorpion 150
ABM;Scorpion 250
ABM;UTV 500
Access;AX 700U 4x4 EFI
Access;BEAR 400 4x4
Access;SP 300 S
Access;SP 400 S EFI
Access;SP 450 SM
Adly;150U
Adly;220U
Adly;300 Sport
Adly;320S
Adly;320U
Adly;50
Adly;500S
Adly;600U
Adly;Hurricane 500S
Adly;MK 320
Aeon;Cobra 100
Aeon;Cobra 220
Aeon;Cobra 320
Aeon;Cobra 350
Aeon;Cobra 50
Aeon;Crossland 300
Aeon;Crossland 350
Aeon;SXS Cube 350 4WD
AIE Motor;4cross
AIE Motor;MagMax
Applestone;APU
Applestone;UTV
Arctic Cat;1000 Series
Arctic Cat;150 Series
Arctic Cat;300 Series
Arctic Cat;400 Series
Arctic Cat;450 Series
Arctic Cat;500 Series
Arctic Cat;550 Series
Arctic Cat;650 Series
Arctic Cat;700 Series
Arctic Cat;Prowler
Arctic Cat;Wildcat
Argo;Avenger
Argo;Bigfoot
Argo;Centaur
Argo;Conquest
Argo;Frontier
Argo;Response
Argo;Vanguard
ArmadA;ATV 110
ArmadA;ATV 150
ArmadA;ATV 150C
ArmadA;ATV 200
ArmadA;ATV 250
ArmadA;ATV 250C
ArmadA;ATV 300A
ArmadA;ATV 50
ArmadA;ATV 700
ArmadA;PRO
ArmadA;YACOTA 50
ArmadA;YACOTA KIDS 7
ArmadA;YACOTA KIDS 8
ArmadA;YACOTA KIDS LUX 8
ASA;ATV110E
ASA;ATV150E
ASA;ATV250S
ASA;ATV300A
ASA;ATV50A
ASA;ATV70A
ASA;ATV750
ASA;ATV90A
ASA;Go Cart
Avantis;Classic 200
Avantis;Classic 6
Avantis;Classic 7
Avantis;Classic 8
Avantis;Classic 800W
Avantis;Classic Mini
Avantis;Forester
Avantis;H4 Mini
Avantis;Hunter 150
Avantis;Hunter 200
Avantis;Hunter 250
Avantis;Hunter 7
Avantis;Hunter 8
Avantis;Hunter Junior
Avantis;Hunter-LUX
Avantis;Mirage 7
Avantis;Mirage 8
Avantis;Neo
Avantis;Patriot 8
Avantis;Pilot
Avantis;Piton
Avantis;Racer
Avantis;Scorpion
Avantis;Termit
Bajaj;Quto
Baltmotors;ATV 200
Baltmotors;ATV 400
Baltmotors;ATV 500
Baltmotors;ATV 700
Baltmotors;ATV 80
Baltmotors;Jam 100
Baltmotors;Jumbo 700
Baltmotors;Junior 100
Baltmotors;MBX 700
Baltmotors;Panda UTV 300
Baltmotors;Striker 400 EFI
Baltmotors;Striker 500 EFI
Baltmotors;Striker 700
Baltmotors;UTV 400
Baltmotors;UTV 500
Baltmotors;UTV 700
Baltmotors;UTV 800 RZ
BamX;BX150
BamX;BX200
BamX;BX250
BamX;BX350
BamX;BX400
BamX;BX50
BamX;BX500
BamX;BX70
BamX;BX700
BASHAN;BS110S2
BASHAN;BS125S2
BASHAN;BS150S2
BASHAN;BS160S2
BASHAN;BS200S3
BASHAN;BS200S6F
BASHAN;BS200S7
BASHAN;BS250S-11B
BASHAN;BS250S10
BASHAN;BS250S5
BASHAN;BS250S9
BASHAN;BS300S
BASHAN;BS300S-18
BASHAN;BS400S
BASHAN;BS50S-4а
Bison;150U
Bison;200U
Bison;250U
Bison;ATV50
Bison;EVO
Bison;Raptor
Bison;Sport
BMGK;500cc
Bonai;AMPHI 800 EFI
Bourgets Bike Works;Shredder V8 Quadracycle
BRP;Can-Am Commander 1000
BRP;Can-Am Commander 800
BRP;Can-Am Commander Max XT
BRP;Can-Am Commander XT
BRP;Can-Am Defender 1000
BRP;Can-Am Defender Max 1000
BRP;Can-Am DS 250
BRP;Can-Am DS 450
BRP;Can-Am DS 50
BRP;Can-Am DS 650
BRP;Can-Am DS 90
BRP;Can-Am Maverick 1000R
BRP;Can-Am Maverick DS Turbo R
BRP;Can-Am Maverick Max 1000
BRP;Can-Am Maverick Max X RS Turbo RR
BRP;Can-Am Maverick Sport
BRP;Can-Am Maverick Trail
BRP;Can-Am Maverick X MR Turbo RR
BRP;Can-Am Maverick X RC Turbo RR
BRP;Can-Am Maverick X RS Turbo RR
BRP;Can-Am Maverick X3
BRP;Can-Am Outlander 1000
BRP;Can-Am Outlander 400
BRP;Can-Am Outlander 450
BRP;Can-Am Outlander 500
BRP;Can-Am Outlander 650
BRP;Can-Am Outlander 6x6 XU+ 650 T
BRP;Can-Am Outlander 800
BRP;Can-Am Outlander 850
BRP;Can-Am Outlander L 450 (MAX)
BRP;Can-Am Outlander L 500 (MAX)
BRP;Can-Am Outlander L 570 (MAX)
BRP;Can-Am Outlander MAX 1000
BRP;Can-Am Outlander MAX 650
BRP;Can-Am Outlander Max 6x6 XU+ 1000 T
BRP;Can-Am Outlander MAX 850
BRP;Can-Am Outlander Max DPS 1000R
BRP;Can-Am Outlander Max DPS 570
BRP;Can-Am Outlander X MR 1000R
BRP;Can-Am Outlander X XC 1000R
BRP;Can-Am Renegade 1000
BRP;Can-Am Renegade 500
BRP;Can-Am Renegade 570
BRP;Can-Am Renegade 650
BRP;Can-Am Renegade 800
BRP;Can-Am Traxter X-MR
BRP;Quest 500
BRP;Quest 650
BRP;Rally
BRP;Traxter
BSE;Shuttle 125
BSE;SSSR Master
BSE;SSSR Punk
BSE;SSSR Trainee
BSE;Wolf 125
BSE;XT-1
Bugfaster;BC - series
Buggy Jump;Jive
Bull;Bull-1100
Bull;Bull-500
Byrus;Днепр
Carter;BMJEEP
Carter;Interceptor
CECTEK;ESTOC
CECTEK;GLADIATOR
CECTEK;KINGCOBRA
CECTEK;QUADRIFT
CFMOTO;CF500
CFMOTO;CF500-2
CFMOTO;CF500-2А
CFMOTO;CF500-X5
CFMOTO;CF600-X6
CFMOTO;CF625 (Z6)
CFMOTO;CF800-2 (X8)
CFMOTO;CF800-U2 (Tracker 800)
CFMOTO;CF800-U8
CFMOTO;CF800-X8
CFMOTO;CF800-Z8
CFMOTO;CFORCE 1000 EPS
CFMOTO;CFORCE 400L EPS
CFMOTO;CFORCE 500 HO
CFMOTO;CFORCE 600 EPS
CFMOTO;CFORCE 600 S EPS
CFMOTO;CFORCE 800 HO EPS
CFMOTO;SSV 625-Z6
CFMOTO;U10 EPS
CFMOTO;U8W EPS
CFMOTO;UFORCE 1000 EPS
CFMOTO;UTV
CFMOTO;X10 EPS
CFMOTO;X4
CFMOTO;X5
CFMOTO;X5 H.O. EPS
CFMOTO;X6 EPS
CFMOTO;X8
CFMOTO;X8 H.O. EPS
CFMOTO;Z10 EPS
CFMOTO;ZFORCE 1000
CFMOTO;ZFORCE 800 TRAIL EPS
CPI;ATV50 (Flash)
Cub Cadet;Challenger
Cub Cadet;Volunteer 4x4
Dazon;Raider
Derbi;DFW
Dinli;Helix
Dinli;Hunter
Dinli;Mini-Rex
Dinli;T-Rex
E-M;01-02 Супер
Feishen;FA-N550
Fighter;Combat-4
Fighter;Free
Fighter;Mini
Fighter;Rock
Fighter;X-Fighter
Forever Joy;FJ800
Forsage;ATV 125
Forsage;ATV 150
Forsage;ATV 400
Forsage;ATV 50
Forsage;ATV 500
Forsage;BG-02
Forsage;BG-07
FunCruiser;FC110
FunCruiser;FC1100
FunCruiser;FC150
FunCruiser;FC2000 SuperSport
FunCruiser;FC250
FunCruiser;FC500
FunCruiser;FC800
FunCruiser;Lite 1500/1600
Gamax;AX
Garia;Golf Car 2+2
Garia;Golf Car 4+2
GEM;e4
GG Quad;GG Quadster
Gibbs;Quadski
GS Moon;XYUTV800
Hagglunds;BV 206
HiSUN;HS
HiSUN;Ranger
HiSUN;Sector 250
HiSUN;Strike 250
HiSUN;Strike 800
Honda;ATC 200X
Honda;ATC 250R
Honda;ATC 70
Honda;MUV 700 Big Red
Honda;Pioneer
Honda;Recon
Honda;Talon
Honda;TRX 250
Honda;TRX 300
Honda;TRX 350 (Rancher)
Honda;TRX 400
Honda;TRX 420
Honda;TRX 450
Honda;TRX 500 (Foreman)
Honda;TRX 650 (Rincon)
Honda;TRX 680 (Rincon)
Honda;TRX 700
Honda;TRX 90
Honling;ATV
Hyosung;TE100R
IRBIS;ATV 110S
IRBIS;ATV 110U
IRBIS;ATV 125U
IRBIS;ATV 150U
IRBIS;ATV 200U
IRBIS;ATV 250S
IRBIS;ATV 250U
IRBIS;ATV 300U
IRBIS;ATV 50S
IRBIS;ATV 50U
IRBIS;ATV 700 Volkodav
IRBIS;ATV 70U
IRBIS;K150
Jianshe;400-4WD
Jianshe;JS250
John Deere;855D
Joy Automatic;LMATV-049T
Joyner;Carrera
Joyner;Commando
Joyner;Mustang
Joyner;Renegade
Joyner;Sand Runner
Joyner;Sand Spider
Joyner;Sand Viper
Joyner;Trooper
Kandi;KD-250 GKA
Kandi;KD-250 JKA
Kandi;MDL JA 019
Kandi;MDL JA 020
Kawasaki;KFX 450 R
Kawasaki;KFX 50
Kawasaki;KFX 700
Kawasaki;KLF 400
Kawasaki;KVF 300 Brute Force
Kawasaki;KVF 360
Kawasaki;KVF 650
Kawasaki;KVF 750 Brute Force
Kawasaki;Mule
Kawasaki;Teryx
Kaxa Motos;KXU
KAYO;Big Bull
KAYO;Bull Mini
KAYO;Bull-2B
KAYO;Bull-2C
KAYO;Bull-3C
KAYO;Predator
KAYO;Space
KAYO;Storm
KAYO;Tor
KAYO;Viper
KAYO;YCF
Kazuma;Adult Falcon
Kazuma;Baby Falcon
Kazuma;Dingo
Kazuma;Falcon
Kazuma;Gator
Kazuma;Jaguar
Kazuma;Kazuma Mammoth
Kazuma;Lacosta 110
Kazuma;Meerkat
Kazuma;Mini Falcon
Kazuma;Wombat 50
Keeway;ATV 250
Keeway;Mini ATV
Khalex;Багги
Kinlon Motors;110 ATV
Kinlon Motors;150 ATV
Kinlon Motors;200 ATV
Kinlon Motors;250ATV
Kinlon Motors;50 ATV
KTA;K5
KTM;525 XC
Kubota;RTV
KXD;001 (Big Foot)
KXD;004 (Carbon)
KXD;006 (Hammer)
KXD;008 (Warrior)
Kymco;Maxxer
Kymco;Mongoose
Kymco;MXU 150
Kymco;MXU 250
Kymco;MXU 300
Kymco;MXU 400
Kymco;MXU 450
Kymco;MXU 50
Kymco;MXU 500
Kymco;MXU 700
Kymco;UXV 500
LangQing;LQY145BN
Lantana;Nevada
Lantana;Route
Lebedev Motors;Атаман CT
Lebedev Motors;Атаман Лайт
Lebedev Motors;Атаман Макс
Lebedev Motors;Атаман Макс Квадрайк
Lebedev Motors;Атаман Макс Трайк
Lebedev Motors;Атаман Старт
Lebedev Motors;Атаман Трайк
Lebedev Motors;Елисей
Lebedev Motors;Маламут
Lifan;LF110ST
Lifan;LF150ST
Lifan;LF250ST
Lifan;LF300ST
Lifan;LF400ST
Lifan;LF50ST
Lifan;LF90ST
Linhai;80 Sport
Linhai;ATV200
Linhai;ATV300
Linhai;ATV400
Linhai;ATV500
Linhai;ATV600
Linhai;ATV700 (Hytrack)
Linhai;D200
Linhai;D300
Linhai;D400
Linhai;M SERIES
Linhai;M200
Linhai;M550L
Linhai;Polar Fox 150
Linhai;UTV700
Linhai;UTV800
Linhai;V-Twin 4x4 ATV520
Lizhong;LZG
Lokker;Batman
Lokker;Cruiser
Lokker;Dominanor
Lokker;Puma
Lokker;Smart
Lokker;Sprinter
Lokker;Triber
Loncin;ATV 125
Loncin;LX
Masai;K50
Masai;L100
Masai;L150
Masai;L50
Massimo;Alligator 500
Massimo;Gunner 250S
Massimo;Knight 500
Massimo;Militia 1000
Massimo;MSU 400
Massimo;MSU 500
Massimo;MSU 700
Massimo;MSU 800
Max;BUFFALO ALL-TERRAIN TRUCK
Max;Max II
Max;Max IV
Max;TraxMAX
Megaactive;ATV 110
Megaactive;ATV 125
Megaactive;ATV 150
Megaactive;ATV 200
Megaactive;ATV 250
Megaactive;ATV 50
Megaactive;ATV 75
MEV;Hummer HX
Mike-motors;ATV
Mike-motors;MQ6
Mikilon;Hammer 200L
Minsk (Минск);KD
Mitsuoka;Bubu 505-C
Mosebillit;650
Motax;Gekkon
Motax;Grizlik
Motax;Grizlik 200
Motax;Grizlik X-16
Motax;H-4 mini
Motax;Raptor
Motax;T-Rex
Motax;YMX
Motoland;ATV 110 Eagle
Motoland;ATV 110 Rider
Motoland;ATV 110S
Motoland;ATV 125 Fox
Motoland;ATV 125S
Motoland;ATV 125U
Motoland;ATV 150 Fox
Motoland;ATV 150 Maverick
Motoland;ATV 150 Wild
Motoland;ATV 150S
Motoland;ATV 150U
Motoland;ATV 200 Allroad
Motoland;ATV 200 MAX
Motoland;ATV 200 Shark
Motoland;ATV 200S
Motoland;ATV 200U
Motoland;ATV 250 Adventure
Motoland;ATV 250 Dakar
Motoland;ATV 250S
Motoland;ATV 50 MINI
Motoland;ATV 50U
Motoland;ATV E-Series
Motoland;ATV KZ5
Motoland;ATV ZR8
Motoland;Coyote 125
Motoland;GOKART 125
Motoland;GOKART 80
Motoland;Raptor 125
Motoland;Wild 125
Motoland;Wild Track 200
Mowgli;Bold 8
Mowgli;Bold 8+
Mowgli;Dux 8
Mowgli;E-Hardy 8+
Mowgli;E-Sharp
Mowgli;E4
Mowgli;Hardy 8
Mowgli;Hardy 8+
Mowgli;M200-G10
Mowgli;M250-G10
Mowgli;Mini E-Hardy
Mowgli;Mini Hardy 4T
Mowgli;P150-G8
Mowgli;S07B
Mowgli;Sharp
Mowgli;Simple 7
Mowgli;Simple 8
Mowgli;Simple 8+
Mowgli;Strong 7
Mowgli;Strong 8
Mowgli;X16
Mowgli;Y150-G10
Mudd-Ox;TD
Mudd-Ox;TD XL
NBLuck;LK110
NBLuck;LK260
NBLuck;LK400
NBLuck;LK500
NBLuck;LK600
NBLuck;LK800
NEC;302
NEC;MiniU
NEC;V7
New Force;NF 200
New Force;NF 250
New Force;NFM 500
New Force;NFS 150
Nexus;ATV 110
Nexus;Helix 50
Nexus;Hunter 300
Nikola;Zero  UTV
Nissamaran;BLAST
Nissamaran;TUNDRA
Nissamaran;TYRAN
Nissamaran;XY ATV
Nitro;Jumper
Norster;600R
ODES;Dominator
ODES;LZ150
Ohara;SM
Omaks Motors;BS200
Omaks Motors;SP206
Omaks Motors;SP302
Omaks Motors;SP303
Omaks Motors;XY150ST
Omaks Motors;XY200ST
Omaks Motors;XY250ST
Oxobike;Oxokart 500
Oxobike;Oxokart 700
Oxobike;Oxotrack TR 500
Patron;Country
Patron;Scaner
Paxus;PR-2x2
Paxus;PR-3x3
Paxus;Велес 2x2
Paxus;Велес-3x3
PGO;Bug Racer
PGO;Bug Rider
PGO;Bugxter
Polar Fox;ATV400
Polar Fox;ATV600
Polar Fox;XY500
Polar Fox;XY500ATV
Polaris;ACE 150
Polaris;ACE 900
Polaris;ATP 330
Polaris;ATP 500
Polaris;General 1000
Polaris;Hawkeye 300
Polaris;Magnum 330
Polaris;Magnum 500
Polaris;Outlaw 450
Polaris;Outlaw 50
Polaris;Outlaw 500
Polaris;Outlaw 525
Polaris;Outlaw 90
Polaris;Phoenix 200
Polaris;Predator 500
Polaris;Predator 90
Polaris;Ranger 1000
Polaris;Ranger 150
Polaris;Ranger 400
Polaris;Ranger 500
Polaris;Ranger 570
Polaris;Ranger 6x6
Polaris;Ranger 700
Polaris;Ranger 800
Polaris;Ranger 900
Polaris;Ranger Diesel
Polaris;Ranger EV
Polaris;RZR 1000
Polaris;RZR 170
Polaris;RZR 570
Polaris;RZR 800
Polaris;RZR 900
Polaris;RZR PRO XP
Polaris;RZR RS1
Polaris;RZR XP 4 Turbo EPS
Polaris;RZR XP 4 Turbo S
Polaris;RZR XP Turbo EPS
Polaris;RZR XP Turbo S
Polaris;Sawtooth
Polaris;Scrambler 1000
Polaris;Scrambler 500
Polaris;Scrambler 850
Polaris;Sportsman 1000
Polaris;Sportsman 300
Polaris;Sportsman 400
Polaris;Sportsman 450
Polaris;Sportsman 500
Polaris;Sportsman 550
Polaris;Sportsman 570
Polaris;Sportsman 600
Polaris;Sportsman 6x6
Polaris;Sportsman 700
Polaris;Sportsman 800
Polaris;Sportsman 850
Polaris;Sportsman 90
Polaris;Sportsman Ace 150
Polaris;Sportsman Ace 325
Polaris;Sportsman Ace 570
Polaris;Sportsman ETX 330
Polaris;Trail Blazer 250
Polaris;Trail Boss 330
Polaris;Xplorer 400
Pomor;4x6
Prinoth;GT1200
QingQi;QM80
Racer;ATV 50
Raktor;HS200-S
Raptor;MAX 300
Raptor;MAX PRO 150
Raptor;MAX PRO 250
RBC;Rider
RC Juniorcars;250 California Cpyder
RC Juniorcars;330 P2
RC Juniorcars;AC Cobra 289
RC Juniorcars;DB5 Volante
RC Juniorcars;Type 55
RC Juniorcars;XK120
Reggy;Banzai
Reggy;Explorer
Reggy;Hunter
Reggy;Lucky
Reggy;Tiger
Reggy;Warrior
Renli;RL
Renli;RLG1
Renli;RLG2
Rmoto;Hammer
Rmoto;Kids
Rmoto;Pentora
Rmoto;Pentora 1000W
Rmoto;Pitbull
Rmoto;Rato
Roxon;X-Kube
Sagitta;Leone
Sagitta;Orso
Secma;F16
Secma;Fun extrem 500
Segway;Snarler
Sider;Condor 800
Simbel;Mini Q
Simbel;T400
SkyJet;250ST-8
Skyteam;Gorilla ST50
Skyteam;T-Rex ST50
Sogjoy;V-1
Sogjoy;V-2
Sogjoy;Базовый
SPY;250F1
Stels;ATV-100
Stels;ATV-110
Stels;ATV-300
Stels;ATV-400
Stels;ATV-450
Stels;ATV-50
Stels;ATV-500
Stels;ATV-500YS Leopard
Stels;ATV-600
Stels;ATV-600YL Leopard
Stels;ATV-600YS Leopard
Stels;ATV-650 Guepard ST
Stels;ATV-650 Guepard Trophy
Stels;ATV-650YL Leopard
Stels;ATV-650YS Leopard
Stels;ATV-700
Stels;ATV-800
Stels;ATV-800 Guepard ST
Stels;ATV-800 Guepard Touring
Stels;ATV-800 Guepard Trophy
Stels;ATV-850 Guepard Trophy
Stels;UTV 500Н
Stels;UTV 700H
Stels;UTV 800H
Stels;Десна 200 Трицикл
Stingear;XYKD150-3
Stingear;XYKD260-2
Stingear;XYKD400
Stingear;XYST260
Stingear;XYST300
Strom;DL
Strom;S
Suzuki;EIGER
Suzuki;KingQuad 400
Suzuki;KingQuad 450
Suzuki;KingQuad 500
Suzuki;KingQuad 700
Suzuki;KingQuad 750
Suzuki;Ozark 250
Suzuki;QUADMASTER 500
Suzuki;QuadRacer LT-R450
Suzuki;QuadRunner LT-4WD
Suzuki;QuadRunner LT-F250
Suzuki;QuadSport LT80
Suzuki;QuadSport Z250
Suzuki;QuadSport Z400
Suzuki;QuadSport Z50
Suzuki;Vinson
Sym;Dragon
Sym;Panda
Sym;QuadLander
Sym;QuadRaider
Sym;Shuttle
Sym;Tiger
Sym;TrackRunner
Sym;Wolf
Termit;Libre
Terranica;Dreamtrack
TGB;Blade
TGB;Target
Tinger;Armor
Tinger;Scout
Tinger;Track
Tomberlin;Vanish
Tomcar;JM25GL
Tomcar;TM2
Tomcar;TM4
Tomcar;TM5
Tomoto;TM150ATV
Toptom;KingMax 400
Tramp;100 ATV 2х4
Tramp;150 ATV 2x4
Tramp;260 2x4 CLASSIC
Tramp;260 2x4 DEMON
Tramp;300 2x4 CLASSIC
Tramp;300 2x4 DEMON
Tramp;300 2х4 MUDDY
Tramp;300 4x4 CLASSIC
Tramp;300 4x4 DEMON
Tramp;300 4x4 MUDDY
Tramp;50 ATV 2х4
Tramp;500 4x4 2UP ATV
Tramp;520 V-Twin 4x4
Triton All;Predator
Truxor;DM 5000
Ukon;4x4
Ukon;Бобер
UM;Tiger 50
UMC;ATV 250
UMC;ATV 400
UMC;ATV 700
Ural Motors;Discovery Classic
Ural Motors;Discovery Sport
UVM;NF150 Hunter
UVM;NFS150 Sport
UVM;Tigershark
Vanderhall;Carmel
Vanderhall;Carmel Blackjack
Vanderhall;Carmel GT
Vanderhall;Edison 2
Vanderhall;Venice
Vanderhall;Venice Blackjack
Vanderhall;Venice GT
Vanderhall;Venice GTS
Vento;Avalanche EX
Vento;Rhino
Vento;Storm 250
Vento;Storm 500
Viking;670
Viking;750
Viking;775
Volteco;Alpha ATV
Volteco;Ranger R4x4
Volvo;BV
Wels;200 EVO
Wels;ATV 300
Wels;ATV 800
Wels;Bison
Wels;E.King
Wels;EVO X2
Wels;EVO.M
Wels;Ladoga
Wels;Purga 170
Wels;Thunder 125
Wels;Thunder 150
Wels;Thunder 200
Wels;Thunder EVO
Wels;Vuoksa
Wild Panther;8x8
WT Motors;Kayman WT 150
WT Motors;Kobra WT 300
WT Motors;Ram WT 500
Wyp-Motor;150
Wyp-Motor;300
Wyp-Motor;500
XBH;6x6
XBH;8x8
XBH;ATV A2
XCar;X1
XCar;X2
xDevice;xCar
XingYue;XYST150M
Yacota;150
Yacota;250
Yacota;45
Yacota;Cabo
Yacota;Enjoy
Yacota;Fusion
Yacota;K5
Yacota;K5 Pro
Yacota;Kids 7
Yacota;Kids 8
Yacota;Lince
Yacota;Pitbull 4x4
Yacota;Ranger
Yacota;Raposa
Yacota;Renegade
Yacota;Sela 150
Yacota;Sela 200
Yacota;Sela Lux
Yacota;Slogger
Yacota;Smarty
Yacota;Sporty XX
Yacota;Yamar Go Kart
Yamaha;Badger
Yamaha;Banshee 350
Yamaha;BearTracker
Yamaha;Big Bear YFM350
Yamaha;Blaster YFS200
Yamaha;Breeze 125
Yamaha;Bruin 350
Yamaha;Grizzly 125
Yamaha;Grizzly 250
Yamaha;Grizzly 300
Yamaha;Grizzly 350
Yamaha;Grizzly 450 (YFM450)
Yamaha;Grizzly 550
Yamaha;Grizzly 660
Yamaha;Grizzly 700
Yamaha;Junior Pro
Yamaha;Kodiak 450
Yamaha;Kodiak 700
Yamaha;Raptor 660
Yamaha;Raptor YFM250
Yamaha;Raptor YFM350
Yamaha;Raptor YFM700
Yamaha;Raptor YFM80
Yamaha;Raptor YFM90
Yamaha;Rhino
Yamaha;Rhino YFZ660F
Yamaha;Timberwolf
Yamaha;Viking
Yamaha;Warrior YFM350X
Yamaha;Wolverine X2
Yamaha;Wolverine X4
Yamaha;Wolverine YFM450
Yamaha;Wolverine-R 700
Yamaha;YDRA
Yamaha;YFZ 450
Yamaha;YFZ 50
Yamaha;YTF2
Yamaha;YXZ 1000R
Zadira;Bulldog 400-E
Zadira;Kangaroo
Zadira;Monstro
Zadira;Spider 250-L
Zadira;Trot 500E-C
Zongshen;Spy Racing
АВДИС;6.502
АвтоВАЗтранс;СХМ
Авторос;MYL
Авторос;Шаман
Аркос;Квадро
Аркос;Трак
Арктиктранс;Лопасня
Арктиктранс;Нара
БАЗ;БАЗ
Беркут;8
Бронто;Марш
БТС;FROG
Вездеходы Макарова;Бурлак
Вездеходы Макарова;Макар
Вепрь;V5M
Витязь;ДТ-10П
Витязь;ДТ-30П
Вологодец;Вологодец
Восток Трейлер;Экспедит
ВТЗ;БТР
ГАЗ;Вездеход повышенной проходимости
ГазСтройМашина;ГазСтройМашина
ГЕРДАКАР;125
Другие;ATV (другие)
Другие;Багги (другие)
Другие;Мотовездеходы (другие)
ЗВМ;ЗВМ-2411
ЗиД;200 Тарпан
ЗиД;50 Робинзон
ЗиД;Бархан
ЗиД;ЗДК-175-4ШП-01
ЗиМ;6.901
Зырянин;111
ЗЭТ;Капитан
ЗЭТ;Командир
ЗЭТ;Маршал
ИЖ;Самсон
Кинешма;Кросс
Конкордия;ГК2
Конкордия;ГК4
Конкордия;ГК4+2
Куница;110
Куница;200
Курганмашзавод;Вездеход повышенной проходимости
ЛТЗ;ПТС
Механика;Медведь
НБЗ;БТР-70
Нижегородский завод транспортно-технологических машин;ТТМ-3902 ПС Тайга
НИРФИ;Тритон
Норд-Авто;Странник
НПО Вымпел;Вымпел 6х6
Охотец;6x6
Охотец;8x8
Пелец;300
Пелец;Круизер
Пелец;Круизер 3
Пелец;Мини
Пелец;Мини 3
Пелец;Пилигрим
Пелец;Ровер
Пелец;Транспортер 1000
Пелец;Транспортер 600
Пелец;Транспортер D
Псковская Механика;SQ 500st
Росомаха;Extrime
Росомаха;Стандарт
Русская Механика (RM);Gamax AX600
Русская Механика (RM);РМ 500
Русская Механика (RM);РМ 500-2
Русская Механика (RM);РМ 650
Русская Механика (RM);РМ 650 6X4
Русская Механика (RM);РМ 650-2
Русская Механика (RM);РМ 800
Русская Механика (RM);РМ 800 DUO
Русская Механика (RM);РМ 800 UTV
Русская Механика (RM);Рысь 110
Русская Механика (RM);Рысь 125
Русская Механика (RM);Рысь 150
Русская Механика (RM);Рысь 400
Русская Механика (RM);Рысь 50
Русская Механика (RM);Рысь 500
Русский Вездеход;Штурм
Самурай;Самурай
СВС;BigBo
Север (Sever);3310 Егерь
Север (Sever);3330 Охотник
Север (Sever);3350 Турист
Север (Sever);3360 Профи 6х6
Север (Sever);3380 Профи
СибВПКнефтегаз;Арктика (Грузовые платформы)
СибВПКнефтегаз;Арктика (Грузопассажирские)
СМЗ;ГТ-Т
Сокол;1.0
Сокол;1.3
Сокол;1.5
Сокол;PRO
Сокол;Трофи
СпецТрансАвто;ТТМ 4901 ГР-01
СпецТрансАвто;ТТМ-3902
Спринт;Спринт
Стрелец;Стрелец
Техинком;ТГС
ТехУнэкс;Унэкс
ТМЗ (Туламашзавод);Рысь 6.903
Торэкс;Аэросани
Трансмаш;Ветлуга
Тром 8;Грузопассажирский
Трэкол;39041
Трэкол;39292
Трэкол;39294
Трэкол;39295
Трэкол;39445
Трэкол;Вега
Трэкол;Лесник
Трэкол;Трофи
Трэкол;Хаски
ТТМ;ТТМ
Ухтыш;ЗВМ
Хакер;Хакер
Хищник;2902
ХТЗ;МТ-ЛБ
ЧЕТРА;ТМ-130
Шатун;Шатун
Шерп (Sherp);Шерп
Шерп (Sherp);Шерп Max
Шерп (Sherp);Шерп Pickup
Шерп (Sherp);Шерп Pro
Шторм;Шторм
ШУС;001
Экотранс;Петрович 204
Экотранс;Петрович 354
ЯМАЛ;H-4 Cross
ЯМАЛ;H-4L
ЯМАЛ;H-4S
ЯМАЛ;T-6
ЯМАЛ;T-6L
ЯМАЛ;T-6L Cross
ЯМАЛ;БМЕ-1015