{
 "id": "atv",
 "name": "Мотовездеход",
 "group": "moto",
 "list": {
  "ABM": [
   "Apache 150",
   "Apache 200",
   "Apache 400",
   "ATV-100",
   "ATV-150",
   "ATV-90",
   "Ninja",
   "Scorpion 110",
   "Scorpion 125",
   "Scorpion 150",
   "Scorpion 250",
   "UTV 500"
  ],
  "Access": [
   "AX 700U 4x4 EFI",
   "BEAR 400 4x4",
   "SP 300 S",
   "SP 400 S EFI",
   "SP 450 SM"
  ],
  "Adly": [
   "150U",
   "220U",
   "300 Sport",
   "320S",
   "320U",
   "50",
   "500S",
   "600U",
   "Hurricane 500S",
   "MK 320"
  ],
  "Aeon": [
   "Cobra 100",
   "Cobra 220",
   "Cobra 320",
   "Cobra 350",
   "Cobra 50",
   "Crossland 300",
   "Crossland 350",
   "SXS Cube 350 4WD"
  ],
  "AIE Motor": [
   "4cross",
   "MagMax"
  ],
  "Applestone": [
   "APU",
   "UTV"
  ],
  "Arctic Cat": [
   "1000 Series",
   "150 Series",
   "300 Series",
   "400 Series",
   "450 Series",
   "500 Series",
   "550 Series",
   "650 Series",
   "700 Series",
   "Prowler",
   "Wildcat"
  ],
  "Argo": [
   "Avenger",
   "Bigfoot",
   "Centaur",
   "Conquest",
   "Frontier",
   "Response",
   "Vanguard"
  ],
  "ArmadA": [
   "ATV 110",
   "ATV 150",
   "ATV 150C",
   "ATV 200",
   "ATV 250",
   "ATV 250C",
   "ATV 300A",
   "ATV 50",
   "ATV 700",
   "PRO",
   "YACOTA 50",
   "YACOTA KIDS 7",
   "YACOTA KIDS 8",
   "YACOTA KIDS LUX 8"
  ],
  "ASA": [
   "ATV110E",
   "ATV150E",
   "ATV250S",
   "ATV300A",
   "ATV50A",
   "ATV70A",
   "ATV750",
   "ATV90A",
   "Go Cart"
  ],
  "Avantis": [
   "Classic 200",
   "Classic 6",
   "Classic 7",
   "Classic 8",
   "Classic 800W",
   "Classic Mini",
   "Forester",
   "H4 Mini",
   "Hunter 150",
   "Hunter 200",
   "Hunter 250",
   "Hunter 7",
   "Hunter 8",
   "Hunter Junior",
   "Hunter-LUX",
   "Mirage 7",
   "Mirage 8",
   "Neo",
   "Patriot 8",
   "Pilot",
   "Piton",
   "Racer",
   "Scorpion",
   "Termit"
  ],
  "Bajaj": [
   "Quto"
  ],
  "Baltmotors": [
   "ATV 200",
   "ATV 400",
   "ATV 500",
   "ATV 700",
   "ATV 80",
   "Jam 100",
   "Jumbo 700",
   "Junior 100",
   "MBX 700",
   "Panda UTV 300",
   "Striker 400 EFI",
   "Striker 500 EFI",
   "Striker 700",
   "UTV 400",
   "UTV 500",
   "UTV 700",
   "UTV 800 RZ"
  ],
  "BamX": [
   "BX150",
   "BX200",
   "BX250",
   "BX350",
   "BX400",
   "BX50",
   "BX500",
   "BX70",
   "BX700"
  ],
  "BASHAN": [
   "BS110S2",
   "BS125S2",
   "BS150S2",
   "BS160S2",
   "BS200S3",
   "BS200S6F",
   "BS200S7",
   "BS250S-11B",
   "BS250S10",
   "BS250S5",
   "BS250S9",
   "BS300S",
   "BS300S-18",
   "BS400S",
   "BS50S-4а"
  ],
  "Bison": [
   "150U",
   "200U",
   "250U",
   "ATV50",
   "EVO",
   "Raptor",
   "Sport"
  ],
  "BMGK": [
   "500cc"
  ],
  "Bonai": [
   "AMPHI 800 EFI"
  ],
  "Bourgets Bike Works": [
   "Shredder V8 Quadracycle"
  ],
  "BRP": [
   "Can-Am Commander 1000",
   "Can-Am Commander 800",
   "Can-Am Commander Max XT",
   "Can-Am Commander XT",
   "Can-Am Defender 1000",
   "Can-Am Defender Max 1000",
   "Can-Am DS 250",
   "Can-Am DS 450",
   "Can-Am DS 50",
   "Can-Am DS 650",
   "Can-Am DS 90",
   "Can-Am Maverick 1000R",
   "Can-Am Maverick DS Turbo R",
   "Can-Am Maverick Max 1000",
   "Can-Am Maverick Max X RS Turbo RR",
   "Can-Am Maverick Sport",
   "Can-Am Maverick Trail",
   "Can-Am Maverick X MR Turbo RR",
   "Can-Am Maverick X RC Turbo RR",
   "Can-Am Maverick X RS Turbo RR",
   "Can-Am Maverick X3",
   "Can-Am Outlander 1000",
   "Can-Am Outlander 400",
   "Can-Am Outlander 450",
   "Can-Am Outlander 500",
   "Can-Am Outlander 650",
   "Can-Am Outlander 6x6 XU+ 650 T",
   "Can-Am Outlander 800",
   "Can-Am Outlander 850",
   "Can-Am Outlander L 450 (MAX)",
   "Can-Am Outlander L 500 (MAX)",
   "Can-Am Outlander L 570 (MAX)",
   "Can-Am Outlander MAX 1000",
   "Can-Am Outlander MAX 650",
   "Can-Am Outlander Max 6x6 XU+ 1000 T",
   "Can-Am Outlander MAX 850",
   "Can-Am Outlander Max DPS 1000R",
   "Can-Am Outlander Max DPS 570",
   "Can-Am Outlander X MR 1000R",
   "Can-Am Outlander X XC 1000R",
   "Can-Am Renegade 1000",
   "Can-Am Renegade 500",
   "Can-Am Renegade 570",
   "Can-Am Renegade 650",
   "Can-Am Renegade 800",
   "Can-Am Traxter X-MR",
   "Quest 500",
   "Quest 650",
   "Rally",
   "Traxter"
  ],
  "BSE": [
   "Shuttle 125",
   "SSSR Master",
   "SSSR Punk",
   "SSSR Trainee",
   "Wolf 125",
   "XT-1"
  ],
  "Bugfaster": [
   "BC - series"
  ],
  "Buggy Jump": [
   "Jive"
  ],
  "Bull": [
   "Bull-1100",
   "Bull-500"
  ],
  "Byrus": [
   "Днепр"
  ],
  "Carter": [
   "BMJEEP",
   "Interceptor"
  ],
  "CECTEK": [
   "ESTOC",
   "GLADIATOR",
   "KINGCOBRA",
   "QUADRIFT"
  ],
  "CFMOTO": [
   "CF500",
   "CF500-2",
   "CF500-2А",
   "CF500-X5",
   "CF600-X6",
   "CF625 (Z6)",
   "CF800-2 (X8)",
   "CF800-U2 (Tracker 800)",
   "CF800-U8",
   "CF800-X8",
   "CF800-Z8",
   "CFORCE 1000 EPS",
   "CFORCE 400L EPS",
   "CFORCE 500 HO",
   "CFORCE 600 EPS",
   "CFORCE 600 S EPS",
   "CFORCE 800 HO EPS",
   "SSV 625-Z6",
   "U10 EPS",
   "U8W EPS",
   "UFORCE 1000 EPS",
   "UTV",
   "X10 EPS",
   "X4",
   "X5",
   "X5 H.O. EPS",
   "X6 EPS",
   "X8",
   "X8 H.O. EPS",
   "Z10 EPS",
   "ZFORCE 1000",
   "ZFORCE 800 TRAIL EPS"
  ],
  "CPI": [
   "ATV50 (Flash)"
  ],
  "Cub Cadet": [
   "Challenger",
   "Volunteer 4x4"
  ],
  "Dazon": [
   "Raider"
  ],
  "Derbi": [
   "DFW"
  ],
  "Dinli": [
   "Helix",
   "Hunter",
   "Mini-Rex",
   "T-Rex"
  ],
  "E-M": [
   "01-02 Супер"
  ],
  "Feishen": [
   "FA-N550"
  ],
  "Fighter": [
   "Combat-4",
   "Free",
   "Mini",
   "Rock",
   "X-Fighter"
  ],
  "Forever Joy": [
   "FJ800"
  ],
  "Forsage": [
   "ATV 125",
   "ATV 150",
   "ATV 400",
   "ATV 50",
   "ATV 500",
   "BG-02",
   "BG-07"
  ],
  "FunCruiser": [
   "FC110",
   "FC1100",
   "FC150",
   "FC2000 SuperSport",
   "FC250",
   "FC500",
   "FC800",
   "Lite 1500/1600"
  ],
  "Gamax": [
   "AX"
  ],
  "Garia": [
   "Golf Car 2+2",
   "Golf Car 4+2"
  ],
  "GEM": [
   "e4"
  ],
  "GG Quad": [
   "GG Quadster"
  ],
  "Gibbs": [
   "Quadski"
  ],
  "GS Moon": [
   "XYUTV800"
  ],
  "Hagglunds": [
   "BV 206"
  ],
  "HiSUN": [
   "HS",
   "Ranger",
   "Sector 250",
   "Strike 250",
   "Strike 800"
  ],
  "Honda": [
   "ATC 200X",
   "ATC 250R",
   "ATC 70",
   "MUV 700 Big Red",
   "Pioneer",
   "Recon",
   "Talon",
   "TRX 250",
   "TRX 300",
   "TRX 350 (Rancher)",
   "TRX 400",
   "TRX 420",
   "TRX 450",
   "TRX 500 (Foreman)",
   "TRX 650 (Rincon)",
   "TRX 680 (Rincon)",
   "TRX 700",
   "TRX 90"
  ],
  "Honling": [
   "ATV"
  ],
  "Hyosung": [
   "TE100R"
  ],
  "IRBIS": [
   "ATV 110S",
   "ATV 110U",
   "ATV 125U",
   "ATV 150U",
   "ATV 200U",
   "ATV 250S",
   "ATV 250U",
   "ATV 300U",
   "ATV 50S",
   "ATV 50U",
   "ATV 700 Volkodav",
   "ATV 70U",
   "K150"
  ],
  "Jianshe": [
   "400-4WD",
   "JS250"
  ],
  "John Deere": [
   "855D"
  ],
  "Joy Automatic": [
   "LMATV-049T"
  ],
  "Joyner": [
   "Carrera",
   "Commando",
   "Mustang",
   "Renegade",
   "Sand Runner",
   "Sand Spider",
   "Sand Viper",
   "Trooper"
  ],
  "Kandi": [
   "KD-250 GKA",
   "KD-250 JKA",
   "MDL JA 019",
   "MDL JA 020"
  ],
  "Kawasaki": [
   "KFX 450 R",
   "KFX 50",
   "KFX 700",
   "KLF 400",
   "KVF 300 Brute Force",
   "KVF 360",
   "KVF 650",
   "KVF 750 Brute Force",
   "Mule",
   "Teryx"
  ],
  "Kaxa Motos": [
   "KXU"
  ],
  "KAYO": [
   "Big Bull",
   "Bull Mini",
   "Bull-2B",
   "Bull-2C",
   "Bull-3C",
   "Predator",
   "Space",
   "Storm",
   "Tor",
   "Viper",
   "YCF"
  ],
  "Kazuma": [
   "Adult Falcon",
   "Baby Falcon",
   "Dingo",
   "Falcon",
   "Gator",
   "Jaguar",
   "Kazuma Mammoth",
   "Lacosta 110",
   "Meerkat",
   "Mini Falcon",
   "Wombat 50"
  ],
  "Keeway": [
   "ATV 250",
   "Mini ATV"
  ],
  "Khalex": [
   "Багги"
  ],
  "Kinlon Motors": [
   "110 ATV",
   "150 ATV",
   "200 ATV",
   "250ATV",
   "50 ATV"
  ],
  "KTA": [
   "K5"
  ],
  "KTM": [
   "525 XC"
  ],
  "Kubota": [
   "RTV"
  ],
  "KXD": [
   "001 (Big Foot)",
   "004 (Carbon)",
   "006 (Hammer)",
   "008 (Warrior)"
  ],
  "Kymco": [
   "Maxxer",
   "Mongoose",
   "MXU 150",
   "MXU 250",
   "MXU 300",
   "MXU 400",
   "MXU 450",
   "MXU 50",
   "MXU 500",
   "MXU 700",
   "UXV 500"
  ],
  "LangQing": [
   "LQY145BN"
  ],
  "Lantana": [
   "Nevada",
   "Route"
  ],
  "Lebedev Motors": [
   "Атаман CT",
   "Атаман Лайт",
   "Атаман Макс",
   "Атаман Макс Квадрайк",
   "Атаман Макс Трайк",
   "Атаман Старт",
   "Атаман Трайк",
   "Елисей",
   "Маламут"
  ],
  "Lifan": [
   "LF110ST",
   "LF150ST",
   "LF250ST",
   "LF300ST",
   "LF400ST",
   "LF50ST",
   "LF90ST"
  ],
  "Linhai": [
   "80 Sport",
   "ATV200",
   "ATV300",
   "ATV400",
   "ATV500",
   "ATV600",
   "ATV700 (Hytrack)",
   "D200",
   "D300",
   "D400",
   "M SERIES",
   "M200",
   "M550L",
   "Polar Fox 150",
   "UTV700",
   "UTV800",
   "V-Twin 4x4 ATV520"
  ],
  "Lizhong": [
   "LZG"
  ],
  "Lokker": [
   "Batman",
   "Cruiser",
   "Dominanor",
   "Puma",
   "Smart",
   "Sprinter",
   "Triber"
  ],
  "Loncin": [
   "ATV 125",
   "LX"
  ],
  "Masai": [
   "K50",
   "L100",
   "L150",
   "L50"
  ],
  "Massimo": [
   "Alligator 500",
   "Gunner 250S",
   "Knight 500",
   "Militia 1000",
   "MSU 400",
   "MSU 500",
   "MSU 700",
   "MSU 800"
  ],
  "Max": [
   "BUFFALO ALL-TERRAIN TRUCK",
   "Max II",
   "Max IV",
   "TraxMAX"
  ],
  "Megaactive": [
   "ATV 110",
   "ATV 125",
   "ATV 150",
   "ATV 200",
   "ATV 250",
   "ATV 50",
   "ATV 75"
  ],
  "MEV": [
   "Hummer HX"
  ],
  "Mike-motors": [
   "ATV",
   "MQ6"
  ],
  "Mikilon": [
   "Hammer 200L"
  ],
  "Minsk (Минск)": [
   "KD"
  ],
  "Mitsuoka": [
   "Bubu 505-C"
  ],
  "Mosebillit": [
   "650"
  ],
  "Motax": [
   "Gekkon",
   "Grizlik",
   "Grizlik 200",
   "Grizlik X-16",
   "H-4 mini",
   "Raptor",
   "T-Rex",
   "YMX"
  ],
  "Motoland": [
   "ATV 110 Eagle",
   "ATV 110 Rider",
   "ATV 110S",
   "ATV 125 Fox",
   "ATV 125S",
   "ATV 125U",
   "ATV 150 Fox",
   "ATV 150 Maverick",
   "ATV 150 Wild",
   "ATV 150S",
   "ATV 150U",
   "ATV 200 Allroad",
   "ATV 200 MAX",
   "ATV 200 Shark",
   "ATV 200S",
   "ATV 200U",
   "ATV 250 Adventure",
   "ATV 250 Dakar",
   "ATV 250S",
   "ATV 50 MINI",
   "ATV 50U",
   "ATV E-Series",
   "ATV KZ5",
   "ATV ZR8",
   "Coyote 125",
   "GOKART 125",
   "GOKART 80",
   "Raptor 125",
   "Wild 125",
   "Wild Track 200"
  ],
  "Mowgli": [
   "Bold 8",
   "Bold 8+",
   "Dux 8",
   "E-Hardy 8+",
   "E-Sharp",
   "E4",
   "Hardy 8",
   "Hardy 8+",
   "M200-G10",
   "M250-G10",
   "Mini E-Hardy",
   "Mini Hardy 4T",
   "P150-G8",
   "S07B",
   "Sharp",
   "Simple 7",
   "Simple 8",
   "Simple 8+",
   "Strong 7",
   "Strong 8",
   "X16",
   "Y150-G10"
  ],
  "Mudd-Ox": [
   "TD",
   "TD XL"
  ],
  "NBLuck": [
   "LK110",
   "LK260",
   "LK400",
   "LK500",
   "LK600",
   "LK800"
  ],
  "NEC": [
   "302",
   "MiniU",
   "V7"
  ],
  "New Force": [
   "NF 200",
   "NF 250",
   "NFM 500",
   "NFS 150"
  ],
  "Nexus": [
   "ATV 110",
   "Helix 50",
   "Hunter 300"
  ],
  "Nikola": [
   "Zero  UTV"
  ],
  "Nissamaran": [
   "BLAST",
   "TUNDRA",
   "TYRAN",
   "XY ATV"
  ],
  "Nitro": [
   "Jumper"
  ],
  "Norster": [
   "600R"
  ],
  "ODES": [
   "Dominator",
   "LZ150"
  ],
  "Ohara": [
   "SM"
  ],
  "Omaks Motors": [
   "BS200",
   "SP206",
   "SP302",
   "SP303",
   "XY150ST",
   "XY200ST",
   "XY250ST"
  ],
  "Oxobike": [
   "Oxokart 500",
   "Oxokart 700",
   "Oxotrack TR 500"
  ],
  "Patron": [
   "Country",
   "Scaner"
  ],
  "Paxus": [
   "PR-2x2",
   "PR-3x3",
   "Велес 2x2",
   "Велес-3x3"
  ],
  "PGO": [
   "Bug Racer",
   "Bug Rider",
   "Bugxter"
  ],
  "Polar Fox": [
   "ATV400",
   "ATV600",
   "XY500",
   "XY500ATV"
  ],
  "Polaris": [
   "ACE 150",
   "ACE 900",
   "ATP 330",
   "ATP 500",
   "General 1000",
   "Hawkeye 300",
   "Magnum 330",
   "Magnum 500",
   "Outlaw 450",
   "Outlaw 50",
   "Outlaw 500",
   "Outlaw 525",
   "Outlaw 90",
   "Phoenix 200",
   "Predator 500",
   "Predator 90",
   "Ranger 1000",
   "Ranger 150",
   "Ranger 400",
   "Ranger 500",
   "Ranger 570",
   "Ranger 6x6",
   "Ranger 700",
   "Ranger 800",
   "Ranger 900",
   "Ranger Diesel",
   "Ranger EV",
   "RZR 1000",
   "RZR 170",
   "RZR 570",
   "RZR 800",
   "RZR 900",
   "RZR PRO XP",
   "RZR RS1",
   "RZR XP 4 Turbo EPS",
   "RZR XP 4 Turbo S",
   "RZR XP Turbo EPS",
   "RZR XP Turbo S",
   "Sawtooth",
   "Scrambler 1000",
   "Scrambler 500",
   "Scrambler 850",
   "Sportsman 1000",
   "Sportsman 300",
   "Sportsman 400",
   "Sportsman 450",
   "Sportsman 500",
   "Sportsman 550",
   "Sportsman 570",
   "Sportsman 600",
   "Sportsman 6x6",
   "Sportsman 700",
   "Sportsman 800",
   "Sportsman 850",
   "Sportsman 90",
   "Sportsman Ace 150",
   "Sportsman Ace 325",
   "Sportsman Ace 570",
   "Sportsman ETX 330",
   "Trail Blazer 250",
   "Trail Boss 330",
   "Xplorer 400"
  ],
  "Pomor": [
   "4x6"
  ],
  "Prinoth": [
   "GT1200"
  ],
  "QingQi": [
   "QM80"
  ],
  "Racer": [
   "ATV 50"
  ],
  "Raktor": [
   "HS200-S"
  ],
  "Raptor": [
   "MAX 300",
   "MAX PRO 150",
   "MAX PRO 250"
  ],
  "RBC": [
   "Rider"
  ],
  "RC Juniorcars": [
   "250 California Cpyder",
   "330 P2",
   "AC Cobra 289",
   "DB5 Volante",
   "Type 55",
   "XK120"
  ],
  "Reggy": [
   "Banzai",
   "Explorer",
   "Hunter",
   "Lucky",
   "Tiger",
   "Warrior"
  ],
  "Renli": [
   "RL",
   "RLG1",
   "RLG2"
  ],
  "Rmoto": [
   "Hammer",
   "Kids",
   "Pentora",
   "Pentora 1000W",
   "Pitbull",
   "Rato"
  ],
  "Roxon": [
   "X-Kube"
  ],
  "Sagitta": [
   "Leone",
   "Orso"
  ],
  "Secma": [
   "F16",
   "Fun extrem 500"
  ],
  "Segway": [
   "Snarler"
  ],
  "Sider": [
   "Condor 800"
  ],
  "Simbel": [
   "Mini Q",
   "T400"
  ],
  "SkyJet": [
   "250ST-8"
  ],
  "Skyteam": [
   "Gorilla ST50",
   "T-Rex ST50"
  ],
  "Sogjoy": [
   "V-1",
   "V-2",
   "Базовый"
  ],
  "SPY": [
   "250F1"
  ],
  "Stels": [
   "ATV-100",
   "ATV-110",
   "ATV-300",
   "ATV-400",
   "ATV-450",
   "ATV-50",
   "ATV-500",
   "ATV-500YS Leopard",
   "ATV-600",
   "ATV-600YL Leopard",
   "ATV-600YS Leopard",
   "ATV-650 Guepard ST",
   "ATV-650 Guepard Trophy",
   "ATV-650YL Leopard",
   "ATV-650YS Leopard",
   "ATV-700",
   "ATV-800",
   "ATV-800 Guepard ST",
   "ATV-800 Guepard Touring",
   "ATV-800 Guepard Trophy",
   "ATV-850 Guepard Trophy",
   "UTV 500Н",
   "UTV 700H",
   "UTV 800H",
   "Десна 200 Трицикл"
  ],
  "Stingear": [
   "XYKD150-3",
   "XYKD260-2",
   "XYKD400",
   "XYST260",
   "XYST300"
  ],
  "Strom": [
   "DL",
   "S"
  ],
  "Suzuki": [
   "EIGER",
   "KingQuad 400",
   "KingQuad 450",
   "KingQuad 500",
   "KingQuad 700",
   "KingQuad 750",
   "Ozark 250",
   "QUADMASTER 500",
   "QuadRacer LT-R450",
   "QuadRunner LT-4WD",
   "QuadRunner LT-F250",
   "QuadSport LT80",
   "QuadSport Z250",
   "QuadSport Z400",
   "QuadSport Z50",
   "Vinson"
  ],
  "Sym": [
   "Dragon",
   "Panda",
   "QuadLander",
   "QuadRaider",
   "Shuttle",
   "Tiger",
   "TrackRunner",
   "Wolf"
  ],
  "Termit": [
   "Libre"
  ],
  "Terranica": [
   "Dreamtrack"
  ],
  "TGB": [
   "Blade",
   "Target"
  ],
  "Tinger": [
   "Armor",
   "Scout",
   "Track"
  ],
  "Tomberlin": [
   "Vanish"
  ],
  "Tomcar": [
   "JM25GL",
   "TM2",
   "TM4",
   "TM5"
  ],
  "Tomoto": [
   "TM150ATV"
  ],
  "Toptom": [
   "KingMax 400"
  ],
  "Tramp": [
   "100 ATV 2х4",
   "150 ATV 2x4",
   "260 2x4 CLASSIC",
   "260 2x4 DEMON",
   "300 2x4 CLASSIC",
   "300 2x4 DEMON",
   "300 2х4 MUDDY",
   "300 4x4 CLASSIC",
   "300 4x4 DEMON",
   "300 4x4 MUDDY",
   "50 ATV 2х4",
   "500 4x4 2UP ATV",
   "520 V-Twin 4x4"
  ],
  "Triton All": [
   "Predator"
  ],
  "Truxor": [
   "DM 5000"
  ],
  "Ukon": [
   "4x4",
   "Бобер"
  ],
  "UM": [
   "Tiger 50"
  ],
  "UMC": [
   "ATV 250",
   "ATV 400",
   "ATV 700"
  ],
  "Ural Motors": [
   "Discovery Classic",
   "Discovery Sport"
  ],
  "UVM": [
   "NF150 Hunter",
   "NFS150 Sport",
   "Tigershark"
  ],
  "Vanderhall": [
   "Carmel",
   "Carmel Blackjack",
   "Carmel GT",
   "Edison 2",
   "Venice",
   "Venice Blackjack",
   "Venice GT",
   "Venice GTS"
  ],
  "Vento": [
   "Avalanche EX",
   "Rhino",
   "Storm 250",
   "Storm 500"
  ],
  "Viking": [
   "670",
   "750",
   "775"
  ],
  "Volteco": [
   "Alpha ATV",
   "Ranger R4x4"
  ],
  "Volvo": [
   "BV"
  ],
  "Wels": [
   "200 EVO",
   "ATV 300",
   "ATV 800",
   "Bison",
   "E.King",
   "EVO X2",
   "EVO.M",
   "Ladoga",
   "Purga 170",
   "Thunder 125",
   "Thunder 150",
   "Thunder 200",
   "Thunder EVO",
   "Vuoksa"
  ],
  "Wild Panther": [
   "8x8"
  ],
  "WT Motors": [
   "Kayman WT 150",
   "Kobra WT 300",
   "Ram WT 500"
  ],
  "Wyp-Motor": [
   "150",
   "300",
   "500"
  ],
  "XBH": [
   "6x6",
   "8x8",
   "ATV A2"
  ],
  "XCar": [
   "X1",
   "X2"
  ],
  "xDevice": [
   "xCar"
  ],
  "XingYue": [
   "XYST150M"
  ],
  "Yacota": [
   "150",
   "250",
   "45",
   "Cabo",
   "Enjoy",
   "Fusion",
   "K5",
   "K5 Pro",
   "Kids 7",
   "Kids 8",
   "Lince",
   "Pitbull 4x4",
   "Ranger",
   "Raposa",
   "Renegade",
   "Sela 150",
   "Sela 200",
   "Sela Lux",
   "Slogger",
   "Smarty",
   "Sporty XX",
   "Yamar Go Kart"
  ],
  "Yamaha": [
   "Badger",
   "Banshee 350",
   "BearTracker",
   "Big Bear YFM350",
   "Blaster YFS200",
   "Breeze 125",
   "Bruin 350",
   "Grizzly 125",
   "Grizzly 250",
   "Grizzly 300",
   "Grizzly 350",
   "Grizzly 450 (YFM450)",
   "Grizzly 550",
   "Grizzly 660",
   "Grizzly 700",
   "Junior Pro",
   "Kodiak 450",
   "Kodiak 700",
   "Raptor 660",
   "Raptor YFM250",
   "Raptor YFM350",
   "Raptor YFM700",
   "Raptor YFM80",
   "Raptor YFM90",
   "Rhino",
   "Rhino YFZ660F",
   "Timberwolf",
   "Viking",
   "Warrior YFM350X",
   "Wolverine X2",
   "Wolverine X4",
   "Wolverine YFM450",
   "Wolverine-R 700",
   "YDRA",
   "YFZ 450",
   "YFZ 50",
   "YTF2",
   "YXZ 1000R"
  ],
  "Zadira": [
   "Bulldog 400-E",
   "Kangaroo",
   "Monstro",
   "Spider 250-L",
   "Trot 500E-C"
  ],
  "Zongshen": [
   "Spy Racing"
  ],
  "АВДИС": [
   "6.502"
  ],
  "АвтоВАЗтранс": [
   "СХМ"
  ],
  "Авторос": [
   "MYL",
   "Шаман"
  ],
  "Аркос": [
   "Квадро",
   "Трак"
  ],
  "Арктиктранс": [
   "Лопасня",
   "Нара"
  ],
  "БАЗ": [
   "БАЗ"
  ],
  "Беркут": [
   "8"
  ],
  "Бронто": [
   "Марш"
  ],
  "БТС": [
   "FROG"
  ],
  "Вездеходы Макарова": [
   "Бурлак",
   "Макар"
  ],
  "Вепрь": [
   "V5M"
  ],
  "Витязь": [
   "ДТ-10П",
   "ДТ-30П"
  ],
  "Вологодец": [
   "Вологодец"
  ],
  "Восток Трейлер": [
   "Экспедит"
  ],
  "ВТЗ": [
   "БТР"
  ],
  "ГАЗ": [
   "Вездеход повышенной проходимости"
  ],
  "ГазСтройМашина": [
   "ГазСтройМашина"
  ],
  "ГЕРДАКАР": [
   "125"
  ],
  "Другие": [
   "ATV (другие)",
   "Багги (другие)",
   "Мотовездеходы (другие)"
  ],
  "ЗВМ": [
   "ЗВМ-2411"
  ],
  "ЗиД": [
   "200 Тарпан",
   "50 Робинзон",
   "Бархан",
   "ЗДК-175-4ШП-01"
  ],
  "ЗиМ": [
   "6.901"
  ],
  "Зырянин": [
   "111"
  ],
  "ЗЭТ": [
   "Капитан",
   "Командир",
   "Маршал"
  ],
  "ИЖ": [
   "Самсон"
  ],
  "Кинешма": [
   "Кросс"
  ],
  "Конкордия": [
   "ГК2",
   "ГК4",
   "ГК4+2"
  ],
  "Куница": [
   "110",
   "200"
  ],
  "Курганмашзавод": [
   "Вездеход повышенной проходимости"
  ],
  "ЛТЗ": [
   "ПТС"
  ],
  "Механика": [
   "Медведь"
  ],
  "НБЗ": [
   "БТР-70"
  ],
  "Нижегородский завод транспортно-технологических машин": [
   "ТТМ-3902 ПС Тайга"
  ],
  "НИРФИ": [
   "Тритон"
  ],
  "Норд-Авто": [
   "Странник"
  ],
  "НПО Вымпел": [
   "Вымпел 6х6"
  ],
  "Охотец": [
   "6x6",
   "8x8"
  ],
  "Пелец": [
   "300",
   "Круизер",
   "Круизер 3",
   "Мини",
   "Мини 3",
   "Пилигрим",
   "Ровер",
   "Транспортер 1000",
   "Транспортер 600",
   "Транспортер D"
  ],
  "Псковская Механика": [
   "SQ 500st"
  ],
  "Росомаха": [
   "Extrime",
   "Стандарт"
  ],
  "Русская Механика (RM)": [
   "Gamax AX600",
   "РМ 500",
   "РМ 500-2",
   "РМ 650",
   "РМ 650 6X4",
   "РМ 650-2",
   "РМ 800",
   "РМ 800 DUO",
   "РМ 800 UTV",
   "Рысь 110",
   "Рысь 125",
   "Рысь 150",
   "Рысь 400",
   "Рысь 50",
   "Рысь 500"
  ],
  "Русский Вездеход": [
   "Штурм"
  ],
  "Самурай": [
   "Самурай"
  ],
  "СВС": [
   "BigBo"
  ],
  "Север (Sever)": [
   "3310 Егерь",
   "3330 Охотник",
   "3350 Турист",
   "3360 Профи 6х6",
   "3380 Профи"
  ],
  "СибВПКнефтегаз": [
   "Арктика (Грузовые платформы)",
   "Арктика (Грузопассажирские)"
  ],
  "СМЗ": [
   "ГТ-Т"
  ],
  "Сокол": [
   "1.0",
   "1.3",
   "1.5",
   "PRO",
   "Трофи"
  ],
  "СпецТрансАвто": [
   "ТТМ 4901 ГР-01",
   "ТТМ-3902"
  ],
  "Спринт": [
   "Спринт"
  ],
  "Стрелец": [
   "Стрелец"
  ],
  "Техинком": [
   "ТГС"
  ],
  "ТехУнэкс": [
   "Унэкс"
  ],
  "ТМЗ (Туламашзавод)": [
   "Рысь 6.903"
  ],
  "Торэкс": [
   "Аэросани"
  ],
  "Трансмаш": [
   "Ветлуга"
  ],
  "Тром 8": [
   "Грузопассажирский"
  ],
  "Трэкол": [
   "39041",
   "39292",
   "39294",
   "39295",
   "39445",
   "Вега",
   "Лесник",
   "Трофи",
   "Хаски"
  ],
  "ТТМ": [
   "ТТМ"
  ],
  "Ухтыш": [
   "ЗВМ"
  ],
  "Хакер": [
   "Хакер"
  ],
  "Хищник": [
   "2902"
  ],
  "ХТЗ": [
   "МТ-ЛБ"
  ],
  "ЧЕТРА": [
   "ТМ-130"
  ],
  "Шатун": [
   "Шатун"
  ],
  "Шерп (Sherp)": [
   "Шерп",
   "Шерп Max",
   "Шерп Pickup",
   "Шерп Pro"
  ],
  "Шторм": [
   "Шторм"
  ],
  "ШУС": [
   "001"
  ],
  "Экотранс": [
   "Петрович 204",
   "Петрович 354"
  ],
  "ЯМАЛ": [
   "H-4 Cross",
   "H-4L",
   "H-4S",
   "T-6",
   "T-6L",
   "T-6L Cross",
   "БМЕ-1015"
  ]
 }
}