{
 "id": "autoloader",
 "name": "Автопогрузчик",
 "group": "commercial",
 "list": {
  "Akkord": [
   "S200"
  ],
  "Alift": [
   "A4W"
  ],
  "Amur": [
   "DK620",
   "DK630",
   "DK630M",
   "RK620",
   "RK630"
  ],
  "ASV": [
   "RC-85"
  ],
  "Atlet": [
   "AJN160",
   "EF-16",
   "ET-20L",
   "ZL300F"
  ],
  "Attack": [
   "1130",
   "1230"
  ],
  "Ausa": [
   "T"
  ],
  "Avant": [
   "216",
   "220",
   "420",
   "500",
   "600"
  ],
  "Balkancar": [
   "Багги",
   "БВ",
   "ДВ",
   "ЕВ",
   "ЕП",
   "ЕТ",
   "Оптимал",
   "Рекорд 1",
   "Рекорд 2",
   "Рекорд 3"
  ],
  "Baoli": [
   "CPCD",
   "CPD"
  ],
  "Baumann": [
   "DFQ 50LL"
  ],
  "Bawoo": [
   "BSL-Серия",
   "BTL-Серия",
   "EX-Серия",
   "J-Серия",
   "M-Серия",
   "VJ-Серия"
  ],
  "Bizon": [
   "920",
   "930",
   "930G"
  ],
  "Bobcat": [
   "463",
   "533",
   "553",
   "643",
   "753",
   "763",
   "773",
   "853",
   "873",
   "A300",
   "A770",
   "S100",
   "S130",
   "S150",
   "S160",
   "S175/H",
   "S18",
   "S185/H",
   "S205",
   "S220",
   "S250/H",
   "S300/H",
   "S450",
   "S510",
   "S530",
   "S570",
   "S590",
   "S630",
   "S650",
   "S70",
   "S770",
   "S850",
   "T140",
   "T190",
   "T2250",
   "T250",
   "T300",
   "T3571",
   "T40140",
   "T40170",
   "T590",
   "T650",
   "T770",
   "TL360",
   "TL470"
  ],
  "Boulder": [
   "FL100",
   "FL120",
   "FL15",
   "FL15E3",
   "FL15G",
   "FL15RT",
   "FL18",
   "FL18G",
   "FL18RT",
   "FL20",
   "FL20E",
   "FL20E3",
   "FL20G",
   "FL20RT",
   "FL25",
   "FL25E",
   "FL25G",
   "FL25RT",
   "FL30",
   "FL30G",
   "FL35",
   "FL35E",
   "FL35G",
   "FL40E",
   "FL40G",
   "FL50",
   "FL60",
   "FL70",
   "FL80",
   "WL12",
   "WL20",
   "WL30",
   "WL33",
   "WL36",
   "WL39",
   "WL56"
  ],
  "Brenner": [
   "936"
  ],
  "Bront": [
   "1000-Z",
   "1500-Z"
  ],
  "BT Cargo": [
   "Газовые",
   "Дизельные",
   "Электрические"
  ],
  "Bull": [
   "FB10",
   "FB15",
   "FB18",
   "FB20",
   "FB25",
   "FD10",
   "FD100",
   "FD15",
   "FD18",
   "FD20",
   "FD25",
   "FD30",
   "FD35",
   "FD40",
   "FD45",
   "FD50",
   "FD60",
   "FD70",
   "FD75",
   "FD80",
   "FG10",
   "FG15",
   "FG18",
   "FG20",
   "FG25",
   "FG30",
   "FG35",
   "FG40",
   "FG45",
   "FG50",
   "FG60",
   "FG70",
   "SL100",
   "SL200T",
   "SL220",
   "SL250",
   "SL300",
   "SL320",
   "SL380",
   "SL700",
   "SL912",
   "SL915",
   "SL918",
   "SL920",
   "SL930",
   "SL932"
  ],
  "Bulmor": [
   "LQE"
  ],
  "Case": [
   "420",
   "721E",
   "821E",
   "SR150",
   "SR175",
   "SR200",
   "SR250",
   "SV185",
   "SV250",
   "SV300",
   "TX130",
   "TX140",
   "TX170",
   "Мини-погрузчики",
   "Фронтальные"
  ],
  "CastLoaders": [
   "20T",
   "23T",
   "28T",
   "30T",
   "33T",
   "33TLX",
   "45T",
   "800 Eco",
   "825D",
   "Genesis",
   "MAXO"
  ],
  "Caterpillar": [
   "216B",
   "226B",
   "232D",
   "236D",
   "242B",
   "242D",
   "246C",
   "248",
   "256C",
   "257B",
   "259B3",
   "262B",
   "262D",
   "287C",
   "432",
   "906H",
   "924",
   "938G II",
   "950 GC",
   "950G II",
   "950H",
   "962",
   "966",
   "972G",
   "980",
   "988H",
   "DP",
   "EC",
   "EP",
   "GP",
   "TH355B",
   "TH360B",
   "TH407C",
   "TH414",
   "TH580B"
  ],
  "Cathefeng": [
   "246D",
   "930",
   "950GC",
   "CAT3T",
   "CAT4T",
   "CAT5T"
  ],
  "Cayman": [
   "T"
  ],
  "Champ": [
   "350-80"
  ],
  "Changlin": [
   "936",
   "956",
   "ZL",
   "ZLM"
  ],
  "ChengGong": [
   "Фронтальный погрузчик"
  ],
  "CHL": [
   "CPCD15-WK",
   "CPCD15-XCK",
   "CPCD30-WS1K2C",
   "CPCD30-XC5K2C",
   "CPCD35-XC5K2C",
   "CPCD50-WX5C",
   "CPCD50-XC7K2",
   "CPD15-CA1",
   "CPD15SQ-GB1",
   "CPQYD15-RC1H2",
   "CPQYD15-RCH2"
  ],
  "Claas": [
   "Ranger 975",
   "Scorpion"
  ],
  "Clark": [
   "C15D",
   "C15L",
   "C20",
   "C30",
   "C35",
   "C50",
   "C500",
   "C70",
   "CPS12",
   "CPS15",
   "GCS15",
   "GEX16",
   "GEX20",
   "GEX30",
   "GPX",
   "GTX16",
   "GTX20"
  ],
  "Combilift": [
   "C",
   "CB"
  ],
  "Crown": [
   "SC 5300 Series"
  ],
  "CTK": [
   "LW",
   "S"
  ],
  "Daewoo": [
   "D20SC",
   "Doosan-Daewoo",
   "Газовые и газ-бензиновые",
   "Дизельные",
   "Электро"
  ],
  "Dalian": [
   "CPD",
   "CPDC"
  ],
  "DanTruck": [
   "7470OP"
  ],
  "Desta": [
   "DVHM 3522"
  ],
  "Detva": [
   "UNC"
  ],
  "Dieci": [
   "37.7",
   "40",
   "Agri Farmer 30.7",
   "Apollo 25.6",
   "Dedalus",
   "Icarus",
   "XR"
  ],
  "Digger": [
   "SSL"
  ],
  "Diktum": [
   "G400",
   "G700",
   "G700T"
  ],
  "DIMEX": [
   "Автопогрузчики"
  ],
  "DISD": [
   "SD200",
   "SD300"
  ],
  "Dongin": [
   "Felix"
  ],
  "Doosan": [
   "440",
   "450",
   "B",
   "B15N",
   "B15NS",
   "B15T-5",
   "B15T-7",
   "B16X-5",
   "B16X-7",
   "B18NS",
   "B18T-7",
   "B18X-7",
   "B20NS",
   "B20NSC",
   "B20T-7",
   "B20X-7",
   "B25NS",
   "B25X-7",
   "B30NS",
   "B30X-5",
   "B30X-7",
   "B35NS",
   "B35X-7",
   "B45X-7",
   "B50X-7",
   "BR14JW-5",
   "BR16JW-5",
   "BR16JW-7",
   "D",
   "D100S-7",
   "D110S-7",
   "D120S-7",
   "D130S-7",
   "D15S-5",
   "D18S-5",
   "D20NX",
   "D20NXP",
   "D20SC-5",
   "D25NX",
   "D25NXP",
   "D25S-7",
   "D30G",
   "D30NX",
   "D30NXP",
   "D30S-7",
   "D33S-7",
   "D35C-7",
   "D35NX",
   "D35NXP",
   "D50SC-5",
   "D70S-5",
   "DL",
   "G",
   "G15S-5",
   "G18S-5",
   "G20SC-5",
   "G25E-3",
   "G25E-5",
   "G25GP",
   "G25N-7",
   "G30GP",
   "G30N-7",
   "G35NC-7",
   "MEGA",
   "SD",
   "SSL"
  ],
  "Dressta": [
   "520C",
   "534",
   "L-34"
  ],
  "EL7": [
   "RL30W"
  ],
  "EP Equipment": [
   "CPCD100",
   "CPCD15",
   "CPCD18",
   "CPCD25",
   "CPCD30",
   "CPCD35",
   "CPCD38",
   "CPCD50",
   "CPCD70",
   "CPD13",
   "CPD15",
   "CPD16",
   "CPD18",
   "CPD20",
   "CPD25",
   "CPD30",
   "CPD35",
   "CPD40",
   "CPD45",
   "CPD50",
   "CPQD15",
   "CPQD18",
   "CPQD25",
   "CPQD30",
   "CPQD35",
   "CPQD50",
   "EFL151",
   "EFL181",
   "EFL252",
   "EFL302",
   "EFL352"
  ],
  "Eurocomach": [
   "150.5"
  ],
  "Everun": [
   "ER08",
   "ER12",
   "ER15",
   "ER16",
   "ER20",
   "ER35",
   "ER40"
  ],
  "Faresin Handlers": [
   "6.26",
   "7.30",
   "7.45",
   "FH 17.40"
  ],
  "Feeler": [
   "FD",
   "FG"
  ],
  "Fiat Kobelco": [
   "W170",
   "W231"
  ],
  "Fiat-Hitachi": [
   "FR"
  ],
  "First Machinery Group": [
   "FL3000"
  ],
  "Forward": [
   "701D",
   "803D",
   "803R",
   "903D",
   "903R"
  ],
  "Forway": [
   "WS50",
   "WS85"
  ],
  "Foton": [
   "Фронтальные погрузчики"
  ],
  "Frontal": [
   "190",
   "200",
   "220",
   "225",
   "235",
   "240",
   "245",
   "250",
   "260",
   "300"
  ],
  "Fuchs": [
   "MHL320",
   "MHL331",
   "MHL335",
   "MHL340",
   "MHL350",
   "MHL360",
   "MHL380",
   "MHL390",
   "MHL714",
   "RHL340"
  ],
  "Fukai": [
   "ZL"
  ],
  "Gehl": [
   "4635",
   "AL",
   "SL"
  ],
  "Giant": [
   "D204SW",
   "D254SW",
   "D263SW",
   "D332SWT",
   "D337T",
   "V362",
   "V4502T",
   "V452T HD",
   "V5003T",
   "V6004T"
  ],
  "Goodsense": [
   "FD10B",
   "FD25B",
   "FD30B",
   "FD35B",
   "FD50B"
  ],
  "Goodwork": [
   "LX150F",
   "LX180F",
   "LX260F",
   "LX300F",
   "LX330G"
  ],
  "Grizzly": [
   "GR2R"
  ],
  "Gross": [
   "GL925L"
  ],
  "Hangcha": [
   "CPCD 100",
   "CPCD 15",
   "CPCD 18",
   "CPCD 20",
   "CPCD 25",
   "CPCD 30",
   "CPCD 35",
   "CPCD 50",
   "CPCD 60",
   "CPCD 70",
   "CPCD 80",
   "CPD 15",
   "CPD 18",
   "CPD 20",
   "CPD 25",
   "CPD 30",
   "CPD 35",
   "CPDS 13",
   "CPDS 15",
   "CPDS 16",
   "CPDS 18",
   "CPDS 20",
   "CPQD 15",
   "CPQD 18N",
   "CPQD 20N",
   "CPQD 25N",
   "CPQD 30N",
   "CPQD 35N"
  ],
  "Haulotte": [
   "H23TPX",
   "HT21 RT",
   "HT28",
   "HTL3210",
   "HTL3510",
   "HTL4014",
   "HTL4017"
  ],
  "HC": [
   "CPCD",
   "CPQD"
  ],
  "Hecha": [
   "FD15T",
   "FD20T",
   "FD25T",
   "FD30T",
   "FD35T",
   "FD40T",
   "FD50T",
   "FD60T",
   "FD70T"
  ],
  "Helffer": [
   "MSV-101",
   "MSV-111",
   "MSV-112"
  ],
  "Heli": [
   "AC",
   "CPCD10",
   "CPCD100G",
   "CPCD15",
   "CPCD18",
   "CPCD25",
   "CPCD30",
   "CPCD35",
   "CPCD50",
   "CPCD70G",
   "CPCD85G",
   "CPD10",
   "CPD15",
   "CPD18",
   "CPD20",
   "CPD25",
   "CPD30",
   "CPD35",
   "CPQD15",
   "CPQD18",
   "CPQD25",
   "CPQYD30",
   "CPQYD35"
  ],
  "Hitachi": [
   "LX110-7",
   "LX130-7",
   "LX230",
   "LX70",
   "LX80",
   "ZW"
  ],
  "Hysoon": [
   "HY"
  ],
  "Hyster": [
   "C470",
   "H1.25XT-AD",
   "H1.50XM",
   "H1.5XT",
   "H1.6FT",
   "H12XM-6",
   "H155XL",
   "H2.00XMS",
   "H2.5XT",
   "H3.00XM",
   "H3.0TX",
   "H3.0UT",
   "H3.0XT",
   "H3.5FT",
   "H3.5UT",
   "H30XM-12",
   "H4.0FT",
   "H40-LP6H",
   "H5.00XL",
   "H5.00XM",
   "H5.0FT",
   "H5.50XM",
   "H5.5FT",
   "H7.00XL",
   "H7.0FT",
   "J1.3XNT",
   "J1.6XN",
   "J2.5XN",
   "P1.6",
   "R1.0E",
   "R1.2E",
   "R1.4",
   "R1.6",
   "S1.5UTS"
  ],
  "Hyundai": [
   "120D",
   "130D",
   "14BRJ",
   "15D",
   "16B",
   "18D",
   "20DA",
   "25DF",
   "25DT",
   "30DF",
   "30L",
   "33DF",
   "50D",
   "70DF",
   "80D",
   "HD20",
   "HD30",
   "HDF45",
   "HDF50",
   "HDF70",
   "HL740",
   "HL750",
   "HL757-7",
   "HL760-7",
   "HL760-7A",
   "HL760-9S",
   "HL770-7",
   "HL770-7A",
   "HL770-9S",
   "HL780",
   "HLF15-5",
   "HSD",
   "HSL650-7",
   "HSL850-7",
   "R210W-9MH",
   "SL-735",
   "SL-760",
   "SL-765"
  ],
  "HZM": [
   "300",
   "933",
   "953",
   "CPC30",
   "CPC35",
   "CPC50",
   "CPCD30",
   "CPCD35",
   "S16D",
   "S20D",
   "S23D",
   "S25D",
   "S25R",
   "S28D",
   "S30D",
   "S33D",
   "S908",
   "STI ZL33G",
   "XC16",
   "XC20",
   "XC23",
   "XC25",
   "XC28",
   "XC30",
   "XC300",
   "XC33",
   "XC36"
  ],
  "JAC": [
   "CPCD15",
   "CPCD18",
   "CPCD20",
   "CPCD25",
   "CPCD30",
   "CPCD35",
   "CPCD50",
   "CPCD80",
   "CPD10",
   "CPD16",
   "CPD25"
  ],
  "JCB": [
   "135",
   "175",
   "190",
   "225",
   "412",
   "426",
   "435",
   "436",
   "456",
   "467",
   "531",
   "531-70",
   "535-140",
   "535-95",
   "536-70",
   "537",
   "540-140",
   "540-170",
   "541-70",
   "JS260T",
   "Robot",
   "TLT"
  ],
  "Jingong": [
   "JGM 757"
  ],
  "JJCC": [
   "CPCD"
  ],
  "JLG": [
   "4013 PS",
   "Compact"
  ],
  "John Deere": [
   "315SL",
   "318",
   "324E",
   "325SL",
   "544K",
   "724K",
   "744K",
   "748H",
   "D-Series",
   "E-Series",
   "G-Series",
   "J-Series",
   "WL56"
  ],
  "Jun Gong": [
   "926"
  ],
  "Jungheinrich": [
   "DFG",
   "EFG",
   "EJC",
   "ETM",
   "ETV",
   "TFG"
  ],
  "Junlian": [
   "JL833"
  ],
  "Kalmar": [
   "DCD",
   "DCE",
   "DRD",
   "DRF",
   "FE"
  ],
  "Kanghong": [
   "ZL16"
  ],
  "Kipor": [
   "KDF"
  ],
  "Kolman": [
   "AC 3",
   "K-1.5t",
   "K-10.0t",
   "K-2.0t",
   "K-2.5t",
   "K-3.0t",
   "K-3.5t",
   "K-5.0t",
   "K-6.0t",
   "K-7.0t",
   "K-8.0t",
   "TK15",
   "TK20",
   "TK25",
   "TK30"
  ],
  "Komatsu": [
   "AX50",
   "BX50",
   "D10",
   "FB",
   "FD",
   "FD15",
   "FD25",
   "FD70-7",
   "FG",
   "GX20",
   "MWS10",
   "SK07",
   "SK714-5",
   "SK820-5",
   "WA180-3",
   "WA320-3",
   "WA380",
   "WA420-3",
   "WA470-3",
   "WA600-3",
   "WA65",
   "WB-series",
   "WH613",
   "WR11-1"
  ],
  "Kramer": [
   "1150",
   "5050",
   "750",
   "8145T",
   "8155",
   "850"
  ],
  "Kubota": [
   "RA400"
  ],
  "Laigong": [
   "ZL"
  ],
  "Lema": [
   "LM"
  ],
  "LGCE": [
   "WL939F"
  ],
  "Liebherr": [
   "L 506",
   "L 524",
   "L 528",
   "L 538",
   "L 550",
   "L 551",
   "L 554",
   "L 556",
   "L 566",
   "L 580",
   "L 586",
   "LR 614",
   "LR 634",
   "LRS 645"
  ],
  "Linde": [
   "H12-H20 (1.2т-2.0т)",
   "H14-H20",
   "H140",
   "H15D",
   "H25",
   "H35",
   "H40",
   "H50T",
   "H80",
   "HT25",
   "HT30",
   "K"
  ],
  "LiuGong": [
   "CLG 2015",
   "CLG 2020",
   "CLG 2025",
   "CLG 2030",
   "CLG 2035",
   "CLG 2050",
   "CLG 365",
   "CLG 375",
   "CLG 380",
   "CLG 385",
   "CLG 777",
   "CLG 816",
   "CLG 835",
   "CLG 836",
   "CLG 842",
   "CLG 855",
   "CLG 856",
   "CLG 862",
   "CLG 877",
   "CLG 888",
   "CPCD 15",
   "CPCD 20",
   "CPCD 25",
   "CPCD 30",
   "CPCD 35",
   "ZL 30 E",
   "ZL 50"
  ],
  "Locust": [
   "1203",
   "750",
   "752",
   "753",
   "853",
   "903"
  ],
  "LongGong": [
   "CDM 843",
   "CDM 855 E"
  ],
  "Lonking": [
   "CDM",
   "CDM307",
   "CDM308",
   "CDM312",
   "CDM835",
   "CDM853",
   "CDM855",
   "CDM932N",
   "LG - series",
   "LG833",
   "LG855",
   "LG863",
   "LK - series",
   "ZL50NC"
  ],
  "Lovol": [
   "FL935",
   "FL936",
   "FL955",
   "FL956",
   "FL966",
   "FL968",
   "FL976"
  ],
  "Luqing": [
   "LQ"
  ],
  "Magni": [
   "HTH 10.10",
   "HTH 16.10",
   "HTH 35.12",
   "RTH 4.18 Smart",
   "RTH 5.18 Smart",
   "RTH 5.21 SH",
   "RTH 5.21 Smart",
   "RTH 5.23 SH",
   "RTH 5.23 Smart",
   "RTH 5.25 SH",
   "RTH 5.25 Smart",
   "RTH 5.30 S",
   "RTH 6.26 SH",
   "RTH 6.30 SH",
   "RTH 6.35 SH",
   "RTH 6.39 SH",
   "RTH 6.46 SH",
   "RTH 8.25 SH",
   "TH 6.20"
  ],
  "Manitou": [
   "M",
   "Maniscopic",
   "MHT-X",
   "MI",
   "MLT",
   "MRT",
   "MSI",
   "MT"
  ],
  "Mattson": [
   "ML 526"
  ],
  "Maximal": [
   "FBA15",
   "FBA18",
   "FBA20",
   "FBA25",
   "FBA30",
   "FD",
   "FD10",
   "FD15",
   "FD18",
   "FD25",
   "FD30",
   "FGL15",
   "FGL18",
   "FGL25",
   "FGL30",
   "FGL35"
  ],
  "Merlo": [
   "Panoramic",
   "ROTO"
  ],
  "Mitsuber": [
   "ML333",
   "ML344",
   "ML541N MUNICH",
   "MSS90 Magdeburg"
  ],
  "MITSUBI": [
   "CPCD30W"
  ],
  "Mitsubishi": [
   "FB15TCBJ",
   "FB16N",
   "FD15NT",
   "FD20CNT",
   "FD25N",
   "FD30NT",
   "FG18NT",
   "FG30NT",
   "RB16NH",
   "Газ и газ-бензиновые",
   "Дизельные",
   "Электрические"
  ],
  "Molot": [
   "180",
   "180F",
   "200",
   "200T",
   "300F",
   "300M",
   "300T",
   "933",
   "936",
   "ZL20",
   "ZL30"
  ],
  "MST": [
   "ST 13.35",
   "ST 17.30",
   "ST 7.40",
   "ST 9.40"
  ],
  "MTK": [
   "930",
   "936"
  ],
  "MultiOne": [
   "GT series",
   "S series",
   "Series 6",
   "Series 9"
  ],
  "Multix": [
   "GS",
   "GZ"
  ],
  "Mustang": [
   "1900",
   "2012",
   "2026",
   "2041",
   "2044",
   "2054",
   "2056",
   "2066",
   "2076",
   "2086",
   "2109",
   "2700",
   "3300",
   "AL",
   "RT",
   "V"
  ],
  "MYZG": [
   "ZL938"
  ],
  "Neo": [
   "200",
   "300",
   "933",
   "936L",
   "L300",
   "S180",
   "S300",
   "TL100"
  ],
  "New Holland": [
   "L - series",
   "LM1330",
   "LM1333",
   "LM1340",
   "LM1345",
   "LS",
   "Lx - series",
   "W - Series"
  ],
  "Nichiyu": [
   "FB15P",
   "FBT15P"
  ],
  "Nissan": [
   "DX",
   "EH",
   "FP",
   "NL",
   "NP",
   "PL",
   "YGL02",
   "Серия 1F",
   "серия D",
   "серия H",
   "серия J",
   "серия L"
  ],
  "OM Pimespo": [
   "DI 50C500",
   "E10N",
   "XD15",
   "XD25",
   "XD40"
  ],
  "Oxlift": [
   "CCCD 30",
   "CCCD 50",
   "CPCD 15",
   "CPCD 18",
   "CPCD 20",
   "CPCD 25",
   "CPCD 30",
   "CPCD 35",
   "FD 15",
   "FD 20",
   "FD 25",
   "FD 30",
   "MPX 10",
   "MPX 15",
   "TK 15",
   "TK 20",
   "TK 25",
   "TK 30",
   "TK 30G",
   "TK 35",
   "TK 40"
  ],
  "Palfinger": [
   "CR 253"
  ],
  "Polar Badger": [
   "WL25",
   "WL35",
   "WL35B",
   "WL50",
   "WL50T"
  ],
  "POWERPLUS": [
   "PP928T-V",
   "PP938T-V",
   "PP948T-V",
   "PP950T-V",
   "PP966T-V",
   "PP968T-V",
   "PP973T-V",
   "PP980T-V",
   "PP992T-V"
  ],
  "Reddot": [
   "CPCD15",
   "CPCD20",
   "CPCD25",
   "CPCD30",
   "CPCD35",
   "CPD05-15TVE3",
   "CPD10",
   "CPD10/12TVS",
   "CPD13-20TV5",
   "CPD13-20TV8",
   "CPD15",
   "CPD15TVR5",
   "CPD18TVS",
   "CPD30",
   "CPD40",
   "CPD50"
  ],
  "Redstar": [
   "E10",
   "ZL 20"
  ],
  "Renders": [
   "R L 200"
  ],
  "RM-Terex": [
   "TVEX 180i"
  ],
  "Rocla": [
   "Humanic"
  ],
  "Rossel": [
   "R-800"
  ],
  "Royal Forklift": [
   "FD10-15",
   "FG10-15"
  ],
  "Runmax": [
   "770E",
   "772E",
   "880E",
   "882E",
   "884E",
   "970E",
   "ML840"
  ],
  "Sandvik": [
   "LH203"
  ],
  "Schaffer": [
   "4350",
   "5370"
  ],
  "SDLG": [
   "L953F",
   "LG 918",
   "LG 933",
   "LG 936",
   "LG 946",
   "LG 950-1",
   "LG 952",
   "LG 953",
   "LG 956",
   "LG 968",
   "LG 978",
   "LGB"
  ],
  "SEM": [
   "630",
   "636 D",
   "639",
   "650",
   "652 B",
   "653 D",
   "655 D",
   "656 D",
   "660 D",
   "668 D",
   "669",
   "ZL30F-I"
  ],
  "Sennebogen": [
   "Мобильные перегружатели"
  ],
  "Shanlin": [
   "ZL"
  ],
  "Shantui": [
   "SF",
   "SL"
  ],
  "Shinko": [
   "6FB15",
   "6FB25"
  ],
  "SMV": [
   "SL"
  ],
  "Solmec": [
   "416 ESC"
  ],
  "Soosung": [
   "Штабелер-погрузчик"
  ],
  "Stalowa Wola": [
   "515E",
   "L-34"
  ],
  "STI": [
   "ZL33G"
  ],
  "Still": [
   "RC 40",
   "RX 20",
   "RX 50",
   "RX 60",
   "RX 70",
   "RС 41"
  ],
  "Strong": [
   "MP5000"
  ],
  "Sumitomo": [
   "FD15",
   "FD25",
   "FG15",
   "FG20"
  ],
  "Sunward": [
   "SWL",
   "SWL2820",
   "SWL3210",
   "SWTL4510",
   "SWTL4518"
  ],
  "SZM": [
   "916",
   "920",
   "926",
   "930",
   "933",
   "936",
   "956",
   "ZL30"
  ],
  "Takeuchi": [
   "TL140",
   "TL150"
  ],
  "TCM": [
   "315",
   "343",
   "808",
   "A2N1L16Q",
   "A2N1L18Q",
   "AG2N1L18Q",
   "AG2N1L20Q",
   "AS2N1L13Q",
   "AS2N1L15Q",
   "FB15",
   "FB18",
   "FB20",
   "FB25",
   "FB30",
   "FB35",
   "FD100",
   "FD15",
   "FD18",
   "FD20",
   "FD25",
   "FD30",
   "FD35",
   "FD40",
   "FD50",
   "FD60",
   "FD70",
   "FD80",
   "FG/D 15-35",
   "FG15",
   "FG18",
   "FG20",
   "FG25",
   "FG30",
   "SSL 709",
   "SSL 711"
  ],
  "Terex": [
   "Girolift",
   "SL 22",
   "TB 85",
   "Telelift",
   "TL 155",
   "TL 160",
   "TL 80",
   "ВП-05-00",
   "ВП-05-30"
  ],
  "TEU": [
   "FB",
   "FD"
  ],
  "TFN": [
   "Грузоподъемность 1 - 1.5 т",
   "Грузоподъемность 2 - 2.5 т",
   "Грузоподъемность 3 - 3.5 т",
   "Грузоподъемность 5 - 5.5 т"
  ],
  "Thomas": [
   "255"
  ],
  "Tota": [
   "XZ636"
  ],
  "Toyota": [
   "6FD",
   "8F",
   "Jobsun",
   "Газовые и газ-бензиновые",
   "Дизельные",
   "Электро"
  ],
  "TSM": [
   "100 RT",
   "160 RT",
   "180 RT",
   "30 RT",
   "35 RT",
   "35P",
   "50 XRT",
   "60 RT",
   "70 RT"
  ],
  "UN": [
   "53",
   "FD30T"
  ],
  "UNC": [
   "60"
  ],
  "Utilev": [
   "UT"
  ],
  "Venieri": [
   "VF 7.63",
   "VF 9015"
  ],
  "VigorBull": [
   "J67"
  ],
  "Vmax": [
   "CPCD15",
   "CPCD30",
   "CPCD50",
   "CPCD70"
  ],
  "Volkan": [
   "PSL170D"
  ],
  "Volvo": [
   "L120",
   "L150",
   "L180",
   "L220",
   "L250",
   "L30",
   "L35",
   "L350",
   "L40",
   "L45",
   "L50",
   "L60",
   "L70",
   "L90",
   "MC110",
   "MC115",
   "MC95"
  ],
  "Wacker Neuson": [
   "Kramer Allrad",
   "TH 412",
   "TH 522",
   "WL 32",
   "WL 54",
   "WL 95"
  ],
  "Wecan": [
   "GM"
  ],
  "Weidemann": [
   "1140",
   "1160 eHoftrac",
   "1280",
   "4080LPT",
   "9080",
   "9580T",
   "T4512",
   "T5522"
  ],
  "Wille": [
   "445"
  ],
  "World": [
   "W136"
  ],
  "XCMG": [
   "LW - series",
   "LW330FN",
   "XC740RU",
   "XT870",
   "XС870",
   "ZL - series"
  ],
  "XCMGEuropa": [
   "ZL"
  ],
  "XGMA": [
   "XG - series"
  ],
  "Xtreme": [
   "XR621"
  ],
  "Yale": [
   "ERP",
   "FD",
   "GDP",
   "GLP",
   "GP",
   "MR"
  ],
  "YiGong": [
   "ZL"
  ],
  "Yineng": [
   "YN"
  ],
  "YTO": [
   "ZL30-II"
  ],
  "Yugong": [
   "ZL30"
  ],
  "Yutong": [
   "931A",
   "936H",
   "952A"
  ],
  "Zettelmeyer": [
   "ZL 602"
  ],
  "Zoomlion": [
   "FD15",
   "FD25",
   "FD30",
   "FD50",
   "FD70"
  ],
  "Zvezda": [
   "ZL10",
   "ZL20",
   "ZL28",
   "ZL30",
   "ZL32",
   "ZL35"
  ],
  "Амкодор": [
   "134",
   "208",
   "211",
   "308",
   "320",
   "322",
   "325",
   "327",
   "330",
   "332",
   "333",
   "334",
   "342",
   "343",
   "352",
   "361",
   "451",
   "527",
   "ТО-18"
  ],
  "АТЗ": [
   "ЛТ-72"
  ],
  "Балтиец": [
   "К-703Б ПФ-1",
   "К-703Б-УДМ-1",
   "К-707Т-ПК6",
   "К-707Т-УДМ2"
  ],
  "Барс": [
   "1101А (МУМС-11)"
  ],
  "Волжский погрузчик (VP)": [
   "D15",
   "D18",
   "D20",
   "D25",
   "D30",
   "D35",
   "D50",
   "E15",
   "E18",
   "E20",
   "FB 15",
   "FD 15",
   "FD 30",
   "FD 50",
   "G15",
   "G18",
   "G20",
   "G25",
   "G30",
   "G35"
  ],
  "Дормашина": [
   "DM-34"
  ],
  "Другие": [
   "Неизвестна (автопогрузчики)"
  ],
  "ЕЛАЗ": [
   "BL 888"
  ],
  "ЗИЛ": [
   "49525"
  ],
  "Кировец": [
   "SL750",
   "К-700",
   "К-701",
   "К-702",
   "К-708"
  ],
  "Курган Дормаш": [
   "Termit 1000"
  ],
  "Курганмашзавод": [
   "МКСМ"
  ],
  "КЭМЗ": [
   "Ant 1000.01",
   "Ant 3000",
   "Ant 750"
  ],
  "Львовский Автопогрузчик": [
   "АП-4045",
   "АП-4075",
   "АП-40810",
   "АП-40814",
   "АП-41030",
   "ЛЕВ",
   "ЛЕВ ЛА04",
   "ЛЕВ ЛА05",
   "ЛЕВ ЛА07",
   "М-40814"
  ],
  "МАЗ": [
   "4370"
  ],
  "МАЗ-МАН": [
   "ВМЕ"
  ],
  "Мекан": [
   "Дизельные"
  ],
  "МЗиК": [
   "ДП-1604",
   "ДП-3510",
   "Электро"
  ],
  "МоАЗ": [
   "4048"
  ],
  "МТЗ": [
   "МТЗ-80",
   "МТЗ-82"
  ],
  "НМЗ": [
   "GEKA D50"
  ],
  "Орловский Погрузчик": [
   "ПК-2202",
   "ПК-27",
   "ПК-33",
   "ПК-40",
   "ТО-18",
   "ТО-30",
   "ТО-6"
  ],
  "ПМЗ": [
   "ПБТК-764"
  ],
  "Ратеп": [
   "РАТЕП-800"
  ],
  "Сибиряк": [
   "2000",
   "2500",
   "3000",
   "9320",
   "9360",
   "ZL08"
  ],
  "СибКомСельМаш": [
   "ПГУ-0.8"
  ],
  "Спецстроймаш": [
   "К-702МВА-УДМТ"
  ],
  "ТВЭКС": [
   "ВП-03",
   "ВП-05"
  ],
  "Технокор": [
   "МСУ-2500"
  ],
  "Уралвагонзавод": [
   "ПУМ-1000",
   "ПУМ-500"
  ],
  "ХТЗ": [
   "Т-150",
   "Т-156Б"
  ],
  "ЧЕТРА": [
   "МКСМ-800",
   "ПК 60"
  ],
  "ЧЗА": [
   "40912-01"
  ],
  "ЧСДМ": [
   "B-125",
   "B-140",
   "B-160",
   "ТО-40"
  ],
  "ЧТЗ": [
   "ПК-65"
  ],
  "ЭксМаш": [
   "E190WH"
  ],
  "ЮМЗ": [
   "ПФ-1"
  ]
 }
}