mark;model
Akkord;S200
Alift;A4W
Amur;DK620
Amur;DK630
Amur;DK630M
Amur;RK620
Amur;RK630
ASV;RC-85
Atlet;AJN160
Atlet;EF-16
Atlet;ET-20L
Atlet;ZL300F
Attack;1130
Attack;1230
Ausa;T
Avant;216
Avant;220
Avant;420
Avant;500
Avant;600
Balkancar;Багги
Balkancar;БВ
Balkancar;ДВ
Balkancar;ЕВ
Balkancar;ЕП
Balkancar;ЕТ
Balkancar;Оптимал
Balkancar;Рекорд 1
Balkancar;Рекорд 2
Balkancar;Рекорд 3
Baoli;CPCD
Baoli;CPD
Baumann;DFQ 50LL
Bawoo;BSL-Серия
Bawoo;BTL-Серия
Bawoo;EX-Серия
Bawoo;J-Серия
Bawoo;M-Серия
Bawoo;VJ-Серия
Bizon;920
Bizon;930
Bizon;930G
Bobcat;463
Bobcat;533
Bobcat;553
Bobcat;643
Bobcat;753
Bobcat;763
Bobcat;773
Bobcat;853
Bobcat;873
Bobcat;A300
Bobcat;A770
Bobcat;S100
Bobcat;S130
Bobcat;S150
Bobcat;S160
Bobcat;S175/H
Bobcat;S18
Bobcat;S185/H
Bobcat;S205
Bobcat;S220
Bobcat;S250/H
Bobcat;S300/H
Bobcat;S450
Bobcat;S510
Bobcat;S530
Bobcat;S570
Bobcat;S590
Bobcat;S630
Bobcat;S650
Bobcat;S70
Bobcat;S770
Bobcat;S850
Bobcat;T140
Bobcat;T190
Bobcat;T2250
Bobcat;T250
Bobcat;T300
Bobcat;T3571
Bobcat;T40140
Bobcat;T40170
Bobcat;T590
Bobcat;T650
Bobcat;T770
Bobcat;TL360
Bobcat;TL470
Boulder;FL100
Boulder;FL120
Boulder;FL15
Boulder;FL15E3
Boulder;FL15G
Boulder;FL15RT
Boulder;FL18
Boulder;FL18G
Boulder;FL18RT
Boulder;FL20
Boulder;FL20E
Boulder;FL20E3
Boulder;FL20G
Boulder;FL20RT
Boulder;FL25
Boulder;FL25E
Boulder;FL25G
Boulder;FL25RT
Boulder;FL30
Boulder;FL30G
Boulder;FL35
Boulder;FL35E
Boulder;FL35G
Boulder;FL40E
Boulder;FL40G
Boulder;FL50
Boulder;FL60
Boulder;FL70
Boulder;FL80
Boulder;WL12
Boulder;WL20
Boulder;WL30
Boulder;WL33
Boulder;WL36
Boulder;WL39
Boulder;WL56
Brenner;936
Bront;1000-Z
Bront;1500-Z
BT Cargo;Газовые
BT Cargo;Дизельные
BT Cargo;Электрические
Bull;FB10
Bull;FB15
Bull;FB18
Bull;FB20
Bull;FB25
Bull;FD10
Bull;FD100
Bull;FD15
Bull;FD18
Bull;FD20
Bull;FD25
Bull;FD30
Bull;FD35
Bull;FD40
Bull;FD45
Bull;FD50
Bull;FD60
Bull;FD70
Bull;FD75
Bull;FD80
Bull;FG10
Bull;FG15
Bull;FG18
Bull;FG20
Bull;FG25
Bull;FG30
Bull;FG35
Bull;FG40
Bull;FG45
Bull;FG50
Bull;FG60
Bull;FG70
Bull;SL100
Bull;SL200T
Bull;SL220
Bull;SL250
Bull;SL300
Bull;SL320
Bull;SL380
Bull;SL700
Bull;SL912
Bull;SL915
Bull;SL918
Bull;SL920
Bull;SL930
Bull;SL932
Bulmor;LQE
Case;420
Case;721E
Case;821E
Case;SR150
Case;SR175
Case;SR200
Case;SR250
Case;SV185
Case;SV250
Case;SV300
Case;TX130
Case;TX140
Case;TX170
Case;Мини-погрузчики
Case;Фронтальные
CastLoaders;20T
CastLoaders;23T
CastLoaders;28T
CastLoaders;30T
CastLoaders;33T
CastLoaders;33TLX
CastLoaders;45T
CastLoaders;800 Eco
CastLoaders;825D
CastLoaders;Genesis
CastLoaders;MAXO
Caterpillar;216B
Caterpillar;226B
Caterpillar;232D
Caterpillar;236D
Caterpillar;242B
Caterpillar;242D
Caterpillar;246C
Caterpillar;248
Caterpillar;256C
Caterpillar;257B
Caterpillar;259B3
Caterpillar;262B
Caterpillar;262D
Caterpillar;287C
Caterpillar;432
Caterpillar;906H
Caterpillar;924
Caterpillar;938G II
Caterpillar;950 GC
Caterpillar;950G II
Caterpillar;950H
Caterpillar;962
Caterpillar;966
Caterpillar;972G
Caterpillar;980
Caterpillar;988H
Caterpillar;DP
Caterpillar;EC
Caterpillar;EP
Caterpillar;GP
Caterpillar;TH355B
Caterpillar;TH360B
Caterpillar;TH407C
Caterpillar;TH414
Caterpillar;TH580B
Cathefeng;246D
Cathefeng;930
Cathefeng;950GC
Cathefeng;CAT3T
Cathefeng;CAT4T
Cathefeng;CAT5T
Cayman;T
Champ;350-80
Changlin;936
Changlin;956
Changlin;ZL
Changlin;ZLM
ChengGong;Фронтальный погрузчик
CHL;CPCD15-WK
CHL;CPCD15-XCK
CHL;CPCD30-WS1K2C
CHL;CPCD30-XC5K2C
CHL;CPCD35-XC5K2C
CHL;CPCD50-WX5C
CHL;CPCD50-XC7K2
CHL;CPD15-CA1
CHL;CPD15SQ-GB1
CHL;CPQYD15-RC1H2
CHL;CPQYD15-RCH2
Claas;Ranger 975
Claas;Scorpion
Clark;C15D
Clark;C15L
Clark;C20
Clark;C30
Clark;C35
Clark;C50
Clark;C500
Clark;C70
Clark;CPS12
Clark;CPS15
Clark;GCS15
Clark;GEX16
Clark;GEX20
Clark;GEX30
Clark;GPX
Clark;GTX16
Clark;GTX20
Combilift;C
Combilift;CB
Crown;SC 5300 Series
CTK;LW
CTK;S
Daewoo;D20SC
Daewoo;Doosan-Daewoo
Daewoo;Газовые и газ-бензиновые
Daewoo;Дизельные
Daewoo;Электро
Dalian;CPD
Dalian;CPDC
DanTruck;7470OP
Desta;DVHM 3522
Detva;UNC
Dieci;37.7
Dieci;40
Dieci;Agri Farmer 30.7
Dieci;Apollo 25.6
Dieci;Dedalus
Dieci;Icarus
Dieci;XR
Digger;SSL
Diktum;G400
Diktum;G700
Diktum;G700T
DIMEX;Автопогрузчики
DISD;SD200
DISD;SD300
Dongin;Felix
Doosan;440
Doosan;450
Doosan;B
Doosan;B15N
Doosan;B15NS
Doosan;B15T-5
Doosan;B15T-7
Doosan;B16X-5
Doosan;B16X-7
Doosan;B18NS
Doosan;B18T-7
Doosan;B18X-7
Doosan;B20NS
Doosan;B20NSC
Doosan;B20T-7
Doosan;B20X-7
Doosan;B25NS
Doosan;B25X-7
Doosan;B30NS
Doosan;B30X-5
Doosan;B30X-7
Doosan;B35NS
Doosan;B35X-7
Doosan;B45X-7
Doosan;B50X-7
Doosan;BR14JW-5
Doosan;BR16JW-5
Doosan;BR16JW-7
Doosan;D
Doosan;D100S-7
Doosan;D110S-7
Doosan;D120S-7
Doosan;D130S-7
Doosan;D15S-5
Doosan;D18S-5
Doosan;D20NX
Doosan;D20NXP
Doosan;D20SC-5
Doosan;D25NX
Doosan;D25NXP
Doosan;D25S-7
Doosan;D30G
Doosan;D30NX
Doosan;D30NXP
Doosan;D30S-7
Doosan;D33S-7
Doosan;D35C-7
Doosan;D35NX
Doosan;D35NXP
Doosan;D50SC-5
Doosan;D70S-5
Doosan;DL
Doosan;G
Doosan;G15S-5
Doosan;G18S-5
Doosan;G20SC-5
Doosan;G25E-3
Doosan;G25E-5
Doosan;G25GP
Doosan;G25N-7
Doosan;G30GP
Doosan;G30N-7
Doosan;G35NC-7
Doosan;MEGA
Doosan;SD
Doosan;SSL
Dressta;520C
Dressta;534
Dressta;L-34
EL7;RL30W
EP Equipment;CPCD100
EP Equipment;CPCD15
EP Equipment;CPCD18
EP Equipment;CPCD25
EP Equipment;CPCD30
EP Equipment;CPCD35
EP Equipment;CPCD38
EP Equipment;CPCD50
EP Equipment;CPCD70
EP Equipment;CPD13
EP Equipment;CPD15
EP Equipment;CPD16
EP Equipment;CPD18
EP Equipment;CPD20
EP Equipment;CPD25
EP Equipment;CPD30
EP Equipment;CPD35
EP Equipment;CPD40
EP Equipment;CPD45
EP Equipment;CPD50
EP Equipment;CPQD15
EP Equipment;CPQD18
EP Equipment;CPQD25
EP Equipment;CPQD30
EP Equipment;CPQD35
EP Equipment;CPQD50
EP Equipment;EFL151
EP Equipment;EFL181
EP Equipment;EFL252
EP Equipment;EFL302
EP Equipment;EFL352
Eurocomach;150.5
Everun;ER08
Everun;ER12
Everun;ER15
Everun;ER16
Everun;ER20
Everun;ER35
Everun;ER40
Faresin Handlers;6.26
Faresin Handlers;7.30
Faresin Handlers;7.45
Faresin Handlers;FH 17.40
Feeler;FD
Feeler;FG
Fiat Kobelco;W170
Fiat Kobelco;W231
Fiat-Hitachi;FR
First Machinery Group;FL3000
Forward;701D
Forward;803D
Forward;803R
Forward;903D
Forward;903R
Forway;WS50
Forway;WS85
Foton;Фронтальные погрузчики
Frontal;190
Frontal;200
Frontal;220
Frontal;225
Frontal;235
Frontal;240
Frontal;245
Frontal;250
Frontal;260
Frontal;300
Fuchs;MHL320
Fuchs;MHL331
Fuchs;MHL335
Fuchs;MHL340
Fuchs;MHL350
Fuchs;MHL360
Fuchs;MHL380
Fuchs;MHL390
Fuchs;MHL714
Fuchs;RHL340
Fukai;ZL
Gehl;4635
Gehl;AL
Gehl;SL
Giant;D204SW
Giant;D254SW
Giant;D263SW
Giant;D332SWT
Giant;D337T
Giant;V362
Giant;V4502T
Giant;V452T HD
Giant;V5003T
Giant;V6004T
Goodsense;FD10B
Goodsense;FD25B
Goodsense;FD30B
Goodsense;FD35B
Goodsense;FD50B
Goodwork;LX150F
Goodwork;LX180F
Goodwork;LX260F
Goodwork;LX300F
Goodwork;LX330G
Grizzly;GR2R
Gross;GL925L
Hangcha;CPCD 100
Hangcha;CPCD 15
Hangcha;CPCD 18
Hangcha;CPCD 20
Hangcha;CPCD 25
Hangcha;CPCD 30
Hangcha;CPCD 35
Hangcha;CPCD 50
Hangcha;CPCD 60
Hangcha;CPCD 70
Hangcha;CPCD 80
Hangcha;CPD 15
Hangcha;CPD 18
Hangcha;CPD 20
Hangcha;CPD 25
Hangcha;CPD 30
Hangcha;CPD 35
Hangcha;CPDS 13
Hangcha;CPDS 15
Hangcha;CPDS 16
Hangcha;CPDS 18
Hangcha;CPDS 20
Hangcha;CPQD 15
Hangcha;CPQD 18N
Hangcha;CPQD 20N
Hangcha;CPQD 25N
Hangcha;CPQD 30N
Hangcha;CPQD 35N
Haulotte;H23TPX
Haulotte;HT21 RT
Haulotte;HT28
Haulotte;HTL3210
Haulotte;HTL3510
Haulotte;HTL4014
Haulotte;HTL4017
HC;CPCD
HC;CPQD
Hecha;FD15T
Hecha;FD20T
Hecha;FD25T
Hecha;FD30T
Hecha;FD35T
Hecha;FD40T
Hecha;FD50T
Hecha;FD60T
Hecha;FD70T
Helffer;MSV-101
Helffer;MSV-111
Helffer;MSV-112
Heli;AC
Heli;CPCD10
Heli;CPCD100G
Heli;CPCD15
Heli;CPCD18
Heli;CPCD25
Heli;CPCD30
Heli;CPCD35
Heli;CPCD50
Heli;CPCD70G
Heli;CPCD85G
Heli;CPD10
Heli;CPD15
Heli;CPD18
Heli;CPD20
Heli;CPD25
Heli;CPD30
Heli;CPD35
Heli;CPQD15
Heli;CPQD18
Heli;CPQD25
Heli;CPQYD30
Heli;CPQYD35
Hitachi;LX110-7
Hitachi;LX130-7
Hitachi;LX230
Hitachi;LX70
Hitachi;LX80
Hitachi;ZW
Hysoon;HY
Hyster;C470
Hyster;H1.25XT-AD
Hyster;H1.50XM
Hyster;H1.5XT
Hyster;H1.6FT
Hyster;H12XM-6
Hyster;H155XL
Hyster;H2.00XMS
Hyster;H2.5XT
Hyster;H3.00XM
Hyster;H3.0TX
Hyster;H3.0UT
Hyster;H3.0XT
Hyster;H3.5FT
Hyster;H3.5UT
Hyster;H30XM-12
Hyster;H4.0FT
Hyster;H40-LP6H
Hyster;H5.00XL
Hyster;H5.00XM
Hyster;H5.0FT
Hyster;H5.0FT
Hyster;H5.50XM
Hyster;H5.5FT
Hyster;H7.00XL
Hyster;H7.0FT
Hyster;J1.3XNT
Hyster;J1.6XN
Hyster;J2.5XN
Hyster;P1.6
Hyster;R1.0E
Hyster;R1.2E
Hyster;R1.4
Hyster;R1.6
Hyster;S1.5UTS
Hyundai;120D
Hyundai;130D
Hyundai;14BRJ
Hyundai;15D
Hyundai;16B
Hyundai;18D
Hyundai;20DA
Hyundai;25DF
Hyundai;25DT
Hyundai;30DF
Hyundai;30L
Hyundai;33DF
Hyundai;50D
Hyundai;70DF
Hyundai;80D
Hyundai;HD20
Hyundai;HD30
Hyundai;HDF45
Hyundai;HDF50
Hyundai;HDF70
Hyundai;HL740
Hyundai;HL750
Hyundai;HL757-7
Hyundai;HL760-7
Hyundai;HL760-7A
Hyundai;HL760-9S
Hyundai;HL770-7
Hyundai;HL770-7A
Hyundai;HL770-9S
Hyundai;HL780
Hyundai;HLF15-5
Hyundai;HSD
Hyundai;HSL650-7
Hyundai;HSL850-7
Hyundai;R210W-9MH
Hyundai;SL-735
Hyundai;SL-760
Hyundai;SL-765
HZM;300
HZM;933
HZM;953
HZM;CPC30
HZM;CPC35
HZM;CPC50
HZM;CPCD30
HZM;CPCD35
HZM;S16D
HZM;S20D
HZM;S23D
HZM;S25D
HZM;S25R
HZM;S28D
HZM;S30D
HZM;S33D
HZM;S908
HZM;STI ZL33G
HZM;XC16
HZM;XC20
HZM;XC23
HZM;XC25
HZM;XC28
HZM;XC30
HZM;XC300
HZM;XC33
HZM;XC36
JAC;CPCD15
JAC;CPCD18
JAC;CPCD20
JAC;CPCD25
JAC;CPCD30
JAC;CPCD35
JAC;CPCD50
JAC;CPCD80
JAC;CPD10
JAC;CPD16
JAC;CPD25
JCB;135
JCB;175
JCB;190
JCB;225
JCB;412
JCB;426
JCB;435
JCB;436
JCB;456
JCB;467
JCB;531
JCB;531-70
JCB;535-140
JCB;535-95
JCB;536-70
JCB;537
JCB;540-140
JCB;540-170
JCB;541-70
JCB;JS260T
JCB;Robot
JCB;TLT
Jingong;JGM 757
JJCC;CPCD
JLG;4013 PS
JLG;Compact
John Deere;315SL
John Deere;318
John Deere;324E
John Deere;325SL
John Deere;544K
John Deere;724K
John Deere;744K
John Deere;748H
John Deere;D-Series
John Deere;E-Series
John Deere;G-Series
John Deere;J-Series
John Deere;WL56
Jun Gong;926
Jungheinrich;DFG
Jungheinrich;EFG
Jungheinrich;EJC
Jungheinrich;ETM
Jungheinrich;ETV
Jungheinrich;TFG
Junlian;JL833
Kalmar;DCD
Kalmar;DCE
Kalmar;DRD
Kalmar;DRF
Kalmar;FE
Kanghong;ZL16
Kipor;KDF
Kolman;AC 3
Kolman;K-1.5t
Kolman;K-10.0t
Kolman;K-2.0t
Kolman;K-2.5t
Kolman;K-3.0t
Kolman;K-3.5t
Kolman;K-5.0t
Kolman;K-6.0t
Kolman;K-7.0t
Kolman;K-8.0t
Kolman;TK15
Kolman;TK20
Kolman;TK25
Kolman;TK30
Komatsu;AX50
Komatsu;BX50
Komatsu;D10
Komatsu;FB
Komatsu;FD
Komatsu;FD15
Komatsu;FD25
Komatsu;FD70-7
Komatsu;FG
Komatsu;GX20
Komatsu;MWS10
Komatsu;SK07
Komatsu;SK714-5
Komatsu;SK820-5
Komatsu;WA180-3
Komatsu;WA320-3
Komatsu;WA380
Komatsu;WA420-3
Komatsu;WA470-3
Komatsu;WA600-3
Komatsu;WA65
Komatsu;WB-series
Komatsu;WH613
Komatsu;WR11-1
Kramer;1150
Kramer;5050
Kramer;750
Kramer;8145T
Kramer;8155
Kramer;850
Kubota;RA400
Laigong;ZL
Lema;LM
LGCE;WL939F
Liebherr;L 506
Liebherr;L 524
Liebherr;L 528
Liebherr;L 538
Liebherr;L 550
Liebherr;L 551
Liebherr;L 554
Liebherr;L 556
Liebherr;L 566
Liebherr;L 580
Liebherr;L 586
Liebherr;LR 614
Liebherr;LR 634
Liebherr;LRS 645
Linde;H12-H20 (1.2т-2.0т)
Linde;H14-H20
Linde;H140
Linde;H15D
Linde;H25
Linde;H35
Linde;H40
Linde;H50T
Linde;H80
Linde;HT25
Linde;HT30
Linde;K
LiuGong;CLG 2015
LiuGong;CLG 2020
LiuGong;CLG 2025
LiuGong;CLG 2030
LiuGong;CLG 2035
LiuGong;CLG 2050
LiuGong;CLG 365
LiuGong;CLG 375
LiuGong;CLG 380
LiuGong;CLG 385
LiuGong;CLG 777
LiuGong;CLG 816
LiuGong;CLG 835
LiuGong;CLG 836
LiuGong;CLG 842
LiuGong;CLG 855
LiuGong;CLG 856
LiuGong;CLG 862
LiuGong;CLG 877
LiuGong;CLG 888
LiuGong;CPCD 15
LiuGong;CPCD 20
LiuGong;CPCD 25
LiuGong;CPCD 30
LiuGong;CPCD 35
LiuGong;ZL 30 E
LiuGong;ZL 50
Locust;1203
Locust;750
Locust;752
Locust;753
Locust;853
Locust;903
LongGong;CDM 843
LongGong;CDM 855 E
Lonking;CDM
Lonking;CDM307
Lonking;CDM308
Lonking;CDM312
Lonking;CDM835
Lonking;CDM853
Lonking;CDM855
Lonking;CDM932N
Lonking;LG - series
Lonking;LG833
Lonking;LG855
Lonking;LG863
Lonking;LK - series
Lonking;ZL50NC
Lovol;FL935
Lovol;FL936
Lovol;FL955
Lovol;FL956
Lovol;FL966
Lovol;FL968
Lovol;FL976
Luqing;LQ
Magni;HTH 10.10
Magni;HTH 16.10
Magni;HTH 35.12
Magni;RTH 4.18 Smart
Magni;RTH 5.18 Smart
Magni;RTH 5.21 SH
Magni;RTH 5.21 Smart
Magni;RTH 5.23 SH
Magni;RTH 5.23 Smart
Magni;RTH 5.25 SH
Magni;RTH 5.25 Smart
Magni;RTH 5.30 S
Magni;RTH 6.26 SH
Magni;RTH 6.30 SH
Magni;RTH 6.35 SH
Magni;RTH 6.39 SH
Magni;RTH 6.46 SH
Magni;RTH 8.25 SH
Magni;TH 6.20
Manitou;M
Manitou;Maniscopic
Manitou;MHT-X
Manitou;MI
Manitou;MLT
Manitou;MRT
Manitou;MSI
Manitou;MT
Mattson;ML 526
Maximal;FBA15
Maximal;FBA18
Maximal;FBA20
Maximal;FBA25
Maximal;FBA30
Maximal;FD
Maximal;FD10
Maximal;FD15
Maximal;FD18
Maximal;FD25
Maximal;FD30
Maximal;FGL15
Maximal;FGL18
Maximal;FGL25
Maximal;FGL30
Maximal;FGL35
Merlo;Panoramic
Merlo;ROTO
Mitsuber;ML333
Mitsuber;ML344
Mitsuber;ML541N MUNICH
Mitsuber;MSS90 Magdeburg
MITSUBI;CPCD30W
Mitsubishi;FB15TCBJ
Mitsubishi;FB16N
Mitsubishi;FD15NT
Mitsubishi;FD20CNT
Mitsubishi;FD25N
Mitsubishi;FD30NT
Mitsubishi;FG18NT
Mitsubishi;FG30NT
Mitsubishi;RB16NH
Mitsubishi;Газ и газ-бензиновые
Mitsubishi;Дизельные
Mitsubishi;Электрические
Molot;180
Molot;180F
Molot;200
Molot;200T
Molot;300F
Molot;300M
Molot;300T
Molot;933
Molot;936
Molot;ZL20
Molot;ZL30
MST;ST 13.35
MST;ST 17.30
MST;ST 7.40
MST;ST 9.40
MTK;930
MTK;936
MultiOne;GT series
MultiOne;S series
MultiOne;Series 6
MultiOne;Series 9
Multix;GS
Multix;GZ
Mustang;1900
Mustang;2012
Mustang;2026
Mustang;2041
Mustang;2044
Mustang;2054
Mustang;2056
Mustang;2066
Mustang;2076
Mustang;2086
Mustang;2109
Mustang;2700
Mustang;3300
Mustang;AL
Mustang;RT
Mustang;V
MYZG;ZL938
Neo;200
Neo;300
Neo;933
Neo;936L
Neo;L300
Neo;S180
Neo;S300
Neo;TL100
New Holland;L - series
New Holland;LM1330
New Holland;LM1333
New Holland;LM1340
New Holland;LM1345
New Holland;LS
New Holland;Lx - series
New Holland;W - Series
Nichiyu;FB15P
Nichiyu;FBT15P
Nissan;DX
Nissan;EH
Nissan;FP
Nissan;NL
Nissan;NP
Nissan;PL
Nissan;YGL02
Nissan;Серия 1F
Nissan;серия D
Nissan;серия H
Nissan;серия J
Nissan;серия L
OM Pimespo;DI 50C500
OM Pimespo;E10N
OM Pimespo;XD15
OM Pimespo;XD25
OM Pimespo;XD40
Oxlift;CCCD 30
Oxlift;CCCD 50
Oxlift;CPCD 15
Oxlift;CPCD 18
Oxlift;CPCD 20
Oxlift;CPCD 25
Oxlift;CPCD 30
Oxlift;CPCD 35
Oxlift;FD 15
Oxlift;FD 20
Oxlift;FD 25
Oxlift;FD 30
Oxlift;MPX 10
Oxlift;MPX 15
Oxlift;TK 15
Oxlift;TK 20
Oxlift;TK 25
Oxlift;TK 30
Oxlift;TK 30G
Oxlift;TK 35
Oxlift;TK 40
Palfinger;CR 253
Polar Badger;WL25
Polar Badger;WL35
Polar Badger;WL35B
Polar Badger;WL50
Polar Badger;WL50T
POWERPLUS;PP928T-V
POWERPLUS;PP938T-V
POWERPLUS;PP948T-V
POWERPLUS;PP950T-V
POWERPLUS;PP966T-V
POWERPLUS;PP968T-V
POWERPLUS;PP973T-V
POWERPLUS;PP980T-V
POWERPLUS;PP992T-V
Reddot;CPCD15
Reddot;CPCD20
Reddot;CPCD25
Reddot;CPCD30
Reddot;CPCD35
Reddot;CPD05-15TVE3
Reddot;CPD10
Reddot;CPD10/12TVS
Reddot;CPD13-20TV5
Reddot;CPD13-20TV8
Reddot;CPD15
Reddot;CPD15TVR5
Reddot;CPD18TVS
Reddot;CPD30
Reddot;CPD40
Reddot;CPD50
Redstar;E10
Redstar;ZL 20
Renders;R L 200
RM-Terex;TVEX 180i
Rocla;Humanic
Rossel;R-800
Royal Forklift;FD10-15
Royal Forklift;FG10-15
Runmax;770E
Runmax;772E
Runmax;880E
Runmax;882E
Runmax;884E
Runmax;970E
Runmax;ML840
Sandvik;LH203
Schaffer;4350
Schaffer;5370
SDLG;L953F
SDLG;LG 918
SDLG;LG 933
SDLG;LG 936
SDLG;LG 946
SDLG;LG 950-1
SDLG;LG 952
SDLG;LG 953
SDLG;LG 956
SDLG;LG 968
SDLG;LG 978
SDLG;LGB
SEM;630
SEM;636 D
SEM;639
SEM;650
SEM;652 B
SEM;653 D
SEM;655 D
SEM;656 D
SEM;660 D
SEM;668 D
SEM;669
SEM;ZL30F-I
Sennebogen;Мобильные перегружатели
Shanlin;ZL
Shantui;SF
Shantui;SL
Shinko;6FB15
Shinko;6FB25
SMV;SL
Solmec;416 ESC
Soosung;Штабелер-погрузчик
Stalowa Wola;515E
Stalowa Wola;L-34
STI;ZL33G
Still;RC 40
Still;RX 20
Still;RX 50
Still;RX 60
Still;RX 70
Still;RС 41
Strong;MP5000
Sumitomo;FD15
Sumitomo;FD25
Sumitomo;FG15
Sumitomo;FG20
Sunward;SWL
Sunward;SWL2820
Sunward;SWL3210
Sunward;SWTL4510
Sunward;SWTL4518
SZM;916
SZM;920
SZM;926
SZM;930
SZM;933
SZM;936
SZM;956
SZM;ZL30
Takeuchi;TL140
Takeuchi;TL150
TCM;315
TCM;343
TCM;808
TCM;A2N1L16Q
TCM;A2N1L18Q
TCM;AG2N1L18Q
TCM;AG2N1L20Q
TCM;AS2N1L13Q
TCM;AS2N1L15Q
TCM;FB15
TCM;FB18
TCM;FB20
TCM;FB25
TCM;FB30
TCM;FB35
TCM;FD100
TCM;FD15
TCM;FD18
TCM;FD20
TCM;FD25
TCM;FD30
TCM;FD35
TCM;FD40
TCM;FD50
TCM;FD60
TCM;FD70
TCM;FD80
TCM;FG/D 15-35
TCM;FG15
TCM;FG18
TCM;FG20
TCM;FG25
TCM;FG30
TCM;SSL 709
TCM;SSL 711
Terex;Girolift
Terex;SL 22
Terex;TB 85
Terex;Telelift
Terex;TL 155
Terex;TL 160
Terex;TL 80
Terex;ВП-05-00
Terex;ВП-05-30
TEU;FB
TEU;FD
TFN;Грузоподъемность 1 - 1.5 т
TFN;Грузоподъемность 2 - 2.5 т
TFN;Грузоподъемность 3 - 3.5 т
TFN;Грузоподъемность 5 - 5.5 т
Thomas;255
Tota;XZ636
Toyota;6FD
Toyota;8F
Toyota;Jobsun
Toyota;Газовые и газ-бензиновые
Toyota;Дизельные
Toyota;Электро
TSM;100 RT
TSM;160 RT
TSM;180 RT
TSM;30 RT
TSM;35 RT
TSM;35P
TSM;50 XRT
TSM;60 RT
TSM;70 RT
UN;53
UN;FD30T
UNC;60
Utilev;UT
Venieri;VF 7.63
Venieri;VF 9015
VigorBull;J67
Vmax;CPCD15
Vmax;CPCD30
Vmax;CPCD50
Vmax;CPCD70
Volkan;PSL170D
Volvo;L120
Volvo;L150
Volvo;L180
Volvo;L220
Volvo;L250
Volvo;L30
Volvo;L35
Volvo;L350
Volvo;L40
Volvo;L45
Volvo;L50
Volvo;L60
Volvo;L70
Volvo;L90
Volvo;MC110
Volvo;MC115
Volvo;MC95
Wacker Neuson;Kramer Allrad
Wacker Neuson;TH 412
Wacker Neuson;TH 522
Wacker Neuson;WL 32
Wacker Neuson;WL 54
Wacker Neuson;WL 95
Wecan;GM
Weidemann;1140
Weidemann;1160 eHoftrac
Weidemann;1280
Weidemann;4080LPT
Weidemann;9080
Weidemann;9580T
Weidemann;T4512
Weidemann;T5522
Wille;445
World;W136
XCMG;LW - series
XCMG;LW330FN
XCMG;XC740RU
XCMG;XT870
XCMG;XС870
XCMG;ZL - series
XCMGEuropa;ZL
XGMA;XG - series
Xtreme;XR621
Yale;ERP
Yale;FD
Yale;GDP
Yale;GLP
Yale;GP
Yale;MR
YiGong;ZL
Yineng;YN
YTO;ZL30-II
Yugong;ZL30
Yutong;931A
Yutong;936H
Yutong;952A
Zettelmeyer;ZL 602
Zoomlion;FD15
Zoomlion;FD25
Zoomlion;FD30
Zoomlion;FD50
Zoomlion;FD70
Zvezda;ZL10
Zvezda;ZL20
Zvezda;ZL28
Zvezda;ZL30
Zvezda;ZL32
Zvezda;ZL35
Амкодор;134
Амкодор;208
Амкодор;211
Амкодор;308
Амкодор;320
Амкодор;322
Амкодор;325
Амкодор;327
Амкодор;330
Амкодор;332
Амкодор;333
Амкодор;334
Амкодор;342
Амкодор;343
Амкодор;352
Амкодор;361
Амкодор;451
Амкодор;527
Амкодор;ТО-18
АТЗ;ЛТ-72
Балтиец;К-703Б ПФ-1
Балтиец;К-703Б-УДМ-1
Балтиец;К-707Т-ПК6
Балтиец;К-707Т-УДМ2
Барс;1101А (МУМС-11)
Волжский погрузчик (VP);D15
Волжский погрузчик (VP);D18
Волжский погрузчик (VP);D20
Волжский погрузчик (VP);D25
Волжский погрузчик (VP);D30
Волжский погрузчик (VP);D35
Волжский погрузчик (VP);D50
Волжский погрузчик (VP);E15
Волжский погрузчик (VP);E18
Волжский погрузчик (VP);E20
Волжский погрузчик (VP);FB 15
Волжский погрузчик (VP);FD 15
Волжский погрузчик (VP);FD 30
Волжский погрузчик (VP);FD 50
Волжский погрузчик (VP);G15
Волжский погрузчик (VP);G18
Волжский погрузчик (VP);G20
Волжский погрузчик (VP);G25
Волжский погрузчик (VP);G30
Волжский погрузчик (VP);G35
Дормашина;DM-34
Другие;Неизвестна (автопогрузчики)
ЕЛАЗ;BL 888
ЗИЛ;49525
Кировец;SL750
Кировец;К-700
Кировец;К-701
Кировец;К-702
Кировец;К-708
Курган Дормаш;Termit 1000
Курганмашзавод;МКСМ
КЭМЗ;Ant 1000.01
КЭМЗ;Ant 3000
КЭМЗ;Ant 750
Львовский Автопогрузчик;АП-4045
Львовский Автопогрузчик;АП-4075
Львовский Автопогрузчик;АП-40810
Львовский Автопогрузчик;АП-40814
Львовский Автопогрузчик;АП-41030
Львовский Автопогрузчик;ЛЕВ
Львовский Автопогрузчик;ЛЕВ ЛА04
Львовский Автопогрузчик;ЛЕВ ЛА05
Львовский Автопогрузчик;ЛЕВ ЛА07
Львовский Автопогрузчик;М-40814
МАЗ;4370
МАЗ-МАН;ВМЕ
Мекан;Дизельные
МЗиК;ДП-1604
МЗиК;ДП-3510
МЗиК;Электро
МоАЗ;4048
МТЗ;МТЗ-80
МТЗ;МТЗ-82
НМЗ;GEKA D50
Орловский Погрузчик;ПК-2202
Орловский Погрузчик;ПК-27
Орловский Погрузчик;ПК-33
Орловский Погрузчик;ПК-40
Орловский Погрузчик;ТО-18
Орловский Погрузчик;ТО-30
Орловский Погрузчик;ТО-6
ПМЗ;ПБТК-764
Ратеп;РАТЕП-800
Сибиряк;2000
Сибиряк;2500
Сибиряк;3000
Сибиряк;9320
Сибиряк;9360
Сибиряк;ZL08
СибКомСельМаш;ПГУ-0.8
Спецстроймаш;К-702МВА-УДМТ
ТВЭКС;ВП-03
ТВЭКС;ВП-05
Технокор;МСУ-2500
Уралвагонзавод;ПУМ-1000
Уралвагонзавод;ПУМ-500
ХТЗ;Т-150
ХТЗ;Т-156Б
ЧЕТРА;МКСМ-800
ЧЕТРА;ПК 60
ЧЗА;40912-01
ЧСДМ;B-125
ЧСДМ;B-140
ЧСДМ;B-160
ЧСДМ;ТО-40
ЧТЗ;ПК-65
ЭксМаш;E190WH
ЮМЗ;ПФ-1