mark;model
Beezone;D16
Case;1150 (K-серия)
Case;1650 (K-серия)
Case;1650 (M-серия)
Case;1850 (К-серия)
Case;2050 (M-серия)
Caterpillar;D10
Caterpillar;D11
Caterpillar;D3
Caterpillar;D4
Caterpillar;D5
Caterpillar;D6
Caterpillar;D7
Caterpillar;D8
Caterpillar;D9
Cathefeng;D6R2
Dressta;TD
Fiat-Hitachi;FD
Furukawa;CD5B
HBXG;T165-2
HBXG;TY165-2
Hitachi;DX45
John Deere;1050J
John Deere;1050K
John Deere;700J
John Deere;750J
John Deere;850J
John Deere;850J2
Komatsu;D105
Komatsu;D155
Komatsu;D20
Komatsu;D275
Komatsu;D31S
Komatsu;D355
Komatsu;D37
Komatsu;D375
Komatsu;D39
Komatsu;D41
Komatsu;D475
Komatsu;D50
Komatsu;D51
Komatsu;D53
Komatsu;D61
Komatsu;D63
Komatsu;D65
Komatsu;D85
Liebherr;PR 714
Liebherr;PR 722
Liebherr;PR 724
Liebherr;PR 732
Liebherr;PR 734 L Litronic
Liebherr;PR 742
Liebherr;PR 744
Liebherr;PR 752 Litronic
Liebherr;PR 764 Litronic
LiuGong;CLGB 160
LiuGong;CLGB 230
LiuGong;CLGB 320
Massey Ferguson;MF3366
Mitsubishi;BD2G
New Holland;D 180
New Holland;D 255
New Holland;D 350
Pengpu;PD
POWERPLUS;D155B-II
POWERPLUS;D368B-II
POWERPLUS;D375
POWERPLUS;D65EX-15
POWERPLUS;D85EX-15
SEM;816
SEM;822
Shantui;SD
Shantui;T
Shehwa;SD 7
Shehwa;SD 7HW
Shehwa;SD 7LGP
Shehwa;SD 8B
Shehwa;SD 9
Shehwa;T 165-2
Shehwa;TS 165-2
Shehwa;TS 165-2HW
Shehwa;TY 165-2
Shehwa;TY 165-3
Shehwa;TYS 165-2
Shehwa;TYS 165-2HW
Shehwa;TYS 165-3
XCMG;TY 160
XCMG;TY 230
XGMA;TY320
XGMA;XG4161
Xiagong;XG
Yanmar;Y9D
Zoomlion;ZD
Zoomlion;ZD160-3
Zoomlion;ZD220-3
Zoomlion;ZD320-3
Балтиец;К-707Т БК
Балтиец;К-707Т-БКУ
БЕЛАЗ;7823
ВгТЗ;ДТ-75/ДЗ-42
ДЗ;ДЗ-109
ДЗ;ДЗ-110
ДЗ;ДЗ-143
ДЗ;ДЗ-171
ДЗ;ДЗ-27
ДЗ;ДЗ-42
Дормаш;B 100
ДСТ-Урал;D10
ДСТ-Урал;D12
ДСТ-Урал;D15
ДСТ-Урал;D25
ДСТ-Урал;D9
ДСТ-Урал;ТМ10
ЗТМ;ЗТМ-10
ЗТМ;ЗТМ-10М
ЗТМ;ЗТМ-10МБ
ЗТМ;ЗТМ-12
Кировец;PengPu
Кировец;К-702
Кировец;К-703
КТЗ Траком;Т-70
МТЗ;ДТ-75
МТЗ;МТЗ
ОТЗ;Трелевочные трактора
ПМЗ;Станислав-704
Промтрактор (ЧЗПТ);Бульдозеры
Промтрактор (ЧЗПТ);Т-500
Русич (КЗКТ);ПКТ-2
Спецстроймаш;Бульдозеры
ЧЕТРА;T20
ЧЕТРА;T25
ЧЕТРА;Т-35
ЧЕТРА;Т11
ЧЕТРА;Т15
ЧЕТРА;Т330
ЧЕТРА;Т9
ЧЗТ;Б-10.V.М.0101-1E
ЧТЗ;Б-10М
ЧТЗ;Б-10МБ
ЧТЗ;Б-11
ЧТЗ;Б-14
ЧТЗ;Б-170
ЧТЗ;Б-9
ЧТЗ;Б10.0001-1Е
ЧТЗ;Б10.1111.ЕН
ЧТЗ;Б12.6020-ЕН
ЧТЗ;Б13
ЧТЗ;ДЗ-171
ЧТЗ;ДЭТ-250
ЧТЗ;ДЭТ-350
ЧТЗ;Т-100
ЧТЗ;Т-130
ЧТЗ;Т-170
ЧТЗ;Т-330