{
 "id": "bulldozers",
 "name": "Бульдозер",
 "group": "commercial",
 "list": {
  "Beezone": [
   "D16"
  ],
  "Case": [
   "1150 (K-серия)",
   "1650 (K-серия)",
   "1650 (M-серия)",
   "1850 (К-серия)",
   "2050 (M-серия)"
  ],
  "Caterpillar": [
   "D10",
   "D11",
   "D3",
   "D4",
   "D5",
   "D6",
   "D7",
   "D8",
   "D9"
  ],
  "Cathefeng": [
   "D6R2"
  ],
  "Dressta": [
   "TD"
  ],
  "Fiat-Hitachi": [
   "FD"
  ],
  "Furukawa": [
   "CD5B"
  ],
  "HBXG": [
   "T165-2",
   "TY165-2"
  ],
  "Hitachi": [
   "DX45"
  ],
  "John Deere": [
   "1050J",
   "1050K",
   "700J",
   "750J",
   "850J",
   "850J2"
  ],
  "Komatsu": [
   "D105",
   "D155",
   "D20",
   "D275",
   "D31S",
   "D355",
   "D37",
   "D375",
   "D39",
   "D41",
   "D475",
   "D50",
   "D51",
   "D53",
   "D61",
   "D63",
   "D65",
   "D85"
  ],
  "Liebherr": [
   "PR 714",
   "PR 722",
   "PR 724",
   "PR 732",
   "PR 734 L Litronic",
   "PR 742",
   "PR 744",
   "PR 752 Litronic",
   "PR 764 Litronic"
  ],
  "LiuGong": [
   "CLGB 160",
   "CLGB 230",
   "CLGB 320"
  ],
  "Massey Ferguson": [
   "MF3366"
  ],
  "Mitsubishi": [
   "BD2G"
  ],
  "New Holland": [
   "D 180",
   "D 255",
   "D 350"
  ],
  "Pengpu": [
   "PD"
  ],
  "POWERPLUS": [
   "D155B-II",
   "D368B-II",
   "D375",
   "D65EX-15",
   "D85EX-15"
  ],
  "SEM": [
   "816",
   "822"
  ],
  "Shantui": [
   "SD",
   "T"
  ],
  "Shehwa": [
   "SD 7",
   "SD 7HW",
   "SD 7LGP",
   "SD 8B",
   "SD 9",
   "T 165-2",
   "TS 165-2",
   "TS 165-2HW",
   "TY 165-2",
   "TY 165-3",
   "TYS 165-2",
   "TYS 165-2HW",
   "TYS 165-3"
  ],
  "XCMG": [
   "TY 160",
   "TY 230"
  ],
  "XGMA": [
   "TY320",
   "XG4161"
  ],
  "Xiagong": [
   "XG"
  ],
  "Yanmar": [
   "Y9D"
  ],
  "Zoomlion": [
   "ZD",
   "ZD160-3",
   "ZD220-3",
   "ZD320-3"
  ],
  "Балтиец": [
   "К-707Т БК",
   "К-707Т-БКУ"
  ],
  "БЕЛАЗ": [
   "7823"
  ],
  "ВгТЗ": [
   "ДТ-75/ДЗ-42"
  ],
  "ДЗ": [
   "ДЗ-109",
   "ДЗ-110",
   "ДЗ-143",
   "ДЗ-171",
   "ДЗ-27",
   "ДЗ-42"
  ],
  "Дормаш": [
   "B 100"
  ],
  "ДСТ-Урал": [
   "D10",
   "D12",
   "D15",
   "D25",
   "D9",
   "ТМ10"
  ],
  "ЗТМ": [
   "ЗТМ-10",
   "ЗТМ-10М",
   "ЗТМ-10МБ",
   "ЗТМ-12"
  ],
  "Кировец": [
   "PengPu",
   "К-702",
   "К-703"
  ],
  "КТЗ Траком": [
   "Т-70"
  ],
  "МТЗ": [
   "ДТ-75",
   "МТЗ"
  ],
  "ОТЗ": [
   "Трелевочные трактора"
  ],
  "ПМЗ": [
   "Станислав-704"
  ],
  "Промтрактор (ЧЗПТ)": [
   "Бульдозеры",
   "Т-500"
  ],
  "Русич (КЗКТ)": [
   "ПКТ-2"
  ],
  "Спецстроймаш": [
   "Бульдозеры"
  ],
  "ЧЕТРА": [
   "T20",
   "T25",
   "Т-35",
   "Т11",
   "Т15",
   "Т330",
   "Т9"
  ],
  "ЧЗТ": [
   "Б-10.V.М.0101-1E"
  ],
  "ЧТЗ": [
   "Б-10М",
   "Б-10МБ",
   "Б-11",
   "Б-14",
   "Б-170",
   "Б-9",
   "Б10.0001-1Е",
   "Б10.1111.ЕН",
   "Б12.6020-ЕН",
   "Б13",
   "ДЗ-171",
   "ДЭТ-250",
   "ДЭТ-350",
   "Т-100",
   "Т-130",
   "Т-170",
   "Т-330"
  ]
 }
}