mark;model
AEC;Routemaster
Ajokki;Sisu
Ajokki;КамАЗ-53213
ANKAI;A9
ANKAI;GK15
ANKAI;GK39
ANKAI;K32
ANKAI;K46
ANKAI;K55
ANKAI;K57
ANKAI;K59
Asia;Combi
Asia;Cosmos
Asia;Granbird
Autosan;A0808T Gemini
Autosan;A0909L
Autosan;A10-12T Lider
Autosan;A1010M
Autosan;A1010T Lider
Autosan;A1112T Ramzes
Autosan;Eurolider
Autosan;H7-10
Autosan;Sancity
Autosan;Wetlina City
Ayats;Atlantis
Ayats;Atlas 2
Ayats;Bravo 1 City
Ayats;Bravo 1 R
Ayats;Bravo 2
Ayats;Platinum
BAW;Express
BAW;Street
Blue Bird;CSRE/CSFE
Bova;Europa
Bova;Futura
Bova;Magiq
Bristol;Lodekka
Citroen;Jumper
Cobus;2700
Daewoo;BH-090
Daewoo;BH-115
Daewoo;BH-116
Daewoo;BH-117
Daewoo;BH-120
Daewoo;BM
Daewoo;BS-106
Daewoo;BX-212
Daewoo;FX 116
Daewoo;Lestar
DAF;SB-series
Dethleffs;Premium Liner
DongFeng;6600
DongFeng;6720
DongFeng;6801
Drogmoller;E-series
FAW;6602
Feniksbus;FBI
Fiat Professional;Ducato
Fleetwood RV;Discovery
Fleetwood RV;Southwind
Ford;Transit
Foton;AUV BJ6126
Foton;AUV BJ6760
Foton;Toano
Foxbus;22501
Freightliner;FS-65
Fuso (Mitsubishi);Rosa
Golden Dragon;Triumph
Golden Dragon;XML6102UE
Golden Dragon;XML6105
Golden Dragon;XML6125
Golden Dragon;XML6126
Golden Dragon;XML6127
Golden Dragon;XML6129E
Golden Dragon;XML6139
Golden Dragon;XML6145
Golden Dragon;XML6601C
Golden Dragon;XML6720C
Golden Dragon;XML6796E
Golden Dragon;XML6840
Golden Dragon;XML6845
Golden Dragon;XML6896E
Golden Dragon;XML6957
Hengtong;CKZ6126HN4
Higer;KLQ 6109
Higer;KLQ 6118
Higer;KLQ 6119
Higer;KLQ 6122
Higer;KLQ 6128
Higer;KLQ 6129
Higer;KLQ 6720
Higer;KLQ 6728
Higer;KLQ 6826
Higer;KLQ 6840
Higer;KLQ 6885
Higer;KLQ 6891
Higer;KLQ 6928
Hino;Melpha
Hino;Rainbow
Hino;Selega
Hyundai;Aero City
Hyundai;Aero Express
Hyundai;Aero Queen
Hyundai;Aero Space
Hyundai;Aero Town
Hyundai;Chorus
Hyundai;County
Hyundai;Real
Hyundai;Universe
Hyundai;Богдан
Ikarbus;IK-103
Ikarbus;IK-107
Ikarbus;IK-112
Ikarbus;IK-206
Ikarbus;IK-218
Ikarbus;IK-308
Ikarbus;IK-312
Ikarus;211
Ikarus;250
Ikarus;255
Ikarus;256
Ikarus;260/263
Ikarus;280/283
Ikarus;350
Ikarus;365
Ikarus;386
Ikarus;396
Ikarus;415
Ikarus;435
Ikarus;543
Ikarus;545
International;S-Series
Irisbus;Agora
Irisbus;Ares
Irisbus;Arway
Irisbus;Citelis
Irisbus;Crossway
Irisbus;Domino
Irisbus;Evadys
Irisbus;Iliade
Irisbus;Midway
Irisbus;Midys
Irisbus;Proxys
Irisbus;Recreo
Isuzu;Citibus
Isuzu;Novo
Isuzu;Turkuaz
Isuzu;Visigo
IVECO;Crossway
IVECO;Daily
IVECO;EuroRider
IVECO;Magelys
IVECO;Thesi
JAC;HFC6830
JAC;HK6105
JAC;HK6118
JAC;HK6120
JAC;HK6124
JAC;HK6730
JAC;HK6813
JAC;HK6880
Jelcz;M11
Karosa;B700 Series
Karosa;B900 Series
Karosa;C700 Series
Karosa;C900 Series
Kia;Bongo
Kia;Combi
Kia;Cosmos
Kia;Granbird
King Long;XMQ6120C
King Long;XMQ6121G
King Long;XMQ6127C
King Long;XMQ6129Y
King Long;XMQ6130Y
King Long;XMQ6800
King Long;XMQ6820
King Long;XMQ6840G
King Long;XMQ6900
LAG;EOS 100
Lotos;105
Lotos;206
Lotos;226
MAN;A12
MAN;Lion's City
MAN;Lion's Coach
MAN;Lion's Intercity
MAN;Lion's Regio
MAN;Lion's Star
MAN;NG
MAN;NL
MAN;SD
MAN;SL
MAN;SU
MAN;UL
Marcopolo;Andare
Marcopolo;Bravis
Mercedes-Benz;Citaro
Mercedes-Benz;Conecto
Mercedes-Benz;Integro
Mercedes-Benz;Intouro
Mercedes-Benz;O 303
Mercedes-Benz;O 305
Mercedes-Benz;O 309
Mercedes-Benz;O 404
Mercedes-Benz;O 405
Mercedes-Benz;Sprinter
Mercedes-Benz;Sprinter Classic
Mercedes-Benz;Tourismo
Mercedes-Benz;Travego
Mercedes-Benz;Vario
Mudan;MD6100
Mudan;MD6608
Mudan;MD6701
Mudan;MD6750
Neoplan;Centroliner
Neoplan;Cityliner
Neoplan;Euroliner
Neoplan;Jetliner
Neoplan;Jumbocruiser
Neoplan;Megaliner
Neoplan;Metroliner
Neoplan;Skyliner
Neoplan;Spaceliner
Neoplan;Starliner
Neoplan;Tourliner
Neoplan;Transliner
Neoplan;Trendliner
Nissan;Civilian
Otokar;DORUK
Otokar;M2000
Otokar;Navigo
Otokar;Tempo
Otokar;Vectio
Otoyol;M29
Peugeot;Boxer
Renault;Master
Robur;LO
SamAuto;SAZ LE60
Sanos;S315
Scania;2-Series
Scania;3-Series
Scania;Beulas Glory
Scania;Higer
Scania;Irizar
Scania;Metrolink
Scania;Omni
Scania;Touring
Setra;200 Series
Setra;300 Series
Setra;Comfort Class
Setra;Multi Class
Setra;Top Class
ShenLong (Sunlong);SLK6111
ShenLong (Sunlong);SLK6122
ShenLong (Sunlong);SLK6128
ShenLong (Sunlong);SLK6602
ShenLong (Sunlong);SLK6790
ShenLong (Sunlong);SLK6931
Shuchi;YTK6106
Shuchi;YTK6126
Simaz;2258
Solaris;InterUrbino
SOR Libchavy;SOR LC 9.5
SsangYong;Transstar
TAM;260
Temsa;Diamond
Temsa;Metropol
Temsa;Opalin
Temsa;Prestij
Temsa;Safari
Temsa;Tourmalin
Thomas Built Buses;Saf-T-Liner C2
Thomas Built Buses;Saf-T-Liner EFX/HDX
Thor Motor Coach;Outlaw Class A
Toyota;Coaster
Van Hool;T8 - series
Van Hool;T9 - series
VDL Berkhof;Axial
VDL Bus Chassis;SB
Volgabus;Дельта
Volgabus;Марафон D
Volgabus;Марафон School
Volgabus;Серпантин D
Volgabus;Серпантин G
Volgabus;Серпантин School
Volgabus;Ситиритм 10DLE
Volgabus;Ситиритм 10GLE
Volgabus;Ситиритм 12DLE
Volgabus;Ситиритм 12DLF
Volgabus;Ситиритм 12ELF
Volgabus;Ситиритм 12GLE
Volgabus;Ситиритм 12GLF
Volgabus;Ситиритм 18DLF
Volkswagen;Crafter
Volkswagen;LT
Volvo;7000
Volvo;7450
Volvo;7500
Volvo;7550
Volvo;7700
Volvo;8500
Volvo;8700
Volvo;9700
Volvo;9900
Volvo;B10 Series
Volvo;B12 Series
Volvo;C10M
Youyi;ZGT6120DH
Yutong;ZK6118
Yutong;ZK6119HA
Yutong;ZK6121HQ
Yutong;ZK6122H9
Yutong;ZK6126HGA
Yutong;ZK6128H
Yutong;ZK6129H
Yutong;ZK6737D
Yutong;ZK6831H
Yutong;ZK6852HG
Yutong;ZK6899HA
Yutong;ZK6938HB9
Zhong Tong;BOVA
Zhong Tong;Caesar
Zhong Tong;Catch
Zhong Tong;Compass
Zhong Tong;Creator
Zhong Tong;Fashion
Zhong Tong;Magiq
Zhong Tong;Navigator
Zhong Tong;Sparkling
Zhong Tong;Sunny
Zonda;JLY
Zonda;YCK
Авто-Модуль (АМД);АМ-3249
Альтерна;4215
БАЗ;2215
БАЗ;А079
БАЗ;А148
Богдан;А-069
Богдан;А-092
Богдан;А-144
Богдан;А-145
Богдан;А-201
Богдан;А-231
Богдан;А-3017
Богдан;А-40160
ВМЗ;4252 "Олимп"
Волжанин;3290
Волжанин;5285
Волжанин;6270
ГАЗ;Next Citiline
ГАЗ;ВМ-3284
ГАЗ;ГАЗель (3302)
ГАЗ;ГАЗель CITY
ГАЗ;ГАЗель Next
ГолАЗ;4244
ГолАЗ;5256
ГолАЗ;5291
ГолАЗ;6228
ГолАЗ;Andare
ЗАЗ;А07
ЗАЗ;А10
ЗИЛ;118/3207
ЗИЛ;3250
КАвЗ;32081
КАвЗ;3244
КАвЗ;3276
КАвЗ;3976
КАвЗ;4235
КАвЗ;4238
КАвЗ;4238 Школьный
КАвЗ;4239
КАвЗ;4270
КАвЗ;651
КАвЗ;685
Кубань;Г1А
ЛАЗ;4202
ЛАЗ;4207
ЛАЗ;5207
ЛАЗ;5252
ЛАЗ;695
ЛАЗ;697
ЛАЗ;699
ЛАЗ;НеоЛаз
ЛиАЗ;158В (ЗиЛ)
ЛиАЗ;4292
ЛиАЗ;5256
ЛиАЗ;5292
ЛиАЗ;5293
ЛиАЗ;6212
ЛиАЗ;6213
ЛиАЗ;677
ЛиАЗ;Вояж
МАЗ;103
МАЗ;104
МАЗ;105
МАЗ;107
МАЗ;152
МАЗ;171
МАЗ;203
МАЗ;206
МАЗ;216
МАЗ;231
МАЗ;241
МАЗ;251
МАЗ;256
МАРЗ;42191
МАРЗ;4251
МАРЗ;5266/5277
Неман;3232
Неман;4201
Неман;4202
Неман;5201
НефАЗ;3297
НефАЗ;4208
НефАЗ;4211
НефАЗ;5299 Городской
НефАЗ;5299 Междугородный
ПАЗ;3202 Валдай
ПАЗ;3203
ПАЗ;3204
ПАЗ;3205
ПАЗ;3206
ПАЗ;3237
ПАЗ;4223/4228
ПАЗ;4230 Аврора
ПАЗ;4234
ПАЗ;5271/5272
ПАЗ;672
ПАЗ;Вектор 8.8
ПАЗ;Вектор Next
РМЗ;3230
РоАЗ;5236
РоАЗ;5239
САРЗ;3280
СОЗА;СтЗМ-3905
ТАРЗ;ТА-6
Урал;3255
ХАЗ;3250