{
 "id": "bus",
 "name": "Автобус",
 "group": "commercial",
 "list": {
  "AEC": [
   "Routemaster"
  ],
  "Ajokki": [
   "Sisu",
   "КамАЗ-53213"
  ],
  "ANKAI": [
   "A9",
   "GK15",
   "GK39",
   "K32",
   "K46",
   "K55",
   "K57",
   "K59"
  ],
  "Asia": [
   "Combi",
   "Cosmos",
   "Granbird"
  ],
  "Autosan": [
   "A0808T Gemini",
   "A0909L",
   "A10-12T Lider",
   "A1010M",
   "A1010T Lider",
   "A1112T Ramzes",
   "Eurolider",
   "H7-10",
   "Sancity",
   "Wetlina City"
  ],
  "Ayats": [
   "Atlantis",
   "Atlas 2",
   "Bravo 1 City",
   "Bravo 1 R",
   "Bravo 2",
   "Platinum"
  ],
  "BAW": [
   "Express",
   "Street"
  ],
  "Blue Bird": [
   "CSRE/CSFE"
  ],
  "Bova": [
   "Europa",
   "Futura",
   "Magiq"
  ],
  "Bristol": [
   "Lodekka"
  ],
  "Citroen": [
   "Jumper"
  ],
  "Cobus": [
   "2700"
  ],
  "Daewoo": [
   "BH-090",
   "BH-115",
   "BH-116",
   "BH-117",
   "BH-120",
   "BM",
   "BS-106",
   "BX-212",
   "FX 116",
   "Lestar"
  ],
  "DAF": [
   "SB-series"
  ],
  "Dethleffs": [
   "Premium Liner"
  ],
  "DongFeng": [
   "6600",
   "6720",
   "6801"
  ],
  "Drogmoller": [
   "E-series"
  ],
  "FAW": [
   "6602"
  ],
  "Feniksbus": [
   "FBI"
  ],
  "Fiat Professional": [
   "Ducato"
  ],
  "Fleetwood RV": [
   "Discovery",
   "Southwind"
  ],
  "Ford": [
   "Transit"
  ],
  "Foton": [
   "AUV BJ6126",
   "AUV BJ6760",
   "Toano"
  ],
  "Foxbus": [
   "22501"
  ],
  "Freightliner": [
   "FS-65"
  ],
  "Fuso (Mitsubishi)": [
   "Rosa"
  ],
  "Golden Dragon": [
   "Triumph",
   "XML6102UE",
   "XML6105",
   "XML6125",
   "XML6126",
   "XML6127",
   "XML6129E",
   "XML6139",
   "XML6145",
   "XML6601C",
   "XML6720C",
   "XML6796E",
   "XML6840",
   "XML6845",
   "XML6896E",
   "XML6957"
  ],
  "Hengtong": [
   "CKZ6126HN4"
  ],
  "Higer": [
   "KLQ 6109",
   "KLQ 6118",
   "KLQ 6119",
   "KLQ 6122",
   "KLQ 6128",
   "KLQ 6129",
   "KLQ 6720",
   "KLQ 6728",
   "KLQ 6826",
   "KLQ 6840",
   "KLQ 6885",
   "KLQ 6891",
   "KLQ 6928"
  ],
  "Hino": [
   "Melpha",
   "Rainbow",
   "Selega"
  ],
  "Hyundai": [
   "Aero City",
   "Aero Express",
   "Aero Queen",
   "Aero Space",
   "Aero Town",
   "Chorus",
   "County",
   "Real",
   "Universe",
   "Богдан"
  ],
  "Ikarbus": [
   "IK-103",
   "IK-107",
   "IK-112",
   "IK-206",
   "IK-218",
   "IK-308",
   "IK-312"
  ],
  "Ikarus": [
   "211",
   "250",
   "255",
   "256",
   "260/263",
   "280/283",
   "350",
   "365",
   "386",
   "396",
   "415",
   "435",
   "543",
   "545"
  ],
  "International": [
   "S-Series"
  ],
  "Irisbus": [
   "Agora",
   "Ares",
   "Arway",
   "Citelis",
   "Crossway",
   "Domino",
   "Evadys",
   "Iliade",
   "Midway",
   "Midys",
   "Proxys",
   "Recreo"
  ],
  "Isuzu": [
   "Citibus",
   "Novo",
   "Turkuaz",
   "Visigo"
  ],
  "IVECO": [
   "Crossway",
   "Daily",
   "EuroRider",
   "Magelys",
   "Thesi"
  ],
  "JAC": [
   "HFC6830",
   "HK6105",
   "HK6118",
   "HK6120",
   "HK6124",
   "HK6730",
   "HK6813",
   "HK6880"
  ],
  "Jelcz": [
   "M11"
  ],
  "Karosa": [
   "B700 Series",
   "B900 Series",
   "C700 Series",
   "C900 Series"
  ],
  "Kia": [
   "Bongo",
   "Combi",
   "Cosmos",
   "Granbird"
  ],
  "King Long": [
   "XMQ6120C",
   "XMQ6121G",
   "XMQ6127C",
   "XMQ6129Y",
   "XMQ6130Y",
   "XMQ6800",
   "XMQ6820",
   "XMQ6840G",
   "XMQ6900"
  ],
  "LAG": [
   "EOS 100"
  ],
  "Lotos": [
   "105",
   "206",
   "226"
  ],
  "MAN": [
   "A12",
   "Lion's City",
   "Lion's Coach",
   "Lion's Intercity",
   "Lion's Regio",
   "Lion's Star",
   "NG",
   "NL",
   "SD",
   "SL",
   "SU",
   "UL"
  ],
  "Marcopolo": [
   "Andare",
   "Bravis"
  ],
  "Mercedes-Benz": [
   "Citaro",
   "Conecto",
   "Integro",
   "Intouro",
   "O 303",
   "O 305",
   "O 309",
   "O 404",
   "O 405",
   "Sprinter",
   "Sprinter Classic",
   "Tourismo",
   "Travego",
   "Vario"
  ],
  "Mudan": [
   "MD6100",
   "MD6608",
   "MD6701",
   "MD6750"
  ],
  "Neoplan": [
   "Centroliner",
   "Cityliner",
   "Euroliner",
   "Jetliner",
   "Jumbocruiser",
   "Megaliner",
   "Metroliner",
   "Skyliner",
   "Spaceliner",
   "Starliner",
   "Tourliner",
   "Transliner",
   "Trendliner"
  ],
  "Nissan": [
   "Civilian"
  ],
  "Otokar": [
   "DORUK",
   "M2000",
   "Navigo",
   "Tempo",
   "Vectio"
  ],
  "Otoyol": [
   "M29"
  ],
  "Peugeot": [
   "Boxer"
  ],
  "Renault": [
   "Master"
  ],
  "Robur": [
   "LO"
  ],
  "SamAuto": [
   "SAZ LE60"
  ],
  "Sanos": [
   "S315"
  ],
  "Scania": [
   "2-Series",
   "3-Series",
   "Beulas Glory",
   "Higer",
   "Irizar",
   "Metrolink",
   "Omni",
   "Touring"
  ],
  "Setra": [
   "200 Series",
   "300 Series",
   "Comfort Class",
   "Multi Class",
   "Top Class"
  ],
  "ShenLong (Sunlong)": [
   "SLK6111",
   "SLK6122",
   "SLK6128",
   "SLK6602",
   "SLK6790",
   "SLK6931"
  ],
  "Shuchi": [
   "YTK6106",
   "YTK6126"
  ],
  "Simaz": [
   "2258"
  ],
  "Solaris": [
   "InterUrbino"
  ],
  "SOR Libchavy": [
   "SOR LC 9.5"
  ],
  "SsangYong": [
   "Transstar"
  ],
  "TAM": [
   "260"
  ],
  "Temsa": [
   "Diamond",
   "Metropol",
   "Opalin",
   "Prestij",
   "Safari",
   "Tourmalin"
  ],
  "Thomas Built Buses": [
   "Saf-T-Liner C2",
   "Saf-T-Liner EFX/HDX"
  ],
  "Thor Motor Coach": [
   "Outlaw Class A"
  ],
  "Toyota": [
   "Coaster"
  ],
  "Van Hool": [
   "T8 - series",
   "T9 - series"
  ],
  "VDL Berkhof": [
   "Axial"
  ],
  "VDL Bus Chassis": [
   "SB"
  ],
  "Volgabus": [
   "Дельта",
   "Марафон D",
   "Марафон School",
   "Серпантин D",
   "Серпантин G",
   "Серпантин School",
   "Ситиритм 10DLE",
   "Ситиритм 10GLE",
   "Ситиритм 12DLE",
   "Ситиритм 12DLF",
   "Ситиритм 12ELF",
   "Ситиритм 12GLE",
   "Ситиритм 12GLF",
   "Ситиритм 18DLF"
  ],
  "Volkswagen": [
   "Crafter",
   "LT"
  ],
  "Volvo": [
   "7000",
   "7450",
   "7500",
   "7550",
   "7700",
   "8500",
   "8700",
   "9700",
   "9900",
   "B10 Series",
   "B12 Series",
   "C10M"
  ],
  "Youyi": [
   "ZGT6120DH"
  ],
  "Yutong": [
   "ZK6118",
   "ZK6119HA",
   "ZK6121HQ",
   "ZK6122H9",
   "ZK6126HGA",
   "ZK6128H",
   "ZK6129H",
   "ZK6737D",
   "ZK6831H",
   "ZK6852HG",
   "ZK6899HA",
   "ZK6938HB9"
  ],
  "Zhong Tong": [
   "BOVA",
   "Caesar",
   "Catch",
   "Compass",
   "Creator",
   "Fashion",
   "Magiq",
   "Navigator",
   "Sparkling",
   "Sunny"
  ],
  "Zonda": [
   "JLY",
   "YCK"
  ],
  "Авто-Модуль (АМД)": [
   "АМ-3249"
  ],
  "Альтерна": [
   "4215"
  ],
  "БАЗ": [
   "2215",
   "А079",
   "А148"
  ],
  "Богдан": [
   "А-069",
   "А-092",
   "А-144",
   "А-145",
   "А-201",
   "А-231",
   "А-3017",
   "А-40160"
  ],
  "ВМЗ": [
   "4252 \"Олимп\""
  ],
  "Волжанин": [
   "3290",
   "5285",
   "6270"
  ],
  "ГАЗ": [
   "Next Citiline",
   "ВМ-3284",
   "ГАЗель (3302)",
   "ГАЗель CITY",
   "ГАЗель Next"
  ],
  "ГолАЗ": [
   "4244",
   "5256",
   "5291",
   "6228",
   "Andare"
  ],
  "ЗАЗ": [
   "А07",
   "А10"
  ],
  "ЗИЛ": [
   "118/3207",
   "3250"
  ],
  "КАвЗ": [
   "32081",
   "3244",
   "3276",
   "3976",
   "4235",
   "4238",
   "4238 Школьный",
   "4239",
   "4270",
   "651",
   "685"
  ],
  "Кубань": [
   "Г1А"
  ],
  "ЛАЗ": [
   "4202",
   "4207",
   "5207",
   "5252",
   "695",
   "697",
   "699",
   "НеоЛаз"
  ],
  "ЛиАЗ": [
   "158В (ЗиЛ)",
   "4292",
   "5256",
   "5292",
   "5293",
   "6212",
   "6213",
   "677",
   "Вояж"
  ],
  "МАЗ": [
   "103",
   "104",
   "105",
   "107",
   "152",
   "171",
   "203",
   "206",
   "216",
   "231",
   "241",
   "251",
   "256"
  ],
  "МАРЗ": [
   "42191",
   "4251",
   "5266/5277"
  ],
  "Неман": [
   "3232",
   "4201",
   "4202",
   "5201"
  ],
  "НефАЗ": [
   "3297",
   "4208",
   "4211",
   "5299 Городской",
   "5299 Междугородный"
  ],
  "ПАЗ": [
   "3202 Валдай",
   "3203",
   "3204",
   "3205",
   "3206",
   "3237",
   "4223/4228",
   "4230 Аврора",
   "4234",
   "5271/5272",
   "672",
   "Вектор 8.8",
   "Вектор Next"
  ],
  "РМЗ": [
   "3230"
  ],
  "РоАЗ": [
   "5236",
   "5239"
  ],
  "САРЗ": [
   "3280"
  ],
  "СОЗА": [
   "СтЗМ-3905"
  ],
  "ТАРЗ": [
   "ТА-6"
  ],
  "Урал": [
   "3255"
  ],
  "ХАЗ": [
   "3250"
  ]
 }
}