{
 "id": "construction",
 "name": "Строительная",
 "group": "commercial",
 "list": {
  "ABG": [
   "Alpha",
   "PT",
   "Puma",
   "Titan"
  ],
  "Aichi": [
   "Автобуровые вышки"
  ],
  "Ammann": [
   "AC",
   "AFW",
   "AP",
   "AR",
   "ARX",
   "ASC",
   "AV"
  ],
  "Asia": [
   "AM518"
  ],
  "ASTRA": [
   "HD8"
  ],
  "Atlas": [
   "AW1120"
  ],
  "Atlas Copco": [
   "Буровые установки",
   "Компрессоры"
  ],
  "Atmos": [
   "PDP 15",
   "PDP 35"
  ],
  "Banut": [
   "Бурильно-сваебойные машины"
  ],
  "Bauer": [
   "Буровые установки"
  ],
  "Baukema": [
   "S"
  ],
  "BBURG": [
   "HD1300"
  ],
  "Bell": [
   "D-Series"
  ],
  "Blaw-Knox": [
   "PF-191",
   "PF-3200"
  ],
  "BMS": [
   "Worker N1"
  ],
  "Bomag": [
   "BF",
   "BF223C",
   "BF300C",
   "BF600C-2",
   "BF700C-2",
   "BF800C",
   "BM 1000/30",
   "BM 1500/50",
   "BMF 2500 S Offset DeLuxe",
   "BMP 851",
   "BW  24",
   "BW 100",
   "BW 11 RH-5",
   "BW 121",
   "BW 124",
   "BW 125 AC-4",
   "BW 125 ACH",
   "BW 131",
   "BW 135",
   "BW 138 AC",
   "BW 141 AD-4",
   "BW 142",
   "BW 144 AD-2",
   "BW 151",
   "BW 151 AС-50",
   "BW 154",
   "BW 161 AC-4",
   "BW 161 AD-4",
   "BW 161 AD-50",
   "BW 161 AС-50",
   "BW 164 AC",
   "BW 172",
   "BW 174 AC",
   "BW 174 AD AM",
   "BW 177 D-3",
   "BW 177 D-4",
   "BW 177 D-5",
   "BW 184",
   "BW 191 AD-50",
   "BW 20",
   "BW 202 AD-4",
   "BW 202 AD-50",
   "BW 203 AD-4",
   "BW 206 AD-50",
   "BW 211",
   "BW 211 D-40",
   "BW 212 D-40",
   "BW 213",
   "BW 213 BVC-5",
   "BW 213 D-5",
   "BW 213 DH-5",
   "BW 215 D-40",
   "BW 216 D-4",
   "BW 216 D-40",
   "BW 216 D-5",
   "BW 218 D-40",
   "BW 219",
   "BW 219 D-4",
   "BW 219 D-5",
   "BW 226 BVC-5",
   "BW 226 DH-5",
   "BW 226 DI-4",
   "BW 226 DI-5 BVC",
   "BW 27 RH",
   "BW 28 RH",
   "BW 80 AD-2",
   "BW120",
   "BМ1000/1200/1300/35",
   "BМ2000/60-2",
   "BМ500-600.15",
   "MPH 122",
   "ВМ1000-1300.30-2"
  ],
  "Borum": [
   "BM 350"
  ],
  "Breining": [
   "Slurrypaver"
  ],
  "Brinkmann": [
   "Estrich Boy"
  ],
  "Brokk": [
   "400"
  ],
  "Bunker": [
   "Tragen B-Series"
  ],
  "CAMC": [
   "Автобетоносмесители"
  ],
  "Cardwell": [
   "KB-210"
  ],
  "Carmix": [
   "Бетоносмесители"
  ],
  "Casagrande": [
   "Гидравлические буровые установки"
  ],
  "Case": [
   "340",
   "845B",
   "865B",
   "885B"
  ],
  "Caterpillar": [
   "140K",
   "587",
   "594",
   "CS-563E",
   "Автогрейдеры",
   "Асфальтоукладчик",
   "Дорожные фрезы",
   "Катки",
   "Скреперы",
   "Шарнирно-сочлененные самосвалы"
  ],
  "Cathefeng": [
   "120M",
   "140K",
   "CS79B"
  ],
  "Changlin": [
   "8202.5",
   "YZ16-7"
  ],
  "Cifa": [
   "Автобетононасос",
   "Бетоносмеситель"
  ],
  "Cosin": [
   "CYL42C"
  ],
  "Curb Fox": [
   "5000"
  ],
  "Daewoo": [
   "Mixer",
   "Автобетононасосы"
  ],
  "DAF": [
   "CF-series",
   "LF-series16"
  ],
  "Davino": [
   "D12",
   "D6",
   "Delta4",
   "Exclusive 450.1",
   "LB30",
   "LB60",
   "Master 440.2",
   "Prima 415.2",
   "R30",
   "R40",
   "Runner 560.2"
  ],
  "Demag": [
   "DF 110P",
   "DF 135 C"
  ],
  "Ding Sheng": [
   "PY160G",
   "PY180",
   "PY200",
   "PY220",
   "PY240"
  ],
  "DitchWitch": [
   "Буровые установки",
   "Траншеекопатель"
  ],
  "DongFeng": [
   "DFZ5251GJBA1"
  ],
  "Doosan": [
   "Moxy MT41"
  ],
  "Drillto": [
   "ZT-12DF"
  ],
  "Dynapac": [
   "PL2000S",
   "Асфальтоукладчики",
   "Дорожные катки"
  ],
  "Everdigm": [
   "ECP32RS-4",
   "ECP37",
   "ECP38CX-5",
   "ECP39",
   "ECP40CX-5",
   "ECP43CX-5",
   "ECP48CX-5",
   "ECP53CX-5",
   "ECP56CX-5",
   "ECP59CX-5",
   "ECP63CS-5"
  ],
  "Extec": [
   "C",
   "S"
  ],
  "FAW": [
   "CA5250",
   "CA5252"
  ],
  "Ferguson": [
   "46",
   "58"
  ],
  "Fibo intercon": [
   "M2200"
  ],
  "Fintec": [
   "640"
  ],
  "Fiori": [
   "DB 110",
   "DB 180",
   "DB 260",
   "DB 460",
   "DB 560"
  ],
  "FMGru": [
   "RBI 1035"
  ],
  "Ford": [
   "Cargo"
  ],
  "Forward": [
   "RX33x120"
  ],
  "Furukawa": [
   "DCR 45"
  ],
  "Fuso (Mitsubishi)": [
   "Canter",
   "Fighter",
   "Super Great"
  ],
  "Gayk": [
   "Сваебойная установка"
  ],
  "Geax": [
   "DTC"
  ],
  "Gomaco": [
   "Commander",
   "GT-3200",
   "PS-2600",
   "TC-600"
  ],
  "Graco": [
   "LineLazer IV 200HS"
  ],
  "Grove": [
   "RT"
  ],
  "Grun": [
   "Hydrozet 18/4"
  ],
  "Hamm": [
   "2520",
   "3307",
   "3411",
   "3412",
   "3414",
   "3516",
   "3518",
   "3520",
   "DV Series",
   "GRW Series (10-24)",
   "HD Series"
  ],
  "Hanjin": [
   "MP 4000",
   "P 6000SD"
  ],
  "Hanlyma": [
   "HL 518"
  ],
  "Hanta": [
   "F2045C",
   "F31W"
  ],
  "Hartl": [
   "PC"
  ],
  "HBM-Nobas": [
   "BG 130",
   "BG 160",
   "BG 190"
  ],
  "Hino": [
   "Автобетононасос",
   "Бетоносмеситель",
   "Буровые установки"
  ],
  "Hitachi": [
   "CH-M10",
   "Morooka"
  ],
  "Hongda": [
   "HBT60S1413"
  ],
  "HongJian": [
   "HJ-12T"
  ],
  "Howo": [
   "ZZ5707",
   "Бетононасос",
   "Миксер"
  ],
  "Huatong": [
   "Huatong"
  ],
  "Hyundai": [
   "HD"
  ],
  "IFA": [
   "W50"
  ],
  "IHC Fundex": [
   "CD20D",
   "F12",
   "F12S",
   "F12SE",
   "F2200",
   "F2800",
   "F3500",
   "F4200",
   "TDD45"
  ],
  "IHI": [
   "CCH700"
  ],
  "Ingersoll Rand": [
   "PF3200",
   "SD",
   "SP54"
  ],
  "Irmair": [
   "5.5"
  ],
  "Isuzu": [
   "Автобетононасос",
   "Автобетоносмеситель",
   "Автобуровая"
  ],
  "IVECO": [
   "330.30",
   "EuroTrakker",
   "Trakker"
  ],
  "JaNo": [
   "HVS"
  ],
  "JCB": [
   "Грунтовые катки",
   "Дорожные катки"
  ],
  "Jekko": [
   "SPX 1040",
   "SPX 527"
  ],
  "John Deere": [
   "672G",
   "772G",
   "872G",
   "Самосвалы"
  ],
  "Joyal": [
   "YG1142E710",
   "YG1349E912",
   "YG938E69"
  ],
  "JUNJIN": [
   "JD-1400E",
   "JXRZ 43-5.16HP",
   "JXRZ57-5.18HP",
   "JXZ 38-4.16HP",
   "JXZ37-4.16HP",
   "SA-086C",
   "SD-1300E"
  ],
  "Junttan": [
   "PM 18-20",
   "PM 20LC",
   "PM 25LC",
   "PM 26-40S",
   "PM 28-40S"
  ],
  "Kaeser": [
   "M17",
   "M27",
   "M43",
   "M50",
   "M57",
   "M70"
  ],
  "Kanglim": [
   "Буровые установки"
  ],
  "KATO": [
   "30THC-S2",
   "KR",
   "PF1200"
  ],
  "Kawasaki": [
   "KV3",
   "KV4"
  ],
  "KCP": [
   "KCP28ZX",
   "KCP31ZX",
   "KCP37ZX",
   "KCP40RX",
   "KCP42ZX",
   "KCP45ZX",
   "KCP52ZX",
   "KCP55ZX",
   "KCP61ZX",
   "KCP63ZX"
  ],
  "Kenworth": [
   "Автобетоносмесители"
  ],
  "Kia": [
   "Putzmeister"
  ],
  "Kleemann": [
   "MC110",
   "MCO9",
   "MS19"
  ],
  "Komatsu": [
   "D155",
   "D355",
   "HD785-5",
   "HD785-7",
   "LT",
   "LW",
   "Дорожные катки",
   "Дорожные фрезы",
   "Дробильные установки",
   "Краны гусеничные"
  ],
  "Komplet": [
   "SC221"
  ],
  "LGMG": [
   "CMT106",
   "CMT70",
   "MT60",
   "MT76A",
   "MT80",
   "MT86",
   "MT95"
  ],
  "Liebherr": [
   "TA 230",
   "Башенные краны",
   "Буровые установки",
   "Гусеничные краны",
   "Трубоукладчики"
  ],
  "Linden": [
   "Comansa"
  ],
  "Linnhoff & Henne": [
   "EB80/120S"
  ],
  "LiuGong": [
   "414",
   "418",
   "4180",
   "4215-6WD",
   "4230",
   "425-4WD",
   "425-6WD",
   "Автогрейдеры",
   "Бетононасос",
   "Катки"
  ],
  "Lonking": [
   "CDM514",
   "CDM520"
  ],
  "Lutong": [
   "LTC3PB"
  ],
  "Mack": [
   "Автобетононасос",
   "Автобетоносмеситель"
  ],
  "Madrog": [
   "KD3D"
  ],
  "Magirus": [
   "260"
  ],
  "MAN": [
   "30.320",
   "32.314",
   "32.364",
   "40.390",
   "41.390",
   "41.400",
   "41.480",
   "Автобетоносмесители"
  ],
  "Marini": [
   "MF571",
   "МF331 HD"
  ],
  "Massenza": [
   "Автогудронатор"
  ],
  "Maximus": [
   "516",
   "522"
  ],
  "McCloskey": [
   "J44",
   "S130"
  ],
  "MDT (Mc DRILL TECHNOLOGY)": [
   "MDT 640GM"
  ],
  "Mecbo": [
   "CAR P4.65",
   "P6.90"
  ],
  "Mercedes-Benz": [
   "Автобетононасос",
   "Автобетоносмеситель"
  ],
  "Merlo": [
   "DBM 3500"
  ],
  "Metso Minerals": [
   "LT"
  ],
  "Mitsuber": [
   "MG215R Groningen",
   "MRG14 Oldenburg"
  ],
  "Mitsubishi": [
   "MF61D"
  ],
  "Moelven": [
   "MK694"
  ],
  "Morooka": [
   "MJ-75",
   "MST-1500",
   "MST-2200",
   "MST-800",
   "PC-065B"
  ],
  "Nigata": [
   "NF40C"
  ],
  "Nissan": [
   "Mixer",
   "Автобетононасос"
  ],
  "Nordberg": [
   "LT80"
  ],
  "Normet": [
   "Utimec MF 500 Transmixer"
  ],
  "O&K": [
   "F105",
   "F106"
  ],
  "Orteco": [
   "Копровые машины"
  ],
  "Peiner (Rokra)": [
   "MK-110"
  ],
  "Peterbilt": [
   "Mixer"
  ],
  "Piccini": [
   "Scout"
  ],
  "Potain": [
   "Башенный кран"
  ],
  "Probst": [
   "VM 203"
  ],
  "Putzmeister": [
   "BRF 32.12",
   "BRF 44",
   "BSA",
   "M 22",
   "M 36",
   "M 42",
   "M 43",
   "Mixokret"
  ],
  "Rammax": [
   "RW 1503",
   "RW 2000",
   "RW 2900"
  ],
  "Reimer": [
   "R10"
  ],
  "Renault": [
   "Автобетоносмесители"
  ],
  "Resta": [
   "OH2"
  ],
  "Ricomag": [
   "BW 76"
  ],
  "Roadtec": [
   "SB2500"
  ],
  "Rubble Master": [
   "Дробильные установки"
  ],
  "Sakai": [
   "PT310",
   "Вибрационные катки",
   "Фрезы дорожные"
  ],
  "Sandvik": [
   "DC 120",
   "QA 330",
   "QA 331",
   "QA 450",
   "QH 331",
   "QH 440",
   "QJ 240",
   "QJ 241",
   "QJ 330",
   "QJ 341",
   "Titon 500"
  ],
  "Sany": [
   "SCC 1500",
   "SCC 800 C",
   "SR 220 C",
   "SRC1200",
   "SRC300",
   "SRC400",
   "SRC600",
   "SRC750",
   "SRC900"
  ],
  "Scania": [
   "P-Series",
   "P380",
   "P400",
   "Класс R",
   "Класс С"
  ],
  "Schwing": [
   "Автобетононасос",
   "Бетононасосы"
  ],
  "SCM": [
   "C6015"
  ],
  "SDLG": [
   "Автогрейдер",
   "Карьерный самосвал",
   "Однобарабанный каток"
  ],
  "Secmair": [
   "Chipsealer 41"
  ],
  "SEM": [
   "510",
   "512",
   "518",
   "520",
   "522",
   "915",
   "917",
   "919",
   "922"
  ],
  "Sennebogen": [
   "Гусеничные краны"
  ],
  "Sermac": [
   "4Z36",
   "5Z42"
  ],
  "Shacman (Shaanxi)": [
   "F2000",
   "F3000",
   "SX5256GJBDR384"
  ],
  "Shantui": [
   "SR-13",
   "SR-16",
   "SR-18"
  ],
  "Sinotruk Hania (Howo)": [
   "6x4"
  ],
  "Soilmec": [
   "CM-Series",
   "SF-Series",
   "SR-Series"
  ],
  "Somero": [
   "S-940"
  ],
  "Soosan": [
   "STD11"
  ],
  "Starke": [
   "LH"
  ],
  "Straightline": [
   "2462 DL"
  ],
  "Strassmayr": [
   "Заливщик швов"
  ],
  "Sumitomo": [
   "Асфальтоукладчики",
   "Сваебойные установки"
  ],
  "Sunward": [
   "SWDE 165",
   "ZYJ240",
   "ZYJ260",
   "ZYJ360"
  ],
  "Tadano": [
   "GR-750",
   "TR-100",
   "TR-160",
   "TR-250",
   "TR-350"
  ],
  "TaiShan": [
   "DGY90"
  ],
  "Tamrock": [
   "Ranger 700"
  ],
  "Tatra": [
   "Tatra"
  ],
  "Terex": [
   "RT",
   "Автогрейдеры",
   "Башенные краны",
   "Дробильная техника",
   "Катки",
   "Самосвал",
   "Сортировочная техника",
   "Шарнирно-сочленённые самосвалы"
  ],
  "Tesab": [
   "1012TS",
   "10570",
   "1200TC",
   "3600TS"
  ],
  "Tesmec": [
   "TSR"
  ],
  "Tiangong": [
   "Автогрейдеры"
  ],
  "Tigarbo": [
   "Автобетоносмесители"
  ],
  "TopTec": [
   "1850"
  ],
  "Universal HDD": [
   "UNI 60x70"
  ],
  "Vermeer": [
   "100x120 Series II",
   "D16x20",
   "D24x40A",
   "D50x100а",
   "D7x11",
   "Navigator",
   "V8550"
  ],
  "Vibromax": [
   "Дорожные катки"
  ],
  "Vogele": [
   "Super"
  ],
  "Volvo": [
   "DD16",
   "DD95",
   "FL10",
   "PL4608",
   "SD",
   "Автобетоносмесители",
   "Автогрейдеры",
   "Асфальтоукладчики",
   "Самосвалы сочлененные"
  ],
  "Wacker Neuson": [
   "6001",
   "DT25",
   "RD"
  ],
  "Weber": [
   "SF 415"
  ],
  "Wirtgen": [
   "1000",
   "2000",
   "2100",
   "ISF850",
   "SP850",
   "TCM950",
   "W100",
   "W1000",
   "W120",
   "W130",
   "W150",
   "W1500",
   "W1900",
   "W200",
   "W210",
   "W220",
   "W50",
   "W500",
   "W60",
   "WR240"
  ],
  "XCMG": [
   "GR165",
   "GR180",
   "GR215",
   "RP",
   "RT100",
   "RT120E",
   "RT150",
   "RT200E",
   "RT25",
   "RT35",
   "RT40E",
   "RT50A",
   "RT55E",
   "RT60A",
   "RT70E",
   "RT80",
   "RT90E",
   "XCR70_S",
   "XD102",
   "XD82",
   "XGC100",
   "XGC130",
   "XGC150",
   "XGC16000",
   "XGC180",
   "XGC260",
   "XGC300",
   "XGC400",
   "XGC500",
   "XGC55",
   "XGC650",
   "XGC75",
   "XGC800",
   "XGC85",
   "XM",
   "XMR303",
   "XMR403",
   "XR",
   "XS123",
   "XS142",
   "XS143",
   "XS143J",
   "XS163",
   "XS183",
   "XS203",
   "XZ",
   "YZ"
  ],
  "XGMA": [
   "Автогрейдеры",
   "Катки"
  ],
  "Yanmar": [
   "C30"
  ],
  "Yutong": [
   "YT3621"
  ],
  "Zemag": [
   "RDK-400"
  ],
  "Zoomlion": [
   "RT100",
   "RT35",
   "RT55",
   "RT75",
   "ZCC100H",
   "ZCC800H",
   "ZRT300",
   "ZRT600",
   "ZRT850",
   "Автобетононасосы",
   "Автобетоносмесители",
   "Автогрейдеры",
   "Буровые установки"
  ],
  "АКМТ Коминвест": [
   "ЭД-135"
  ],
  "Амкодор": [
   "25",
   "6622",
   "6712"
  ],
  "Асф-К": [
   "Асф-К-2-04",
   "Асф-К-3-02"
  ],
  "Башенные краны": [
   "Jaso",
   "QTZ-125",
   "QTZ-160",
   "QTZ-80",
   "КБ 403",
   "КБ-100",
   "КБ-308",
   "КБ-309",
   "КБ-401",
   "КБ-404",
   "КБ-405",
   "КБ-408",
   "КБ-473",
   "КБ-474",
   "КБ-503",
   "КБ-515"
  ],
  "БашСтрой": [
   "КоГ-12"
  ],
  "БЕЛАЗ": [
   "7547",
   "7548",
   "7555",
   "7557",
   "7558",
   "79202"
  ],
  "Бецема": [
   "БЦМ"
  ],
  "БЗКТ": [
   "6909"
  ],
  "БКСМ": [
   "5-5",
   "7-5"
  ],
  "БРМЗ": [
   "ТБГ-90"
  ],
  "Брянский арсенал": [
   "ГС-10.01",
   "ГС-14.02",
   "ГС-25.09"
  ],
  "ВИПО": [
   "БКМ 6.600"
  ],
  "ГАЗ": [
   "3308",
   "Валдай",
   "ГАЗ-66"
  ],
  "Галичанин": [
   "КС-55713",
   "КС-55729",
   "КС-59713-14Т"
  ],
  "ГЕММАШ": [
   "МБУ-5",
   "УБМ-250"
  ],
  "Геомаш": [
   "БКМ-350",
   "ЛБУ-50",
   "УГБ-786-200"
  ],
  "Горизонталь": [
   "МГБ-50П"
  ],
  "ГС": [
   "ГС-10.01",
   "ГС-14.02",
   "ГС-14.03",
   "ГС-18.05",
   "ДЗ-98"
  ],
  "ДЗ": [
   "ДЗ-122",
   "ДЗ-143",
   "ДЗ-180",
   "ДЗ-98В"
  ],
  "Дизель-Ремонт": [
   "АСТ-4"
  ],
  "Дизель-ТС": [
   "Дизель-ТС"
  ],
  "Дормаш": [
   "Автогрейдеры",
   "ДМ-10"
  ],
  "Дормашина": [
   "DM-006",
   "DM-02-VD",
   "DM-03-VC",
   "DM-03-VD",
   "DM-07-VC",
   "DM-07-VD",
   "DM-10-VC",
   "DM-10-VD",
   "DM-13-SD",
   "DM-13-SP",
   "DM-13-VC",
   "DM-13-VD",
   "DM-14.0",
   "DM-14.1",
   "DM-58",
   "DM-614",
   "DM-617",
   "DM-62",
   "DM-63",
   "DM-65",
   "DM-7.5-VD",
   "DM-7.7-VC",
   "DM-7.7-VD",
   "ДС-169"
  ],
  "Дорэлектромаш": [
   "ДЭМ"
  ],
  "Другие": [
   "Неизвестна (строительные)"
  ],
  "ДСТ-Урал": [
   "ТГ-20.32"
  ],
  "Евромаш": [
   "ЕМ-400"
  ],
  "ЗДС": [
   "АГ-К",
   "АГ-КА",
   "АГ-КС",
   "АГ-П",
   "АГ-Ш",
   "ЗШ-П",
   "ЗШ-ПА"
  ],
  "ЗИЛ": [
   "Автогудронаторы",
   "Бетоновоз",
   "БКМА-1,0/3,5",
   "Буровые установки",
   "СКБМ-1"
  ],
  "ЗИФ": [
   "ПВ-10/1.0",
   "ПВ-5М",
   "ПВ-6/0.7",
   "СВЭ-6.3/0.7"
  ],
  "Ивановец": [
   "КС-35714",
   "КС-35715",
   "КС-45717",
   "КС-55717"
  ],
  "Ивэнергомаш": [
   "БКМ"
  ],
  "Ирмаш": [
   "Асфальтоукладчики"
  ],
  "КамАЗ": [
   "43253",
   "Aвтобетононасос",
   "Автобетоносмеситель",
   "Буровая установка",
   "Цементировочный агрегат"
  ],
  "Кировец": [
   "К-703"
  ],
  "Клинцы": [
   "КС-45719"
  ],
  "КрАЗ": [
   "250",
   "6124",
   "7133",
   "ЦА-320"
  ],
  "КРАЯН": [
   "КС-5363"
  ],
  "Курган Дормаш": [
   "ДС"
  ],
  "Магистраль-С": [
   "Вальцевые дорожные катки"
  ],
  "МАЗ": [
   "Автобетононасос",
   "Бетоносмеситель",
   "Буровые установки",
   "Путепрокладчик ПКТ"
  ],
  "МКГ": [
   "МГК 25"
  ],
  "МКГС": [
   "МКГС-100"
  ],
  "МоАЗ": [
   "Самоходные скреперы"
  ],
  "Могилевский завод Строммашина": [
   "КБМ-401П"
  ],
  "МТЗ": [
   "Бурильно-крановые машины"
  ],
  "ОЗБТ": [
   "УКБ-12/25",
   "УКБ-12/25-02 \"Помбур\"",
   "УРБ-2А2",
   "УРБ-2А2Д",
   "УРБ-2Д3",
   "УРБ-2НТ",
   "УРБ-4Т"
  ],
  "Партнер": [
   "SV-60",
   "US-60",
   "УРБ-74"
  ],
  "Предприятие Дорожник": [
   "МРД-5"
  ],
  "ПТК": [
   "К-702МА-ПК-6",
   "К-702МБА-БКУ",
   "К-702МВА-УДМ-2",
   "К-703МА-АС-4",
   "К-703МА-БК",
   "К-703МА-ДМ-15",
   "К-703МА-ОС",
   "К-703МА-УДМ-1"
  ],
  "Раменский механический завод": [
   "СКГ-40",
   "СКГ-505"
  ],
  "РаМЗ": [
   "ДС-191"
  ],
  "Раскат": [
   "RC-13 DD",
   "RC-24 SS",
   "RV-1,5 DD",
   "RV-11 DD",
   "RV-13 DT",
   "RV-15 DT",
   "RV-2,0 DD",
   "RV-2,4 DD",
   "RV-3.5 DD",
   "RV-7 DD",
   "RV-9,0 DD",
   "ДУ-100",
   "ДУ-111",
   "ДУ-47",
   "ДУ-48",
   "ДУ-54",
   "ДУ-62",
   "ДУ-63",
   "ДУ-65",
   "ДУ-82",
   "ДУ-84",
   "ДУ-85",
   "ДУ-93",
   "ДУ-94",
   "ДУ-96",
   "ДУ-97",
   "ДУ-98",
   "ДУ-99",
   "РЭМ-25",
   "РЭМ-32",
   "РЭМ-38",
   "РЭМ-45",
   "РЭМ-52"
  ],
  "РДК": [
   "РДК 250-2",
   "РДК 250-3",
   "РДК-160"
  ],
  "РСМ (Русские Строительные Машины)": [
   "МКУ-1300 Титан",
   "Сваяк МКУ-900"
  ],
  "САСТА": [
   "Дорожные катки"
  ],
  "СБТ": [
   "УБГ-Л-15 Журавль",
   "УБГ-С Беркут"
  ],
  "СвайМастер": [
   "5000",
   "5000 Max",
   "7000"
  ],
  "СКГ": [
   "СКГ 40/63",
   "СКГ 63/100",
   "СКГ 631"
  ],
  "СпецДорМаш": [
   "СДМ-25"
  ],
  "Спецстроймаш": [
   "Грейдеры",
   "Сварочные агрегаты"
  ],
  "Стройдормаш": [
   "Бурильно-крановые машины",
   "Бурильно-сваебойные машины",
   "Бурильно-шнековые машины",
   "Виброкатки",
   "УРБ-2М"
  ],
  "Стройматик": [
   "СГК-200",
   "СГК-400",
   "ТУРБО-1100",
   "ТУРБО-1400",
   "ТУРБО-1800"
  ],
  "Строймаш": [
   "Башенный кран",
   "Сваебойная установка"
  ],
  "Строймаш-Центр": [
   "ПКСД"
  ],
  "Тайзер": [
   "СВУ"
  ],
  "Техстроймаш": [
   "ТСМ"
  ],
  "ТЗА": [
   "58145",
   "58146",
   "58147A",
   "58149"
  ],
  "УГБ": [
   "УГБ 50М",
   "УГБ-1ВС"
  ],
  "Урал": [
   "Автобетоносмеситель",
   "Бурильно-сваебойная машина",
   "Кабелеукладчик",
   "Компрессорная станция",
   "Плетевоз",
   "Цементировочный агрегат"
  ],
  "Уралвагонзавод": [
   "ГТ-Т",
   "МГГ-529"
  ],
  "Уралспецбурмаш": [
   "Буровые установки"
  ],
  "УралСпецТранс": [
   "АДПМ"
  ],
  "ХТЗ": [
   "Т-155"
  ],
  "Челпром": [
   "Трубоукладчики"
  ],
  "Челябинец": [
   "ДЭК-251",
   "ДЭК-321",
   "ДЭК-401"
  ],
  "ЧЕТРА": [
   "ТГ122",
   "ТГ301",
   "ТГ503"
  ],
  "ЧКЗ": [
   "МКГ-25",
   "МКГ-40"
  ],
  "ЧМЗ": [
   "ДЭК"
  ],
  "ЧСДМ": [
   "Автогрейдеры"
  ],
  "ЧТЗ": [
   "БТМ",
   "КВГ-1",
   "КВГ-2",
   "СП-49",
   "ТР"
  ],
  "Юргинец": [
   "КС-4361",
   "КС-4372",
   "КС-4871",
   "КС-5871"
  ],
  "Ясиноватский Машиностроительный Завод": [
   "КСП-35"
  ]
 }
}