mark;model
ABG;Alpha
ABG;PT
ABG;Puma
ABG;Titan
Aichi;Автобуровые вышки
Ammann;AC
Ammann;AFW
Ammann;AP
Ammann;AR
Ammann;ARX
Ammann;ASC
Ammann;AV
Asia;AM518
ASTRA;HD8
Atlas;AW1120
Atlas Copco;Буровые установки
Atlas Copco;Компрессоры
Atmos;PDP 15
Atmos;PDP 35
Banut;Бурильно-сваебойные машины
Bauer;Буровые установки
Baukema;S
BBURG;HD1300
Bell;D-Series
Blaw-Knox;PF-191
Blaw-Knox;PF-3200
BMS;Worker N1
Bomag;BF
Bomag;BF223C
Bomag;BF300C
Bomag;BF600C-2
Bomag;BF700C-2
Bomag;BF800C
Bomag;BM 1000/30
Bomag;BM 1500/50
Bomag;BMF 2500 S Offset DeLuxe
Bomag;BMP 851
Bomag;BW  24
Bomag;BW 100
Bomag;BW 11 RH-5
Bomag;BW 121
Bomag;BW 124
Bomag;BW 125 AC-4
Bomag;BW 125 ACH
Bomag;BW 131
Bomag;BW 135
Bomag;BW 138 AC
Bomag;BW 141 AD-4
Bomag;BW 142
Bomag;BW 144 AD-2
Bomag;BW 151
Bomag;BW 151 AС-50
Bomag;BW 154
Bomag;BW 161 AC-4
Bomag;BW 161 AD-4
Bomag;BW 161 AD-50
Bomag;BW 161 AС-50
Bomag;BW 164 AC
Bomag;BW 172
Bomag;BW 174 AC
Bomag;BW 174 AD AM
Bomag;BW 177 D-3
Bomag;BW 177 D-4
Bomag;BW 177 D-5
Bomag;BW 184
Bomag;BW 191 AD-50
Bomag;BW 20
Bomag;BW 202 AD-4
Bomag;BW 202 AD-50
Bomag;BW 203 AD-4
Bomag;BW 206 AD-50
Bomag;BW 211
Bomag;BW 211 D-40
Bomag;BW 212 D-40
Bomag;BW 213
Bomag;BW 213 BVC-5
Bomag;BW 213 D-5
Bomag;BW 213 DH-5
Bomag;BW 215 D-40
Bomag;BW 216 D-4
Bomag;BW 216 D-40
Bomag;BW 216 D-5
Bomag;BW 218 D-40
Bomag;BW 219
Bomag;BW 219 D-4
Bomag;BW 219 D-5
Bomag;BW 226 BVC-5
Bomag;BW 226 DH-5
Bomag;BW 226 DI-4
Bomag;BW 226 DI-5 BVC
Bomag;BW 27 RH
Bomag;BW 28 RH
Bomag;BW 80 AD-2
Bomag;BW120
Bomag;BМ1000/1200/1300/35
Bomag;BМ2000/60-2
Bomag;BМ500-600.15
Bomag;MPH 122
Bomag;ВМ1000-1300.30-2
Borum;BM 350
Breining;Slurrypaver
Brinkmann;Estrich Boy
Brokk;400
Bunker;Tragen B-Series
CAMC;Автобетоносмесители
Cardwell;KB-210
Carmix;Бетоносмесители
Casagrande;Гидравлические буровые установки
Case;340
Case;845B
Case;865B
Case;885B
Caterpillar;140K
Caterpillar;587
Caterpillar;594
Caterpillar;CS-563E
Caterpillar;Автогрейдеры
Caterpillar;Асфальтоукладчик
Caterpillar;Дорожные фрезы
Caterpillar;Катки
Caterpillar;Скреперы
Caterpillar;Шарнирно-сочлененные самосвалы
Cathefeng;120M
Cathefeng;140K
Cathefeng;CS79B
Changlin;8202.5
Changlin;YZ16-7
Cifa;Автобетононасос
Cifa;Бетоносмеситель
Cosin;CYL42C
Curb Fox;5000
Daewoo;Mixer
Daewoo;Автобетононасосы
DAF;CF-series
DAF;LF-series16
Davino;D12
Davino;D6
Davino;Delta4
Davino;Exclusive 450.1
Davino;LB30
Davino;LB60
Davino;Master 440.2
Davino;Prima 415.2
Davino;R30
Davino;R40
Davino;Runner 560.2
Demag;DF 110P
Demag;DF 135 C
Ding Sheng;PY160G
Ding Sheng;PY180
Ding Sheng;PY200
Ding Sheng;PY220
Ding Sheng;PY240
DitchWitch;Буровые установки
DitchWitch;Траншеекопатель
DongFeng;DFZ5251GJBA1
Doosan;Moxy MT41
Drillto;ZT-12DF
Dynapac;PL2000S
Dynapac;Асфальтоукладчики
Dynapac;Дорожные катки
Everdigm;ECP32RS-4
Everdigm;ECP37
Everdigm;ECP38CX-5
Everdigm;ECP39
Everdigm;ECP40CX-5
Everdigm;ECP43CX-5
Everdigm;ECP48CX-5
Everdigm;ECP53CX-5
Everdigm;ECP56CX-5
Everdigm;ECP59CX-5
Everdigm;ECP63CS-5
Extec;C
Extec;S
FAW;CA5250
FAW;CA5252
Ferguson;46
Ferguson;58
Fibo intercon;M2200
Fintec;640
Fiori;DB 110
Fiori;DB 180
Fiori;DB 260
Fiori;DB 460
Fiori;DB 560
FMGru;RBI 1035
Ford;Cargo
Forward;RX33x120
Furukawa;DCR 45
Fuso (Mitsubishi);Canter
Fuso (Mitsubishi);Fighter
Fuso (Mitsubishi);Super Great
Gayk;Сваебойная установка
Geax;DTC
Gomaco;Commander
Gomaco;GT-3200
Gomaco;PS-2600
Gomaco;TC-600
Graco;LineLazer IV 200HS
Grove;RT
Grun;Hydrozet 18/4
Hamm;2520
Hamm;3307
Hamm;3411
Hamm;3412
Hamm;3414
Hamm;3516
Hamm;3518
Hamm;3520
Hamm;DV Series
Hamm;GRW Series (10-24)
Hamm;HD Series
Hanjin;MP 4000
Hanjin;P 6000SD
Hanlyma;HL 518
Hanta;F2045C
Hanta;F31W
Hartl;PC
HBM-Nobas;BG 130
HBM-Nobas;BG 160
HBM-Nobas;BG 190
Hino;Автобетононасос
Hino;Бетоносмеситель
Hino;Буровые установки
Hitachi;CH-M10
Hitachi;Morooka
Hongda;HBT60S1413
HongJian;HJ-12T
Howo;ZZ5707
Howo;Бетононасос
Howo;Миксер
Huatong;Huatong
Hyundai;HD
IFA;W50
IHC Fundex;CD20D
IHC Fundex;F12
IHC Fundex;F12S
IHC Fundex;F12SE
IHC Fundex;F2200
IHC Fundex;F2800
IHC Fundex;F3500
IHC Fundex;F4200
IHC Fundex;TDD45
IHI;CCH700
Ingersoll Rand;PF3200
Ingersoll Rand;SD
Ingersoll Rand;SP54
Irmair;5.5
Isuzu;Автобетононасос
Isuzu;Автобетоносмеситель
Isuzu;Автобуровая
IVECO;330.30
IVECO;EuroTrakker
IVECO;Trakker
JaNo;HVS
JCB;Грунтовые катки
JCB;Дорожные катки
Jekko;SPX 1040
Jekko;SPX 527
John Deere;672G
John Deere;772G
John Deere;872G
John Deere;Самосвалы
Joyal;YG1142E710
Joyal;YG1349E912
Joyal;YG938E69
JUNJIN;JD-1400E
JUNJIN;JXRZ 43-5.16HP
JUNJIN;JXRZ57-5.18HP
JUNJIN;JXZ 38-4.16HP
JUNJIN;JXZ37-4.16HP
JUNJIN;SA-086C
JUNJIN;SD-1300E
Junttan;PM 18-20
Junttan;PM 20LC
Junttan;PM 25LC
Junttan;PM 26-40S
Junttan;PM 28-40S
Kaeser;M17
Kaeser;M27
Kaeser;M43
Kaeser;M50
Kaeser;M57
Kaeser;M70
Kanglim;Буровые установки
KATO;30THC-S2
KATO;KR
KATO;PF1200
Kawasaki;KV3
Kawasaki;KV4
KCP;KCP28ZX
KCP;KCP31ZX
KCP;KCP37ZX
KCP;KCP40RX
KCP;KCP42ZX
KCP;KCP45ZX
KCP;KCP52ZX
KCP;KCP55ZX
KCP;KCP61ZX
KCP;KCP63ZX
Kenworth;Автобетоносмесители
Kia;Putzmeister
Kleemann;MC110
Kleemann;MCO9
Kleemann;MS19
Komatsu;D155
Komatsu;D355
Komatsu;HD785-5
Komatsu;HD785-7
Komatsu;LT
Komatsu;LW
Komatsu;Дорожные катки
Komatsu;Дорожные фрезы
Komatsu;Дробильные установки
Komatsu;Краны гусеничные
Komplet;SC221
LGMG;CMT106
LGMG;CMT70
LGMG;MT60
LGMG;MT76A
LGMG;MT80
LGMG;MT86
LGMG;MT95
Liebherr;TA 230
Liebherr;Башенные краны
Liebherr;Буровые установки
Liebherr;Гусеничные краны
Liebherr;Трубоукладчики
Linden;Comansa
Linnhoff & Henne;EB80/120S
LiuGong;414
LiuGong;418
LiuGong;4180
LiuGong;4215-6WD
LiuGong;4230
LiuGong;425-4WD
LiuGong;425-6WD
LiuGong;Автогрейдеры
LiuGong;Бетононасос
LiuGong;Катки
Lonking;CDM514
Lonking;CDM520
Lutong;LTC3PB
Mack;Автобетононасос
Mack;Автобетоносмеситель
Madrog;KD3D
Magirus;260
MAN;30.320
MAN;32.314
MAN;32.364
MAN;40.390
MAN;41.390
MAN;41.400
MAN;41.480
MAN;Автобетоносмесители
Marini;MF571
Marini;МF331 HD
Massenza;Автогудронатор
Maximus;516
Maximus;522
McCloskey;J44
McCloskey;S130
MDT (Mc DRILL TECHNOLOGY);MDT 640GM
Mecbo;CAR P4.65
Mecbo;P6.90
Mercedes-Benz;Автобетононасос
Mercedes-Benz;Автобетоносмеситель
Merlo;DBM 3500
Metso Minerals;LT
Mitsuber;MG215R Groningen
Mitsuber;MRG14 Oldenburg
Mitsubishi;MF61D
Moelven;MK694
Morooka;MJ-75
Morooka;MST-1500
Morooka;MST-2200
Morooka;MST-800
Morooka;PC-065B
Nigata;NF40C
Nissan;Mixer
Nissan;Автобетононасос
Nordberg;LT80
Normet;Utimec MF 500 Transmixer
O&K;F105
O&K;F106
Orteco;Копровые машины
Peiner (Rokra);MK-110
Peterbilt;Mixer
Piccini;Scout
Potain;Башенный кран
Probst;VM 203
Putzmeister;BRF 32.12
Putzmeister;BRF 44
Putzmeister;BSA
Putzmeister;M 22
Putzmeister;M 36
Putzmeister;M 42
Putzmeister;M 43
Putzmeister;Mixokret
Rammax;RW 1503
Rammax;RW 2000
Rammax;RW 2900
Reimer;R10
Renault;Автобетоносмесители
Resta;OH2
Ricomag;BW 76
Roadtec;SB2500
Rubble Master;Дробильные установки
Sakai;PT310
Sakai;Вибрационные катки
Sakai;Фрезы дорожные
Sandvik;DC 120
Sandvik;QA 330
Sandvik;QA 331
Sandvik;QA 450
Sandvik;QH 331
Sandvik;QH 440
Sandvik;QJ 240
Sandvik;QJ 241
Sandvik;QJ 330
Sandvik;QJ 341
Sandvik;Titon 500
Sany;SCC 1500
Sany;SCC 800 C
Sany;SR 220 C
Sany;SRC1200
Sany;SRC300
Sany;SRC400
Sany;SRC600
Sany;SRC750
Sany;SRC900
Scania;P-Series
Scania;P380
Scania;P400
Scania;Класс R
Scania;Класс С
Schwing;Автобетононасос
Schwing;Бетононасосы
SCM;C6015
SDLG;Автогрейдер
SDLG;Карьерный самосвал
SDLG;Однобарабанный каток
Secmair;Chipsealer 41
SEM;510
SEM;512
SEM;518
SEM;520
SEM;522
SEM;915
SEM;917
SEM;919
SEM;922
Sennebogen;Гусеничные краны
Sermac;4Z36
Sermac;5Z42
Shacman (Shaanxi);F2000
Shacman (Shaanxi);F3000
Shacman (Shaanxi);SX5256GJBDR384
Shantui;SR-13
Shantui;SR-16
Shantui;SR-18
Sinotruk Hania (Howo);6x4
Soilmec;CM-Series
Soilmec;SF-Series
Soilmec;SR-Series
Somero;S-940
Soosan;STD11
Starke;LH
Straightline;2462 DL
Strassmayr;Заливщик швов
Sumitomo;Асфальтоукладчики
Sumitomo;Сваебойные установки
Sunward;SWDE 165
Sunward;ZYJ240
Sunward;ZYJ260
Sunward;ZYJ360
Tadano;GR-750
Tadano;TR-100
Tadano;TR-160
Tadano;TR-250
Tadano;TR-350
TaiShan;DGY90
Tamrock;Ranger 700
Tatra;Tatra
Terex;RT
Terex;Автогрейдеры
Terex;Башенные краны
Terex;Дробильная техника
Terex;Катки
Terex;Самосвал
Terex;Сортировочная техника
Terex;Шарнирно-сочленённые самосвалы
Tesab;1012TS
Tesab;10570
Tesab;1200TC
Tesab;3600TS
Tesmec;TSR
Tiangong;Автогрейдеры
Tigarbo;Автобетоносмесители
TopTec;1850
Universal HDD;UNI 60x70
Vermeer;100x120 Series II
Vermeer;D16x20
Vermeer;D24x40A
Vermeer;D50x100а
Vermeer;D7x11
Vermeer;Navigator
Vermeer;V8550
Vibromax;Дорожные катки
Vogele;Super
Volvo;DD16
Volvo;DD95
Volvo;FL10
Volvo;PL4608
Volvo;SD
Volvo;Автобетоносмесители
Volvo;Автогрейдеры
Volvo;Асфальтоукладчики
Volvo;Самосвалы сочлененные
Wacker Neuson;6001
Wacker Neuson;DT25
Wacker Neuson;RD
Weber;SF 415
Wirtgen;1000
Wirtgen;2000
Wirtgen;2100
Wirtgen;ISF850
Wirtgen;SP850
Wirtgen;TCM950
Wirtgen;W100
Wirtgen;W1000
Wirtgen;W120
Wirtgen;W130
Wirtgen;W150
Wirtgen;W1500
Wirtgen;W1900
Wirtgen;W200
Wirtgen;W210
Wirtgen;W220
Wirtgen;W50
Wirtgen;W500
Wirtgen;W60
Wirtgen;WR240
XCMG;GR165
XCMG;GR180
XCMG;GR215
XCMG;RP
XCMG;RT100
XCMG;RT120E
XCMG;RT150
XCMG;RT200E
XCMG;RT25
XCMG;RT35
XCMG;RT40E
XCMG;RT50A
XCMG;RT55E
XCMG;RT60A
XCMG;RT70E
XCMG;RT80
XCMG;RT90E
XCMG;XCR70_S
XCMG;XD102
XCMG;XD82
XCMG;XGC100
XCMG;XGC130
XCMG;XGC150
XCMG;XGC16000
XCMG;XGC180
XCMG;XGC260
XCMG;XGC300
XCMG;XGC400
XCMG;XGC500
XCMG;XGC55
XCMG;XGC650
XCMG;XGC75
XCMG;XGC800
XCMG;XGC85
XCMG;XM
XCMG;XMR303
XCMG;XMR403
XCMG;XR
XCMG;XS123
XCMG;XS142
XCMG;XS143
XCMG;XS143J
XCMG;XS163
XCMG;XS183
XCMG;XS203
XCMG;XZ
XCMG;YZ
XGMA;Автогрейдеры
XGMA;Катки
Yanmar;C30
Yutong;YT3621
Zemag;RDK-400
Zoomlion;RT100
Zoomlion;RT35
Zoomlion;RT55
Zoomlion;RT75
Zoomlion;ZCC100H
Zoomlion;ZCC800H
Zoomlion;ZRT300
Zoomlion;ZRT600
Zoomlion;ZRT850
Zoomlion;Автобетононасосы
Zoomlion;Автобетоносмесители
Zoomlion;Автогрейдеры
Zoomlion;Буровые установки
АКМТ Коминвест;ЭД-135
Амкодор;25
Амкодор;6622
Амкодор;6712
Асф-К;Асф-К-2-04
Асф-К;Асф-К-3-02
Башенные краны;Jaso
Башенные краны;QTZ-125
Башенные краны;QTZ-160
Башенные краны;QTZ-80
Башенные краны;КБ 403
Башенные краны;КБ-100
Башенные краны;КБ-308
Башенные краны;КБ-309
Башенные краны;КБ-401
Башенные краны;КБ-404
Башенные краны;КБ-405
Башенные краны;КБ-408
Башенные краны;КБ-473
Башенные краны;КБ-474
Башенные краны;КБ-503
Башенные краны;КБ-515
БашСтрой;КоГ-12
БЕЛАЗ;7547
БЕЛАЗ;7548
БЕЛАЗ;7555
БЕЛАЗ;7557
БЕЛАЗ;7558
БЕЛАЗ;79202
Бецема;БЦМ
БЗКТ;6909
БКСМ;5-5
БКСМ;7-5
БРМЗ;ТБГ-90
Брянский арсенал;ГС-10.01
Брянский арсенал;ГС-14.02
Брянский арсенал;ГС-25.09
ВИПО;БКМ 6.600
ГАЗ;3308
ГАЗ;Валдай
ГАЗ;ГАЗ-66
Галичанин;КС-55713
Галичанин;КС-55729
Галичанин;КС-59713-14Т
ГЕММАШ;МБУ-5
ГЕММАШ;УБМ-250
Геомаш;БКМ-350
Геомаш;ЛБУ-50
Геомаш;УГБ-786-200
Горизонталь;МГБ-50П
ГС;ГС-10.01
ГС;ГС-14.02
ГС;ГС-14.03
ГС;ГС-18.05
ГС;ДЗ-98
ДЗ;ДЗ-122
ДЗ;ДЗ-143
ДЗ;ДЗ-180
ДЗ;ДЗ-98В
Дизель-Ремонт;АСТ-4
Дизель-ТС;Дизель-ТС
Дормаш;Автогрейдеры
Дормаш;ДМ-10
Дормашина;DM-006
Дормашина;DM-02-VD
Дормашина;DM-03-VC
Дормашина;DM-03-VD
Дормашина;DM-07-VC
Дормашина;DM-07-VD
Дормашина;DM-10-VC
Дормашина;DM-10-VD
Дормашина;DM-13-SD
Дормашина;DM-13-SP
Дормашина;DM-13-VC
Дормашина;DM-13-VD
Дормашина;DM-14.0
Дормашина;DM-14.1
Дормашина;DM-58
Дормашина;DM-614
Дормашина;DM-617
Дормашина;DM-62
Дормашина;DM-63
Дормашина;DM-65
Дормашина;DM-7.5-VD
Дормашина;DM-7.7-VC
Дормашина;DM-7.7-VD
Дормашина;ДС-169
Дорэлектромаш;ДЭМ
Другие;Неизвестна (строительные)
ДСТ-Урал;ТГ-20.32
Евромаш;ЕМ-400
ЗДС;АГ-К
ЗДС;АГ-КА
ЗДС;АГ-КС
ЗДС;АГ-П
ЗДС;АГ-Ш
ЗДС;ЗШ-П
ЗДС;ЗШ-ПА
ЗИЛ;Автогудронаторы
ЗИЛ;Бетоновоз
ЗИЛ;БКМА-1,0/3,5
ЗИЛ;Буровые установки
ЗИЛ;СКБМ-1
ЗИФ;ПВ-10/1.0
ЗИФ;ПВ-5М
ЗИФ;ПВ-6/0.7
ЗИФ;СВЭ-6.3/0.7
Ивановец;КС-35714
Ивановец;КС-35715
Ивановец;КС-45717
Ивановец;КС-55717
Ивэнергомаш;БКМ
Ирмаш;Асфальтоукладчики
КамАЗ;43253
КамАЗ;Aвтобетононасос
КамАЗ;Автобетоносмеситель
КамАЗ;Буровая установка
КамАЗ;Цементировочный агрегат
Кировец;К-703
Клинцы;КС-45719
КрАЗ;250
КрАЗ;6124
КрАЗ;7133
КрАЗ;ЦА-320
КРАЯН;КС-5363
Курган Дормаш;ДС
Магистраль-С;Вальцевые дорожные катки
МАЗ;Автобетононасос
МАЗ;Бетоносмеситель
МАЗ;Буровые установки
МАЗ;Путепрокладчик ПКТ
МКГ;МГК 25
МКГС;МКГС-100
МоАЗ;Самоходные скреперы
Могилевский завод Строммашина;КБМ-401П
МТЗ;Бурильно-крановые машины
ОЗБТ;УКБ-12/25
ОЗБТ;УКБ-12/25-02 "Помбур"
ОЗБТ;УРБ-2А2
ОЗБТ;УРБ-2А2Д
ОЗБТ;УРБ-2Д3
ОЗБТ;УРБ-2НТ
ОЗБТ;УРБ-4Т
Партнер;SV-60
Партнер;US-60
Партнер;УРБ-74
Предприятие Дорожник;МРД-5
ПТК;К-702МА-ПК-6
ПТК;К-702МБА-БКУ
ПТК;К-702МВА-УДМ-2
ПТК;К-703МА-АС-4
ПТК;К-703МА-БК
ПТК;К-703МА-ДМ-15
ПТК;К-703МА-ОС
ПТК;К-703МА-УДМ-1
Раменский механический завод;СКГ-40
Раменский механический завод;СКГ-505
РаМЗ;ДС-191
Раскат;RC-13 DD
Раскат;RC-24 SS
Раскат;RV-1,5 DD
Раскат;RV-11 DD
Раскат;RV-13 DT
Раскат;RV-15 DT
Раскат;RV-2,0 DD
Раскат;RV-2,4 DD
Раскат;RV-3.5 DD
Раскат;RV-7 DD
Раскат;RV-9,0 DD
Раскат;ДУ-100
Раскат;ДУ-111
Раскат;ДУ-47
Раскат;ДУ-48
Раскат;ДУ-54
Раскат;ДУ-62
Раскат;ДУ-63
Раскат;ДУ-65
Раскат;ДУ-82
Раскат;ДУ-84
Раскат;ДУ-85
Раскат;ДУ-93
Раскат;ДУ-94
Раскат;ДУ-96
Раскат;ДУ-97
Раскат;ДУ-98
Раскат;ДУ-99
Раскат;РЭМ-25
Раскат;РЭМ-32
Раскат;РЭМ-38
Раскат;РЭМ-45
Раскат;РЭМ-52
РДК;РДК 250-2
РДК;РДК 250-3
РДК;РДК-160
РСМ (Русские Строительные Машины);МКУ-1300 Титан
РСМ (Русские Строительные Машины);Сваяк МКУ-900
САСТА;Дорожные катки
СБТ;УБГ-Л-15 Журавль
СБТ;УБГ-С Беркут
СвайМастер;5000
СвайМастер;5000 Max
СвайМастер;7000
СКГ;СКГ 40/63
СКГ;СКГ 63/100
СКГ;СКГ 631
СпецДорМаш;СДМ-25
Спецстроймаш;Грейдеры
Спецстроймаш;Сварочные агрегаты
Стройдормаш;Бурильно-крановые машины
Стройдормаш;Бурильно-сваебойные машины
Стройдормаш;Бурильно-шнековые машины
Стройдормаш;Виброкатки
Стройдормаш;УРБ-2М
Стройматик;СГК-200
Стройматик;СГК-400
Стройматик;ТУРБО-1100
Стройматик;ТУРБО-1400
Стройматик;ТУРБО-1800
Строймаш;Башенный кран
Строймаш;Сваебойная установка
Строймаш-Центр;ПКСД
Тайзер;СВУ
Техстроймаш;ТСМ
ТЗА;58145
ТЗА;58146
ТЗА;58147A
ТЗА;58149
УГБ;УГБ 50М
УГБ;УГБ-1ВС
Урал;Автобетоносмеситель
Урал;Бурильно-сваебойная машина
Урал;Кабелеукладчик
Урал;Компрессорная станция
Урал;Плетевоз
Урал;Цементировочный агрегат
Уралвагонзавод;ГТ-Т
Уралвагонзавод;МГГ-529
Уралспецбурмаш;Буровые установки
УралСпецТранс;АДПМ
ХТЗ;Т-155
Челпром;Трубоукладчики
Челябинец;ДЭК-251
Челябинец;ДЭК-321
Челябинец;ДЭК-401
ЧЕТРА;ТГ122
ЧЕТРА;ТГ301
ЧЕТРА;ТГ503
ЧКЗ;МКГ-25
ЧКЗ;МКГ-40
ЧМЗ;ДЭК
ЧСДМ;Автогрейдеры
ЧТЗ;БТМ
ЧТЗ;КВГ-1
ЧТЗ;КВГ-2
ЧТЗ;СП-49
ЧТЗ;ТР
Юргинец;КС-4361
Юргинец;КС-4372
Юргинец;КС-4871
Юргинец;КС-5871
Ясиноватский Машиностроительный Завод;КСП-35