{
 "id": "agricultural",
 "name": "Сельскохозяйственный",
 "group": "commercial",
 "list": {
  "Agromehanika": [
   "AGT 850"
  ],
  "Agrostroj": [
   "TZ-4K"
  ],
  "Ahwi": [
   "RT"
  ],
  "Amazone": [
   "Citan",
   "D9",
   "DMC",
   "EDX",
   "UG",
   "UX 11200"
  ],
  "Bagram": [
   "B/6"
  ],
  "Bourgault": [
   "4100",
   "6000",
   "7200"
  ],
  "Brait": [
   "135",
   "135DAE",
   "135DEB",
   "135GB",
   "135GC",
   "135GD",
   "BR-75",
   "BR-80"
  ],
  "Branson": [
   "1905H",
   "K78",
   "Серия 00",
   "Серия 25C",
   "Серия 25R",
   "Серия F"
  ],
  "Buhler": [
   "Versatile 2375",
   "Versatile 305",
   "Versatile 535"
  ],
  "Caiman": [
   "Eco Max 50SC2",
   "Eco Max 60SC2",
   "Mokko 40C2",
   "Nano 40K",
   "Neo 50SC3",
   "Neo 60HC3",
   "Quatro Max 60S",
   "Quatro Max 70S",
   "Terro 50SC2",
   "Trio 70C3",
   "Turbo 1000",
   "Vario 55H",
   "Vario 60H",
   "Vario 60S",
   "Vario 70S"
  ],
  "Carver": [
   "MT-650",
   "MT-900",
   "MTL-650"
  ],
  "Case IH": [
   "Axial-Flow",
   "Farmall",
   "Magnum",
   "Puma",
   "Steiger"
  ],
  "Caterpillar": [
   "320GC",
   "525",
   "Challenger"
  ],
  "Catmann": [
   "demo"
  ],
  "Challenger": [
   "demo"
  ],
  "Chery": [
   "demo"
  ],
  "Claas": [
   "demo"
  ],
  "Craftsman": [
   "demo"
  ],
  "Crosser": [
   "demo"
  ],
  "Deutz-Fahr": [
   "demo"
  ],
  "DongFeng": [
   "demo"
  ],
  "ECHO": [
   "demo"
  ],
  "Energreen": [
   "demo"
  ],
  "Fecon": [
   "demo"
  ],
  "Fendt": [
   "demo"
  ]
 }
}