{
 "id": "artic",
 "name": "Седельный тягач",
 "group": "commercial",
 "list": {
  "Almatruck": [
   "SM321"
  ],
  "Beiben (North Benz)": [
   "ND4250"
  ],
  "CAMC": [
   "4x2",
   "6x4"
  ],
  "Daewoo": [
   "Novus",
   "Prima"
  ],
  "DAF": [
   "95",
   "95XF",
   "CF-series",
   "XF",
   "XF105"
  ],
  "Dayun": [
   "CGC4253"
  ],
  "DongFeng": [
   "DFL-series",
   "EQ4252"
  ],
  "ERF (MAN Truck)": [
   "E-Series"
  ],
  "FAW": [
   "J6 CA4180",
   "J6 CA4250"
  ],
  "Ford": [
   "Cargo",
   "F-Max",
   "L-Series"
  ],
  "Foton": [
   "Auman BJ425x",
   "Auman EST A",
   "Auman H5"
  ],
  "Freightliner": [
   "Argosy",
   "Cascadia",
   "Century Class",
   "Columbia",
   "Coronado",
   "FLA/FLB",
   "FLC",
   "FLD"
  ],
  "Fuso (Mitsubishi)": [
   "Super Great"
  ],
  "Hino": [
   "demo"
  ],
  "Howo": [
   "demo"
  ],
  "Hyundai": [
   "demo"
  ],
  "International": [
   "demo"
  ],
  "Isuzu": [
   "demo"
  ],
  "IVECO": [
   "demo"
  ],
  "IVECO-Ling Ye": [
   "demo"
  ],
  "Iveco-АМТ": [
   "demo"
  ],
  "JAC": [
   "demo"
  ],
  "Kalmar": [
   "demo"
  ],
  "Kenworth": [
   "demo"
  ],
  "Mack": [
   "demo"
  ]
 }
}