{
 "id": "atv",
 "name": "Мотовездеход",
 "group": "moto",
 "list": {
  "ABM": [
   "Apache 150",
   "Apache 200",
   "Apache 400",
   "ATV-100",
   "ATV-150",
   "ATV-90",
   "Ninja",
   "Scorpion 110",
   "Scorpion 125",
   "Scorpion 150",
   "Scorpion 250",
   "UTV 500"
  ],
  "Access": [
   "AX 700U 4x4 EFI",
   "BEAR 400 4x4",
   "SP 300 S",
   "SP 400 S EFI",
   "SP 450 SM"
  ],
  "Adly": [
   "150U",
   "220U",
   "300 Sport",
   "320S",
   "320U",
   "50",
   "500S",
   "600U",
   "Hurricane 500S",
   "MK 320"
  ],
  "Aeon": [
   "Cobra 100",
   "Cobra 220",
   "Cobra 320",
   "Cobra 350",
   "Cobra 50",
   "Crossland 300",
   "Crossland 350",
   "SXS Cube 350 4WD"
  ],
  "Agro": [
   "8x8 750 HDi"
  ],
  "AIE Motor": [
   "4cross",
   "MagMax"
  ],
  "Applestone": [
   "APU",
   "UTV"
  ],
  "Arctic Cat": [
   "1000 Series",
   "150 Series",
   "300 Series",
   "400 Series",
   "450 Series",
   "500 Series",
   "550 Series",
   "650 Series",
   "700 Series",
   "Prowler",
   "Wildcat"
  ],
  "Argo": [
   "Avenger",
   "Bigfoot",
   "Centaur",
   "Conquest",
   "Frontier",
   "Response",
   "Vanguard"
  ],
  "ArmadA": [
   "ATV 110",
   "ATV 150",
   "ATV 150C",
   "ATV 200",
   "ATV 250",
   "ATV 250C",
   "ATV 300A",
   "ATV 50",
   "ATV 700",
   "PRO",
   "YACOTA 50",
   "YACOTA KIDS 7",
   "YACOTA KIDS 8",
   "YACOTA KIDS LUX 8"
  ],
  "ASA": [
   "ATV110E",
   "ATV150E",
   "ATV250S",
   "ATV300A",
   "ATV50A",
   "ATV70A",
   "ATV750",
   "ATV90A",
   "Go Cart"
  ],
  "Avantis": [
   "Classic 200",
   "Classic 6",
   "Classic 7",
   "Classic 8",
   "Classic 800W",
   "Classic Mini",
   "Forester",
   "H4 Mini",
   "Hunter 150",
   "Hunter 200",
   "Hunter 250",
   "Hunter 7",
   "Hunter 8",
   "Hunter Junior",
   "Mirage 7",
   "Mirage 8",
   "Neo",
   "Patriot 8",
   "Pilot",
   "Piton",
   "Racer",
   "Scorpion",
   "Termit"
  ],
  "Bajaj": [
   "Quto"
  ],
  "Baltmotors": [
   "demo"
  ],
  "BamX": [
   "demo"
  ],
  "BASHAN": [
   "demo"
  ],
  "Bison": [
   "demo"
  ],
  "BMGK": [
   "demo"
  ],
  "Bonai": [
   "demo"
  ],
  "Bourgets Bike Works": [
   "demo"
  ],
  "BRP": [
   "demo"
  ],
  "BSE": [
   "demo"
  ],
  "Bugfaster": [
   "demo"
  ],
  "Buggy Jump": [
   "demo"
  ],
  "Bull": [
   "demo"
  ]
 }
}