{
 "id": "autoloader",
 "name": "Автопогрузчик",
 "group": "commercial",
 "list": {
  "Akkord": [
   "S200"
  ],
  "Alift": [
   "A4W"
  ],
  "Amur": [
   "DK620",
   "DK630",
   "DK630M",
   "RK620",
   "RK630"
  ],
  "ASV": [
   "RC-85"
  ],
  "Atlet": [
   "AJN160",
   "EF-16",
   "ET-20L",
   "ZL300F"
  ],
  "Attack": [
   "1130",
   "1230"
  ],
  "Ausa": [
   "T"
  ],
  "Avant": [
   "216",
   "220",
   "420",
   "500",
   "600"
  ],
  "Balkancar": [
   "Багги",
   "БВ",
   "ДВ",
   "ЕВ",
   "ЕП",
   "ЕТ",
   "Оптимал",
   "Рекорд 1",
   "Рекорд 2",
   "Рекорд 3"
  ],
  "Baoli": [
   "CPCD",
   "CPD"
  ],
  "Baumann": [
   "DFQ 50LL"
  ],
  "Bizon": [
   "920",
   "930",
   "930G"
  ],
  "Bobcat": [
   "463",
   "533",
   "553",
   "643",
   "753",
   "763",
   "773",
   "853",
   "873",
   "A300",
   "A770",
   "S100",
   "S130",
   "S150",
   "S160",
   "S175/H",
   "S18",
   "S185/H",
   "S205",
   "S220",
   "S250/H",
   "S300/H",
   "S450",
   "S510",
   "S530",
   "S570",
   "S590",
   "S630",
   "S650",
   "S70",
   "S770",
   "S850",
   "T140",
   "T190",
   "T2250",
   "T250",
   "T300",
   "T3571",
   "T40140",
   "T40170",
   "T590",
   "T650",
   "T770",
   "TL360",
   "TL470"
  ],
  "Boulder": [
   "demo"
  ],
  "Brenner": [
   "demo"
  ],
  "Bront": [
   "demo"
  ],
  "BT Cargo": [
   "demo"
  ],
  "Bull": [
   "demo"
  ],
  "Bulmor": [
   "demo"
  ],
  "Case": [
   "demo"
  ],
  "CastLoaders": [
   "demo"
  ],
  "Caterpillar": [
   "demo"
  ],
  "Cathefeng": [
   "demo"
  ],
  "Cayman": [
   "demo"
  ],
  "Champ": [
   "demo"
  ]
 }
}