{
 "id": "bulldozers",
 "name": "Бульдозер",
 "group": "commercial",
 "list": {
  "Beezone": [
   "D16"
  ],
  "Case": [
   "1150 (K-серия)",
   "1650 (K-серия)",
   "1650 (M-серия)",
   "1850 (К-серия)",
   "2050 (M-серия)"
  ],
  "Caterpillar": [
   "D10",
   "D11",
   "D3",
   "D4",
   "D5",
   "D6",
   "D7",
   "D8",
   "D9"
  ],
  "Cathefeng": [
   "D6R2"
  ],
  "Dressta": [
   "TD"
  ],
  "Fiat-Hitachi": [
   "FD"
  ],
  "Furukawa": [
   "CD5B"
  ],
  "HBXG": [
   "T165-2",
   "TY165-2"
  ],
  "Hitachi": [
   "DX45"
  ],
  "John Deere": [
   "1050J",
   "1050K",
   "700J",
   "750J",
   "850J",
   "850J2"
  ],
  "Komatsu": [
   "D105",
   "D155",
   "D20",
   "D275",
   "D31S",
   "D355",
   "D37",
   "D375",
   "D39",
   "D41",
   "D475",
   "D50",
   "D51",
   "D53",
   "D61",
   "D63",
   "D65",
   "D85"
  ],
  "Liebherr": [
   "PR 714",
   "PR 722",
   "PR 724",
   "PR 732",
   "PR 734 L Litronic",
   "PR 742",
   "PR 744",
   "PR 752 Litronic",
   "PR 764 Litronic"
  ],
  "LiuGong": [
   "CLGB 160",
   "CLGB 230",
   "CLGB 320"
  ],
  "Massey Ferguson": [
   "demo"
  ],
  "Mitsubishi": [
   "demo"
  ],
  "New Holland": [
   "demo"
  ],
  "Pengpu": [
   "demo"
  ],
  "SEM": [
   "demo"
  ],
  "Shantui": [
   "demo"
  ],
  "Shehwa": [
   "demo"
  ],
  "XCMG": [
   "demo"
  ],
  "XGMA": [
   "demo"
  ],
  "Xiagong": [
   "demo"
  ],
  "Yanmar": [
   "demo"
  ],
  "Zoomlion": [
   "demo"
  ]
 }
}