{
 "id": "bus",
 "name": "Автобус",
 "group": "commercial",
 "list": {
  "AEC": [
   "Routemaster"
  ],
  "Ajokki": [
   "Sisu",
   "КамАЗ-53213"
  ],
  "ANKAI": [
   "A9",
   "GK15",
   "GK39",
   "K32",
   "K46",
   "K55",
   "K57",
   "K59"
  ],
  "Asia": [
   "Combi",
   "Cosmos",
   "Granbird"
  ],
  "Autosan": [
   "A0808T Gemini",
   "A0909L",
   "A10-12T Lider",
   "A1010M",
   "A1010T Lider",
   "A1112T Ramzes",
   "Eurolider",
   "H7-10",
   "Sancity",
   "Wetlina City"
  ],
  "Ayats": [
   "Atlantis",
   "Atlas 2",
   "Bravo 1 City",
   "Bravo 1 R",
   "Bravo 2",
   "Platinum"
  ],
  "BAW": [
   "Express",
   "Street"
  ],
  "Blue Bird": [
   "CSRE/CSFE"
  ],
  "Bova": [
   "Europa",
   "Futura",
   "Magiq"
  ],
  "Bristol": [
   "Lodekka"
  ],
  "Citroen": [
   "Jumper"
  ],
  "Cobus": [
   "2700"
  ],
  "Daewoo": [
   "BH-090",
   "BH-115",
   "BH-116",
   "BH-117",
   "BH-120",
   "BM",
   "BS-106",
   "BX-212",
   "FX 116",
   "Lestar"
  ],
  "DAF": [
   "demo"
  ],
  "Dethleffs": [
   "demo"
  ],
  "DongFeng": [
   "demo"
  ],
  "FAW": [
   "demo"
  ],
  "Feniksbus": [
   "demo"
  ],
  "Fiat Professional": [
   "demo"
  ],
  "Fleetwood RV": [
   "demo"
  ],
  "Ford": [
   "demo"
  ],
  "Foton": [
   "demo"
  ],
  "Foxbus": [
   "demo"
  ],
  "Freightliner": [
   "demo"
  ],
  "Fuso (Mitsubishi)": [
   "demo"
  ]
 }
}