{
 "id": "construction",
 "name": "Строительная",
 "group": "commercial",
 "list": {
  "ABG": [
   "Alpha",
   "PT",
   "Puma",
   "Titan"
  ],
  "Aichi": [
   "Автобуровые вышки"
  ],
  "Ammann": [
   "AC",
   "AFW",
   "AP",
   "AR",
   "ARX",
   "ASC",
   "AV"
  ],
  "Asia": [
   "AM518"
  ],
  "ASTRA": [
   "HD8"
  ],
  "Atlas": [
   "AW1120"
  ],
  "Atlas Copco": [
   "Буровые установки",
   "Компрессоры"
  ],
  "Atmos": [
   "PDP 15",
   "PDP 35"
  ],
  "Banut": [
   "Бурильно-сваебойные машины"
  ],
  "Bauer": [
   "Буровые установки"
  ],
  "Baukema": [
   "S"
  ],
  "BBURG": [
   "HD1300"
  ],
  "Bell": [
   "D-Series"
  ],
  "Blaw-Knox": [
   "demo"
  ],
  "BMS": [
   "demo"
  ],
  "Bomag": [
   "demo"
  ],
  "Borum": [
   "demo"
  ],
  "Breining": [
   "demo"
  ],
  "Brinkmann": [
   "demo"
  ],
  "Brokk": [
   "demo"
  ],
  "Bunker": [
   "demo"
  ],
  "CAMC": [
   "demo"
  ],
  "Cardwell": [
   "demo"
  ],
  "Carmix": [
   "demo"
  ],
  "Casagrande": [
   "demo"
  ]
 }
}