{
 "id": "crane",
 "name": "Автокран",
 "group": "commercial",
 "list": {
  "Altec": [
   "AC26",
   "DM47"
  ],
  "Bison": [
   "Автовышки"
  ],
  "CKD": [
   "AD - Series"
  ],
  "Demag": [
   "AC100",
   "AC155",
   "AC25",
   "AC40",
   "AC60"
  ],
  "Fablok": [
   "DST"
  ],
  "Faun": [
   "HK",
   "RTF"
  ],
  "Ford": [
   "КС"
  ],
  "Fuso (Mitsubishi)": [
   "Canter",
   "Super Great"
  ],
  "Grove": [
   "GBT",
   "GMK",
   "RT",
   "TMS"
  ],
  "Hidrokon": [
   "НК165L6+L5"
  ],
  "Hino": [
   "Автокран"
  ],
  "Hydros": [
   "T"
  ],
  "Isuzu": [
   "Автокран"
  ],
  "IVECO": [
   "demo"
  ],
  "KATO": [
   "demo"
  ],
  "KOBELCO": [
   "demo"
  ],
  "Komatsu": [
   "demo"
  ],
  "Krupp": [
   "demo"
  ],
  "Liebherr": [
   "demo"
  ],
  "Locatelli": [
   "demo"
  ],
  "Lokomo": [
   "demo"
  ],
  "Marchetti": [
   "demo"
  ],
  "Mazda": [
   "demo"
  ],
  "Metalna": [
   "demo"
  ],
  "Nissan": [
   "demo"
  ]
 }
}