{
 "id": "dredge",
 "name": "Экскаватор",
 "group": "commercial",
 "list": {
  "A LEX": [
   "1E"
  ],
  "Ahlmann": [
   "AF",
   "AS"
  ],
  "Airman": [
   "AX40UR-2C"
  ],
  "Akerman": [
   "H16D",
   "Колесные"
  ],
  "Atlas": [
   "Гусенечные",
   "Колёсные"
  ],
  "Atlas Copco": [
   "240LC"
  ],
  "Avant": [
   "500 серия"
  ],
  "Bobcat": [
   "B730",
   "B780",
   "Гусеничные"
  ],
  "Bonny": [
   "CE1000-7",
   "CE1250-7",
   "CE400-7",
   "CE420-7",
   "CE460-7",
   "CE750-7"
  ],
  "Boulder": [
   "BL30-25",
   "EX10",
   "EX22"
  ],
  "Case": [
   "Гусеничный",
   "Колесные",
   "Мини-экскаваторы",
   "Экскаваторы-погрузчики"
  ],
  "Caterpillar": [
   "303C CR",
   "303SR",
   "312",
   "318",
   "319",
   "320",
   "320D",
   "320GC",
   "323D",
   "324DL",
   "325",
   "330",
   "330D2 L",
   "336D",
   "340D",
   "349D2L",
   "349DLME",
   "350L",
   "422E",
   "422F2",
   "426F2",
   "428",
   "428C",
   "428E",
   "428F2",
   "432E",
   "432F2",
   "434E",
   "434F",
   "434F2",
   "444F2",
   "M313",
   "M315",
   "M316",
   "M322",
   "Гусеничные",
   "Колёсные",
   "Экскаваторы-погрузчики"
  ],
  "Cathefeng": [
   "08-7A",
   "18-6L",
   "22-9B",
   "306E2",
   "307E2",
   "313D2GC",
   "336D2",
   "35-9L",
   "70-9B",
   "85-9L",
   "90-9LS",
   "EX220-8",
   "M320D2",
   "PC210-8",
   "PC220-8",
   "PC240-8",
   "PC360-8",
   "PC450-8"
  ],
  "Changlin": [
   "demo"
  ],
  "Cukurova": [
   "demo"
  ],
  "Daewoo": [
   "demo"
  ],
  "Doosan": [
   "demo"
  ],
  "Eurocomach": [
   "demo"
  ],
  "Fermec": [
   "demo"
  ],
  "Fiat Kobelco": [
   "demo"
  ],
  "Fiat-Hitachi": [
   "demo"
  ],
  "Forway": [
   "demo"
  ],
  "Furukawa": [
   "demo"
  ],
  "Gallmac": [
   "demo"
  ],
  "Gehl": [
   "demo"
  ]
 }
}