{
 "id": "lcv",
 "name": "Легкий коммерческий",
 "group": "commercial",
 "list": {
  "ASHOK LEYLAND": [
   "Partner"
  ],
  "Asia": [
   "Towner"
  ],
  "Askam (DeSoto)": [
   "AS250"
  ],
  "Bajaj": [
   "Maxima"
  ],
  "Barkas": [
   "B1000"
  ],
  "BAW": [
   "Fenix 1044",
   "Fenix 1065",
   "Fenix 3346",
   "Tonik"
  ],
  "Bedford": [
   "CF"
  ],
  "BMC": [
   "Levend",
   "Megastar"
  ],
  "Bremach": [
   "T-Rex"
  ],
  "Cadillac": [
   "Commercial Chassis"
  ],
  "Carthago": [
   "Chic S-Plus"
  ],
  "Changan": [
   "SC1021/1022",
   "SC1030/1040"
  ],
  "Chevrolet": [
   "3000-Series",
   "Express",
   "HHR",
   "Silverado"
  ],
  "Citroen": [
   "demo"
  ],
  "Dacia": [
   "demo"
  ],
  "Daewoo": [
   "demo"
  ],
  "DAF": [
   "demo"
  ],
  "Daihatsu": [
   "demo"
  ],
  "DFSK": [
   "demo"
  ],
  "Dodge": [
   "demo"
  ],
  "DongFeng": [
   "demo"
  ],
  "FAW": [
   "demo"
  ],
  "Fiat Professional": [
   "demo"
  ],
  "Ford": [
   "demo"
  ],
  "Foton": [
   "demo"
  ]
 }
}