{
 "id": "motorcycle",
 "name": "Мотоцикл",
 "group": "moto",
 "list": {
  "ABM": [
   "Alpha 110",
   "Alpha 50",
   "FX 200",
   "GX 250",
   "Helper 250",
   "Jazz 125",
   "MSX 125",
   "Pegas 200",
   "Phantom 125",
   "Raptor 140",
   "Raptor 200",
   "Raptor 250",
   "Raptor 50",
   "Road Star 250",
   "RX 200",
   "SX 250",
   "ZR 200",
   "ZR 250"
  ],
  "Aermacchi": [
   "350 TV",
   "Ala Azzurra",
   "Ala Bianca",
   "Ala D Oro",
   "Ala Verde",
   "Chimera",
   "Wisconsin"
  ],
  "AJP": [
   "PR3",
   "PR4",
   "PR5",
   "PR7"
  ],
  "AJS": [
   "7R",
   "Cadwell",
   "JSM",
   "Model 18",
   "Model 20",
   "Model 31",
   "Porcupine",
   "TN12",
   "TN25"
  ],
  "Alfer": [
   "TX 300",
   "VR 2000",
   "VR 250"
  ],
  "Amazonas": [
   "1600"
  ],
  "American Eagle": [
   "Falcon MS Cruiser",
   "Raptor",
   "Raven",
   "Street Fighter"
  ],
  "American IronHorse": [
   "Tejas",
   "Texas Chopper"
  ],
  "Apollo": [
   "Elite",
   "Freeride",
   "Junior",
   "Mini",
   "Open",
   "Start"
  ],
  "Aprilia": [
   "AF1 125",
   "AF1 50",
   "Blue Marlin 1000",
   "Classic 125",
   "Classic 50",
   "Dorsoduro 1200",
   "Dorsoduro 750",
   "Dorsoduro 900",
   "ETV 1000 Caponord",
   "ETV 1200 Caponord",
   "ETX 125",
   "ETX 350",
   "ETX 600",
   "Mana 850",
   "Moto 6.5",
   "MX 125",
   "MX 50",
   "MXV 4.5",
   "Pegaso 125",
   "Pegaso 600",
   "Pegaso 650",
   "Pegaso 650 Factory",
   "Pegaso 650 Strada",
   "Pegaso 650 Trail",
   "Pegaso Tuscany Tibet",
   "RS 125",
   "RS 250",
   "RS 50",
   "RS4 125",
   "RS4 50",
   "RST 1000 Futura",
   "RSV Mille",
   "RSV1000 R",
   "RSV4",
   "RX 125",
   "RX 250",
   "RX 50",
   "RXV 450",
   "RXV 550",
   "SL 1000 Falco",
   "SL 750 Shiver",
   "SL 900 Shiver",
   "SX 125",
   "SX 50",
   "SXV 450",
   "SXV 550",
   "Tuareg 125",
   "Tuareg 250",
   "Tuareg 50",
   "Tuareg 600",
   "Tuono 1000",
   "Tuono 125",
   "Tuono 50",
   "Tuono V4",
   "TX 125",
   "TX 311M",
   "TXR 312"
  ],
  "Arch Motorcycle": [
   "1s",
   "KRGT-1",
   "Method 143"
  ],
  "Ardie": [
   "RBZ 205/206"
  ],
  "Ariel": [
   "Ace",
   "Arrow",
   "Golden Arrow",
   "Leader",
   "Red Hunter",
   "Square Four"
  ],
  "Arlen Ness": [
   "demo"
  ],
  "ArmadA": [
   "demo"
  ],
  "Asiawing": [
   "demo"
  ],
  "ATK": [
   "demo"
  ],
  "Avantis": [
   "demo"
  ],
  "Azel": [
   "demo"
  ],
  "Bajaj": [
   "demo"
  ],
  "Baltmotors": [
   "demo"
  ],
  "BamX": [
   "demo"
  ],
  "Bars": [
   "demo"
  ],
  "BASHAN": [
   "demo"
  ],
  "Benelli": [
   "demo"
  ]
 }
}