{
 "id": "municipal",
 "name": "Коммунальная",
 "group": "commercial",
 "list": {
  "Aerial": [
   "K17T"
  ],
  "Aichi": [
   "Автовышки"
  ],
  "Aurora": [
   "AS1212",
   "AS1413",
   "SR1623D"
  ],
  "Belos": [
   "TransPro 54"
  ],
  "Bomag": [
   "BC 972RB"
  ],
  "Bomford Turner": [
   "Flailbot"
  ],
  "Boschung": [
   "B4",
   "Jetbroom",
   "S3"
  ],
  "Bucher": [
   "Подметально-вакуумные машины",
   "Снегоуборочные машины"
  ],
  "Ceksan": [
   "Hamarat",
   "VKM"
  ],
  "Cela": [
   "Автовышки"
  ],
  "Cella": [
   "Автовышки"
  ],
  "CO.ME.T Officine": [
   "Eurosky"
  ],
  "Daewoo": [
   "Novus"
  ],
  "DAF": [
   "demo"
  ],
  "Dasan": [
   "demo"
  ],
  "Dinolift": [
   "demo"
  ],
  "Donghae": [
   "demo"
  ],
  "Dulevo": [
   "demo"
  ],
  "Ecopress": [
   "demo"
  ],
  "Etramo": [
   "demo"
  ],
  "Faun": [
   "demo"
  ],
  "Favero": [
   "demo"
  ],
  "FAW": [
   "demo"
  ],
  "Ford": [
   "demo"
  ],
  "Foton": [
   "demo"
  ]
 }
}