{
 "id": "scooters",
 "name": "Скутер",
 "group": "moto",
 "list": {
  "ABM": [
   "Cyclone",
   "Delta",
   "Elite",
   "Favorit",
   "Flash",
   "Gust",
   "Sky",
   "Sprinter",
   "Storm L",
   "Storm SL",
   "Storm YSL",
   "Street Racing",
   "Thunder",
   "Tornado 150",
   "Tornado 50",
   "Tornado S",
   "Volcan 150",
   "Wind",
   "ZX150S",
   "ZX50S"
  ],
  "Aermacchi": [
   "Zeffiro"
  ],
  "AJS": [
   "Digita",
   "Firefox",
   "Insetto",
   "Modena",
   "Sorvio"
  ],
  "Aprilia": [
   "Area 51",
   "Atlantic 125/250",
   "Atlantic 400 Sprint",
   "Atlantic 500",
   "Gulliver",
   "Habana",
   "Leonardo 125/150",
   "Mojito",
   "Rally",
   "Scarabeo 100",
   "Scarabeo 125",
   "Scarabeo 150",
   "Scarabeo 200",
   "Scarabeo 250",
   "Scarabeo 400",
   "Scarabeo 50",
   "Scarabeo 500",
   "Sonic",
   "SportCity 125",
   "SportCity 200",
   "SportCity 250",
   "SportCity 300",
   "SportCity 50",
   "SR 125",
   "SR 50",
   "SR 50 R",
   "SR Max 125",
   "SR Max 300",
   "SR Motard 125",
   "SR Motard 50",
   "SRV 850"
  ],
  "ArmadA": [
   "RT-50"
  ],
  "ASA": [
   "Moped"
  ],
  "Atlant": [
   "125cc",
   "150cc",
   "50cc"
  ],
  "Ayron": [
   "150cc",
   "50cc"
  ],
  "Azel": [
   "Aries",
   "Sweet"
  ],
  "Bajaj": [
   "125 Classic"
  ],
  "Baltmotors": [
   "Biwis 125",
   "E-CHARM 150",
   "E-JEWEL 150",
   "Galactica 125",
   "Galactica 50",
   "Galaxy 125",
   "Hiker 125",
   "Hiker 2.0 Electro",
   "Hiker 50",
   "Joy 50",
   "Maxxy 125",
   "Mint 50",
   "Smile 50",
   "Style 50"
  ],
  "Baotian (UMC)": [
   "BT151T-2B6",
   "BT49QT-11",
   "BT49QT-12",
   "BT49QT-2",
   "BT49QT-20B3",
   "BT49QT-7D",
   "BT49QT-9",
   "BT49QT-9F3"
  ],
  "Benelli": [
   "491",
   "Adiva",
   "Caffe Nero 125",
   "Caffe Nero 150",
   "Caffe Nero 250",
   "Pepe",
   "QattroNove X",
   "Velvet 125",
   "Velvet 150",
   "Velvet 250"
  ],
  "Benzhou": [
   "demo"
  ],
  "Blata": [
   "demo"
  ],
  "BMW": [
   "demo"
  ],
  "Cagiva": [
   "demo"
  ],
  "CFMOTO": [
   "demo"
  ],
  "Corsa": [
   "demo"
  ],
  "CPI": [
   "demo"
  ],
  "Cronus": [
   "demo"
  ],
  "CSR": [
   "demo"
  ],
  "Daelim": [
   "demo"
  ],
  "Defiant": [
   "demo"
  ],
  "Derbi": [
   "demo"
  ]
 }
}