{
 "id": "snowmobile",
 "name": "Снегоход",
 "group": "moto",
 "list": {
  "ABM": [
   "Apache Track",
   "Ladoga",
   "Wind 320"
  ],
  "AD Boivin": [
   "Snow Hawk 800"
  ],
  "Alpina": [
   "Sherpa"
  ],
  "Arctic Cat": [
   "Bearcat",
   "F-Series",
   "M-Series",
   "Pantera",
   "Panther",
   "Sabercat",
   "Sno Pro",
   "T660",
   "TZ1",
   "XF-Series",
   "ZR-Series"
  ],
  "ArmadA": [
   "PD150",
   "PD250",
   "SR150"
  ],
  "ASA": [
   "Snow Scooter 301",
   "Snow Scooter 305"
  ],
  "Baltmotors": [
   "Barboss",
   "SnowDog"
  ],
  "BMW Alpina": [
   "Sherpa",
   "SUPERCLASS Mk2 Xtreme"
  ],
  "BRP": [
   "Lynx 49 Ranger",
   "Lynx 49 Ranger 600",
   "Lynx 49 Ranger 900",
   "Lynx 59 Ranger",
   "Lynx 59 YetI 600",
   "Lynx 69 Alpine",
   "Lynx 69 Ranger",
   "Lynx 6900",
   "Lynx Adventure",
   "Lynx BoonDocker 600",
   "Lynx BoonDocker 800",
   "Lynx BoonDocker 850",
   "Lynx Commander 1200",
   "Lynx Commander 600",
   "Lynx Commander 800",
   "Lynx Commander 900",
   "Lynx Commander Touratech 800",
   "Lynx Explorer",
   "Lynx Forest Fox",
   "Lynx GLX 5900",
   "Lynx Rave",
   "Lynx Safari",
   "Lynx ST",
   "Lynx Xterrain",
   "Lynx Xtrim 550",
   "Lynx Xtrim 600",
   "Lynx Xtrim Commander 600",
   "Lynx Xtrim Commander 800",
   "Lynx Xtrim RE 600",
   "Lynx Xtrim RE 800",
   "Lynx Xtrim RE 850",
   "Lynx Xtrim SC 600",
   "Lynx Xtrim SC 800",
   "Lynx Xtrim SC 900",
   "Lynx Yeti",
   "Lynx Yeti Pro Army",
   "Ski-Doo Backcountry X 800",
   "Ski-Doo Backcountry X 850",
   "Ski-Doo Elite",
   "Ski-Doo Expedition 1000",
   "Ski-Doo Expedition 1300",
   "Ski-Doo Expedition 600",
   "Ski-Doo Expedition 800",
   "Ski-Doo Expedition 900",
   "Ski-Doo Expedition SE 1200",
   "Ski-Doo Expedition Sport 550F",
   "Ski-Doo Expedition Xtreme 850",
   "Ski-Doo Formula",
   "Ski-Doo Freeride",
   "Ski-Doo Freestyle",
   "Ski-Doo Grand Touring 500",
   "Ski-Doo Grand Touring 600",
   "Ski-Doo Grand Touring 700",
   "Ski-Doo Grand Touring 900 ACE",
   "Ski-Doo Grand Touring V-1000",
   "Ski-Doo GSX",
   "Ski-Doo GTX 1200",
   "Ski-Doo GTX 380",
   "Ski-Doo GTX 500",
   "Ski-Doo GTX 550",
   "Ski-Doo GTX 600",
   "Ski-Doo GTX 800",
   "Ski-Doo Legend",
   "Ski-Doo Mach Z",
   "Ski-Doo MXZ Renegade X 1000",
   "Ski-Doo MXZ Renegade X 1200",
   "Ski-Doo MXZ Renegade X 600",
   "Ski-Doo MXZ Renegade X 800",
   "Ski-Doo MXZ Sport 600",
   "Ski-Doo MXZ X-racing 440",
   "Ski-Doo MXZ X-RS 600",
   "Ski-Doo MXZ X-RS 850",
   "Ski-Doo Renegade X-RS 800",
   "Ski-Doo Renegade X-RS 850",
   "Ski-Doo Renegade X-RS 900",
   "Ski-Doo Skandic 500",
   "Ski-Doo Skandic 550",
   "Ski-Doo Skandic 600",
   "Ski-Doo Skandic 900",
   "Ski-Doo Summit 1000",
   "Ski-Doo Summit 500",
   "Ski-Doo Summit 550",
   "Ski-Doo Summit 600",
   "Ski-Doo Summit 700",
   "Ski-Doo Summit 800",
   "Ski-Doo Summit 850",
   "Ski-Doo Summit Burton 800",
   "Ski-Doo Touring",
   "Ski-Doo Tundra 300F",
   "Ski-Doo Tundra 550",
   "Ski-Doo Tundra 600",
   "Ski-Doo Tundra 800"
  ],
  "CFMOTO": [
   "CF250"
  ],
  "Cronus": [
   "CR9V",
   "TT200P"
  ],
  "Fighter": [
   "Snow"
  ],
  "Fishride": [
   "Классика",
   "Классика+",
   "Компакт",
   "Эксклюзив+"
  ],
  "Fun&Tec": [
   "demo"
  ],
  "IRBIS": [
   "demo"
  ],
  "John Deere": [
   "demo"
  ],
  "KOiRA": [
   "demo"
  ],
  "Lebedev Motors": [
   "demo"
  ],
  "Manfred": [
   "demo"
  ],
  "Minsk (Минск)": [
   "demo"
  ],
  "Motoland": [
   "demo"
  ],
  "Paxus": [
   "demo"
  ],
  "Phantom Snowmobiles": [
   "demo"
  ],
  "Polaris": [
   "demo"
  ],
  "Pomor": [
   "demo"
  ]
 }
}