{
 "id": "swap_body",
 "name": "Съемный кузов",
 "group": "commercial",
 "list": {
  "CIMC": [
   "Танк-контейнер"
  ],
  "Fliegl": [
   "Сменный кузов, платформа"
  ],
  "Husmann": [
   "SPB 20 ECN"
  ],
  "Kogel": [
   "Сменный кузов, брезент",
   "Сменный кузов, платформа",
   "Сменный кузов, рефрижератор",
   "Сменный кузов, фургон"
  ],
  "Krone": [
   "Сменный кузов, брезент",
   "Сменный кузов, платформа",
   "Сменный кузов, фургон"
  ],
  "NTTank": [
   "Контейнер-цистерна"
  ],
  "Schmitz Cargobull": [
   "Изотермический контейнер",
   "Сменный кузов, брезент",
   "Сменный кузов, платформа",
   "Сменный кузов, рефрижератор",
   "Сменный кузов, фургон"
  ],
  "Sommer": [
   "Сменный кузов, платформа",
   "Сменный кузов, фургон"
  ],
  "Sonstige": [
   "Закрытый стальной контейнер",
   "Контейнер-цистерна",
   "Сменный кузов, платформа",
   "Сменный кузов, фургон",
   "Спецконтейнер"
  ],
  "Wecon": [
   "Изотермический контейнер",
   "Сменный кузов, платформа"
  ],
  "Авторост": [
   "Бортовая платформа",
   "Самосвальный кузов"
  ],
  "Евроконтейнер": [
   "Спецконтейнер"
  ],
  "Пухто": [
   "20м3",
   "27м3"
  ],
  "Сеспель": [
   "demo"
  ],
  "Центртранстехмаш": [
   "demo"
  ]
 }
}