{
 "id": "trailer",
 "name": "Прицеп",
 "group": "commercial",
 "list": {
  "Abbey": [
   "GTS VOGUE 418"
  ],
  "ABI": [
   "Harmony",
   "Jubilee"
  ],
  "ACE": [
   "Award Brightstar"
  ],
  "Acerbi": [
   "Полуприцеп - битумовоз",
   "Полуприцеп - изотермический",
   "Полуприцеп - контейнеровоз",
   "Полуприцеп - самосвал",
   "Полуприцеп - тентованный",
   "Полуприцеп - цистерна"
  ],
  "Ackermann": [
   "Freuhauf",
   "Tandemanhang"
  ],
  "ACTM": [
   "Тралы низкорамные"
  ],
  "Adige": [
   "36SVA"
  ],
  "ADR Trailers": [
   "Тяжеловозы",
   "Цементовозы"
  ],
  "Adria": [
   "Action",
   "Adora",
   "Altea",
   "Forma",
   "Maxima",
   "Optima",
   "Unica"
  ],
  "Agados": [
   "Dona"
  ],
  "AirStar": [
   "Фудтрак"
  ],
  "Airstream": [
   "Trade Wind"
  ],
  "Aksoylu": [
   "XXL"
  ],
  "Alfa": [
   "demo"
  ],
  "Ali Riza Usta": [
   "demo"
  ],
  "Alim": [
   "demo"
  ],
  "Alka": [
   "demo"
  ],
  "Alkan Karoser": [
   "demo"
  ],
  "Alkom": [
   "demo"
  ],
  "Alloy": [
   "demo"
  ],
  "Altin Trailer": [
   "demo"
  ],
  "Alur": [
   "demo"
  ],
  "AMS-NN": [
   "demo"
  ],
  "Andover": [
   "demo"
  ],
  "ANNABURGER": [
   "demo"
  ]
 }
}