{
 "id": "truck",
 "name": "Грузовик",
 "group": "commercial",
 "list": {
  "Altkam": [
   "5443",
   "6491",
   "6550"
  ],
  "ASHOK LEYLAND": [
   "BOSS",
   "Partner"
  ],
  "ASTRA": [
   "HD7 Serie",
   "HD8 Serie",
   "HD9 Serie"
  ],
  "Avia": [
   "A21",
   "A31",
   "A60",
   "A65",
   "A75",
   "A80",
   "AD100",
   "D - Series"
  ],
  "BAW": [
   "Fenix"
  ],
  "Bedford": [
   "TK"
  ],
  "Beiben (North Benz)": [
   "ND3250"
  ],
  "BMC": [
   "Fatih",
   "Pro-518",
   "Pro-617",
   "Pro-620",
   "Pro-622",
   "Pro-625",
   "Pro-628",
   "Pro-822",
   "Pro-827",
   "Pro-832",
   "Pro-935"
  ],
  "Bucher": [
   "Duro",
   "LTV"
  ],
  "C&C Trucks": [
   "N332"
  ],
  "CAMC": [
   "HN 3250",
   "HN 3310"
  ],
  "Changan": [
   "SC1030/1040"
  ],
  "Chevrolet": [
   "Kodiak",
   "T-Series",
   "W-Series"
  ],
  "Daewoo": [
   "demo"
  ],
  "DAF": [
   "demo"
  ],
  "Daihatsu": [
   "demo"
  ],
  "Dayun": [
   "demo"
  ],
  "Dodge": [
   "demo"
  ],
  "DongFeng": [
   "demo"
  ],
  "FAW": [
   "demo"
  ],
  "Ford": [
   "demo"
  ],
  "Foton": [
   "demo"
  ],
  "Freightliner": [
   "demo"
  ],
  "Fuso (Mitsubishi)": [
   "demo"
  ],
  "Ginaf": [
   "demo"
  ]
 }
}